{
    "target_weights": {
        "GALA_USDT": 0.35715,
        "GALA5L_USDT": 0.237139,
        "GALA5S_USDT": 0.405711
    }
}