2025-10-25 00:55:10,101 [INFO] Logging to: output\alpha\logs\rl_binance_futures_trading_date_20251025_time_005510.log
2025-10-25 00:55:10,103 [INFO] Random seed set to 25
2025-10-25 00:55:10,104 [INFO] Loading dataset 'Train' from data/train_data_fair.npz
2025-10-25 00:55:10,231 [INFO] Loaded 374 sequences from data/train_data_fair.npz
2025-10-25 00:55:10,232 [INFO] Dataset 'Train' period: from 2024-12-01 to 2025-02-28
2025-10-25 00:55:10,817 [INFO] Saved example plot: Train_example_1_LISTAUSDT_2025-02-02 22:40.png
2025-10-25 00:55:10,817 [INFO] Loading dataset 'Val' from data/val_data_fair.npz
2025-10-25 00:55:10,873 [INFO] Loaded 126 sequences from data/val_data_fair.npz
2025-10-25 00:55:10,873 [INFO] Dataset 'Val' period: from 2025-03-01 to 2025-03-31
2025-10-25 00:55:11,353 [INFO] Saved example plot: Val_example_1_AUCTIONUSDT_2025-03-22 22:35.png
2025-10-25 00:55:11,353 [INFO] Loading dataset 'Test' from data/test_data_fair.npz
2025-10-25 00:55:11,411 [INFO] Loaded 154 sequences from data/test_data_fair.npz
2025-10-25 00:55:11,411 [INFO] Dataset 'Test' period: from 2025-04-01 to 2025-04-30
2025-10-25 00:55:11,893 [INFO] Saved example plot: Test_example_1_KAVAUSDT_2025-04-01 10:32.png
2025-10-25 00:55:12,207 [INFO] Data sizes: train=374, val=126, test=154
2025-10-25 00:55:12,265 [INFO] Normalization statistics computed
2025-10-25 00:55:12,270 [INFO] Vectorized train env: DummyVecEnv x4
2025-10-25 00:55:12,279 [INFO] Initialized DuelingQNetwork: input=(7, 29, 1), actions=4
2025-10-25 00:55:12,362 [INFO] Initialized DuelingQNetwork: input=(7, 29, 1), actions=4
2025-10-25 00:55:12,364 [INFO] Policy Net with 254.4K parameters created in Agent
2025-10-25 00:55:12,364 [INFO] Target Net with 254.4K parameters created in Agent
2025-10-25 00:55:14,008 [INFO] Initialized PER buffer with capacity=230000, alpha=0.6
2025-10-25 00:55:14,008 [INFO] D3QN_PER_Agent initialized.
2025-10-25 00:55:33,790 [INFO] --- Starting Evaluation: Validation, episodes=126 ---
2025-10-25 00:55:33,790 [INFO] --- Validation episode 1/126 ---
2025-10-25 00:55:33,850 [INFO] --- Validation episode 2/126 ---
2025-10-25 00:55:33,871 [INFO] --- Validation episode 3/126 ---
2025-10-25 00:55:33,893 [INFO] --- Validation episode 4/126 ---
2025-10-25 00:55:33,915 [INFO] --- Validation episode 5/126 ---
2025-10-25 00:55:33,939 [INFO] --- Validation episode 6/126 ---
2025-10-25 00:55:33,961 [INFO] --- Validation episode 7/126 ---
2025-10-25 00:55:33,984 [INFO] --- Validation episode 8/126 ---
2025-10-25 00:55:34,005 [INFO] --- Validation episode 9/126 ---
2025-10-25 00:55:34,026 [INFO] --- Validation episode 10/126 ---
2025-10-25 00:55:34,051 [INFO] --- Validation episode 11/126 ---
2025-10-25 00:55:34,072 [INFO] --- Validation episode 12/126 ---
2025-10-25 00:55:34,094 [INFO] --- Validation episode 13/126 ---
2025-10-25 00:55:34,117 [INFO] --- Validation episode 14/126 ---
2025-10-25 00:55:34,140 [INFO] --- Validation episode 15/126 ---
2025-10-25 00:55:34,164 [INFO] --- Validation episode 16/126 ---
2025-10-25 00:55:34,187 [INFO] --- Validation episode 17/126 ---
2025-10-25 00:55:34,208 [INFO] --- Validation episode 18/126 ---
2025-10-25 00:55:34,230 [INFO] --- Validation episode 19/126 ---
2025-10-25 00:55:34,253 [INFO] --- Validation episode 20/126 ---
2025-10-25 00:55:34,275 [INFO] --- Validation episode 21/126 ---
2025-10-25 00:55:34,299 [INFO] --- Validation episode 22/126 ---
2025-10-25 00:55:34,320 [INFO] --- Validation episode 23/126 ---
2025-10-25 00:55:34,342 [INFO] --- Validation episode 24/126 ---
2025-10-25 00:55:34,363 [INFO] --- Validation episode 25/126 ---
2025-10-25 00:55:34,387 [INFO] --- Validation episode 26/126 ---
2025-10-25 00:55:34,410 [INFO] --- Validation episode 27/126 ---
2025-10-25 00:55:34,432 [INFO] --- Validation episode 28/126 ---
2025-10-25 00:55:34,453 [INFO] --- Validation episode 29/126 ---
2025-10-25 00:55:34,485 [INFO] --- Validation episode 30/126 ---
2025-10-25 00:55:34,517 [INFO] --- Validation episode 31/126 ---
2025-10-25 00:55:34,547 [INFO] --- Validation episode 32/126 ---
2025-10-25 00:55:34,577 [INFO] --- Validation episode 33/126 ---
2025-10-25 00:55:34,608 [INFO] --- Validation episode 34/126 ---
2025-10-25 00:55:34,640 [INFO] --- Validation episode 35/126 ---
2025-10-25 00:55:34,672 [INFO] --- Validation episode 36/126 ---
2025-10-25 00:55:34,695 [INFO] --- Validation episode 37/126 ---
2025-10-25 00:55:34,717 [INFO] --- Validation episode 38/126 ---
2025-10-25 00:55:34,739 [INFO] --- Validation episode 39/126 ---
2025-10-25 00:55:34,762 [INFO] --- Validation episode 40/126 ---
2025-10-25 00:55:34,786 [INFO] --- Validation episode 41/126 ---
2025-10-25 00:55:34,809 [INFO] --- Validation episode 42/126 ---
2025-10-25 00:55:34,830 [INFO] --- Validation episode 43/126 ---
2025-10-25 00:55:34,852 [INFO] --- Validation episode 44/126 ---
2025-10-25 00:55:34,875 [INFO] --- Validation episode 45/126 ---
2025-10-25 00:55:34,898 [INFO] --- Validation episode 46/126 ---
2025-10-25 00:55:34,920 [INFO] --- Validation episode 47/126 ---
2025-10-25 00:55:34,941 [INFO] --- Validation episode 48/126 ---
2025-10-25 00:55:34,963 [INFO] --- Validation episode 49/126 ---
2025-10-25 00:55:34,986 [INFO] --- Validation episode 50/126 ---
2025-10-25 00:55:35,008 [INFO] --- Validation episode 51/126 ---
2025-10-25 00:55:35,031 [INFO] --- Validation episode 52/126 ---
2025-10-25 00:55:35,052 [INFO] --- Validation episode 53/126 ---
2025-10-25 00:55:35,074 [INFO] --- Validation episode 54/126 ---
2025-10-25 00:55:35,095 [INFO] --- Validation episode 55/126 ---
2025-10-25 00:55:35,119 [INFO] --- Validation episode 56/126 ---
2025-10-25 00:55:35,141 [INFO] --- Validation episode 57/126 ---
2025-10-25 00:55:35,163 [INFO] --- Validation episode 58/126 ---
2025-10-25 00:55:35,184 [INFO] --- Validation episode 59/126 ---
2025-10-25 00:55:35,207 [INFO] --- Validation episode 60/126 ---
2025-10-25 00:55:35,230 [INFO] --- Validation episode 61/126 ---
2025-10-25 00:55:35,253 [INFO] --- Validation episode 62/126 ---
2025-10-25 00:55:35,274 [INFO] --- Validation episode 63/126 ---
2025-10-25 00:55:35,296 [INFO] --- Validation episode 64/126 ---
2025-10-25 00:55:35,318 [INFO] --- Validation episode 65/126 ---
2025-10-25 00:55:35,341 [INFO] --- Validation episode 66/126 ---
2025-10-25 00:55:35,363 [INFO] --- Validation episode 67/126 ---
2025-10-25 00:55:35,385 [INFO] --- Validation episode 68/126 ---
2025-10-25 00:55:35,406 [INFO] --- Validation episode 69/126 ---
2025-10-25 00:55:35,429 [INFO] --- Validation episode 70/126 ---
2025-10-25 00:55:35,452 [INFO] --- Validation episode 71/126 ---
2025-10-25 00:55:35,474 [INFO] --- Validation episode 72/126 ---
2025-10-25 00:55:35,496 [INFO] --- Validation episode 73/126 ---
2025-10-25 00:55:35,517 [INFO] --- Validation episode 74/126 ---
2025-10-25 00:55:35,539 [INFO] --- Validation episode 75/126 ---
2025-10-25 00:55:35,561 [INFO] --- Validation episode 76/126 ---
2025-10-25 00:55:35,586 [INFO] --- Validation episode 77/126 ---
2025-10-25 00:55:35,607 [INFO] --- Validation episode 78/126 ---
2025-10-25 00:55:35,629 [INFO] --- Validation episode 79/126 ---
2025-10-25 00:55:35,652 [INFO] --- Validation episode 80/126 ---
2025-10-25 00:55:35,676 [INFO] --- Validation episode 81/126 ---
2025-10-25 00:55:35,698 [INFO] --- Validation episode 82/126 ---
2025-10-25 00:55:35,719 [INFO] --- Validation episode 83/126 ---
2025-10-25 00:55:35,740 [INFO] --- Validation episode 84/126 ---
2025-10-25 00:55:35,762 [INFO] --- Validation episode 85/126 ---
2025-10-25 00:55:35,786 [INFO] --- Validation episode 86/126 ---
2025-10-25 00:55:35,809 [INFO] --- Validation episode 87/126 ---
2025-10-25 00:55:35,831 [INFO] --- Validation episode 88/126 ---
2025-10-25 00:55:35,853 [INFO] --- Validation episode 89/126 ---
2025-10-25 00:55:35,876 [INFO] --- Validation episode 90/126 ---
2025-10-25 00:55:35,899 [INFO] --- Validation episode 91/126 ---
2025-10-25 00:55:35,922 [INFO] --- Validation episode 92/126 ---
2025-10-25 00:55:35,943 [INFO] --- Validation episode 93/126 ---
2025-10-25 00:55:35,965 [INFO] --- Validation episode 94/126 ---
2025-10-25 00:55:35,988 [INFO] --- Validation episode 95/126 ---
2025-10-25 00:55:36,010 [INFO] --- Validation episode 96/126 ---
2025-10-25 00:55:36,034 [INFO] --- Validation episode 97/126 ---
2025-10-25 00:55:36,056 [INFO] --- Validation episode 98/126 ---
2025-10-25 00:55:36,077 [INFO] --- Validation episode 99/126 ---
2025-10-25 00:55:36,099 [INFO] --- Validation episode 100/126 ---
2025-10-25 00:55:36,122 [INFO] --- Validation episode 101/126 ---
2025-10-25 00:55:36,146 [INFO] --- Validation episode 102/126 ---
2025-10-25 00:55:36,169 [INFO] --- Validation episode 103/126 ---
2025-10-25 00:55:36,191 [INFO] --- Validation episode 104/126 ---
2025-10-25 00:55:36,213 [INFO] --- Validation episode 105/126 ---
2025-10-25 00:55:36,237 [INFO] --- Validation episode 106/126 ---
2025-10-25 00:55:36,261 [INFO] --- Validation episode 107/126 ---
2025-10-25 00:55:36,282 [INFO] --- Validation episode 108/126 ---
2025-10-25 00:55:36,304 [INFO] --- Validation episode 109/126 ---
2025-10-25 00:55:36,327 [INFO] --- Validation episode 110/126 ---
2025-10-25 00:55:36,351 [INFO] --- Validation episode 111/126 ---
2025-10-25 00:55:36,374 [INFO] --- Validation episode 112/126 ---
2025-10-25 00:55:36,395 [INFO] --- Validation episode 113/126 ---
2025-10-25 00:55:36,417 [INFO] --- Validation episode 114/126 ---
2025-10-25 00:55:36,439 [INFO] --- Validation episode 115/126 ---
2025-10-25 00:55:36,462 [INFO] --- Validation episode 116/126 ---
2025-10-25 00:55:36,486 [INFO] --- Validation episode 117/126 ---
2025-10-25 00:55:36,508 [INFO] --- Validation episode 118/126 ---
2025-10-25 00:55:36,529 [INFO] --- Validation episode 119/126 ---
2025-10-25 00:55:36,552 [INFO] --- Validation episode 120/126 ---
2025-10-25 00:55:36,575 [INFO] --- Validation episode 121/126 ---
2025-10-25 00:55:36,597 [INFO] --- Validation episode 122/126 ---
2025-10-25 00:55:36,619 [INFO] --- Validation episode 123/126 ---
2025-10-25 00:55:36,641 [INFO] --- Validation episode 124/126 ---
2025-10-25 00:55:36,665 [INFO] --- Validation episode 125/126 ---
2025-10-25 00:55:36,689 [INFO] --- Validation episode 126/126 ---
2025-10-25 00:55:36,712 [INFO] --- Ep_1000 Validation Results: mean_reward=-0.00248, Mean PnL: -15.48, Win rate: 48.88% ---
2025-10-25 00:55:36,712 [INFO] --- Finished Evaluation: Validation ---
2025-10-25 00:55:36,739 [INFO] Checkpoint saved to output\alpha\saved_models\rl_binance_futures_trading_date_20251025_time_005510\best.pth (policy+target+optimizer+scaler+meta).
2025-10-25 00:55:36,740 [INFO] New Best model by Validation_mean_pnl = -15.48. Episode = 1000: output\alpha\saved_models\rl_binance_futures_trading_date_20251025_time_005510\best.pth
2025-10-25 00:55:59,123 [INFO] --- Starting Evaluation: Validation, episodes=126 ---
2025-10-25 00:55:59,123 [INFO] --- Validation episode 1/126 ---
2025-10-25 00:55:59,157 [INFO] --- Validation episode 2/126 ---
2025-10-25 00:55:59,190 [INFO] --- Validation episode 3/126 ---
2025-10-25 00:55:59,220 [INFO] --- Validation episode 4/126 ---
2025-10-25 00:55:59,250 [INFO] --- Validation episode 5/126 ---
2025-10-25 00:55:59,281 [INFO] --- Validation episode 6/126 ---
2025-10-25 00:55:59,314 [INFO] --- Validation episode 7/126 ---
2025-10-25 00:55:59,346 [INFO] --- Validation episode 8/126 ---
2025-10-25 00:55:59,376 [INFO] --- Validation episode 9/126 ---
2025-10-25 00:55:59,400 [INFO] --- Validation episode 10/126 ---
2025-10-25 00:55:59,424 [INFO] --- Validation episode 11/126 ---
2025-10-25 00:55:59,446 [INFO] --- Validation episode 12/126 ---
2025-10-25 00:55:59,467 [INFO] --- Validation episode 13/126 ---
2025-10-25 00:55:59,489 [INFO] --- Validation episode 14/126 ---
2025-10-25 00:55:59,521 [INFO] --- Validation episode 15/126 ---
2025-10-25 00:55:59,554 [INFO] --- Validation episode 16/126 ---
2025-10-25 00:55:59,585 [INFO] --- Validation episode 17/126 ---
2025-10-25 00:55:59,616 [INFO] --- Validation episode 18/126 ---
2025-10-25 00:55:59,639 [INFO] --- Validation episode 19/126 ---
2025-10-25 00:55:59,661 [INFO] --- Validation episode 20/126 ---
2025-10-25 00:55:59,685 [INFO] --- Validation episode 21/126 ---
2025-10-25 00:55:59,706 [INFO] --- Validation episode 22/126 ---
2025-10-25 00:55:59,729 [INFO] --- Validation episode 23/126 ---
2025-10-25 00:55:59,761 [INFO] --- Validation episode 24/126 ---
2025-10-25 00:55:59,793 [INFO] --- Validation episode 25/126 ---
2025-10-25 00:55:59,823 [INFO] --- Validation episode 26/126 ---
2025-10-25 00:55:59,854 [INFO] --- Validation episode 27/126 ---
2025-10-25 00:55:59,885 [INFO] --- Validation episode 28/126 ---
2025-10-25 00:55:59,919 [INFO] --- Validation episode 29/126 ---
2025-10-25 00:55:59,949 [INFO] --- Validation episode 30/126 ---
2025-10-25 00:55:59,979 [INFO] --- Validation episode 31/126 ---
2025-10-25 00:56:00,001 [INFO] --- Validation episode 32/126 ---
2025-10-25 00:56:00,026 [INFO] --- Validation episode 33/126 ---
2025-10-25 00:56:00,050 [INFO] --- Validation episode 34/126 ---
2025-10-25 00:56:00,072 [INFO] --- Validation episode 35/126 ---
2025-10-25 00:56:00,094 [INFO] --- Validation episode 36/126 ---
2025-10-25 00:56:00,116 [INFO] --- Validation episode 37/126 ---
2025-10-25 00:56:00,139 [INFO] --- Validation episode 38/126 ---
2025-10-25 00:56:00,163 [INFO] --- Validation episode 39/126 ---
2025-10-25 00:56:00,186 [INFO] --- Validation episode 40/126 ---
2025-10-25 00:56:00,209 [INFO] --- Validation episode 41/126 ---
2025-10-25 00:56:00,231 [INFO] --- Validation episode 42/126 ---
2025-10-25 00:56:00,255 [INFO] --- Validation episode 43/126 ---
2025-10-25 00:56:00,277 [INFO] --- Validation episode 44/126 ---
2025-10-25 00:56:00,301 [INFO] --- Validation episode 45/126 ---
2025-10-25 00:56:00,323 [INFO] --- Validation episode 46/126 ---
2025-10-25 00:56:00,347 [INFO] --- Validation episode 47/126 ---
2025-10-25 00:56:00,370 [INFO] --- Validation episode 48/126 ---
2025-10-25 00:56:00,393 [INFO] --- Validation episode 49/126 ---
2025-10-25 00:56:00,414 [INFO] --- Validation episode 50/126 ---
2025-10-25 00:56:00,436 [INFO] --- Validation episode 51/126 ---
2025-10-25 00:56:00,459 [INFO] --- Validation episode 52/126 ---
2025-10-25 00:56:00,482 [INFO] --- Validation episode 53/126 ---
2025-10-25 00:56:00,503 [INFO] --- Validation episode 54/126 ---
2025-10-25 00:56:00,524 [INFO] --- Validation episode 55/126 ---
2025-10-25 00:56:00,546 [INFO] --- Validation episode 56/126 ---
2025-10-25 00:56:00,567 [INFO] --- Validation episode 57/126 ---
2025-10-25 00:56:00,592 [INFO] --- Validation episode 58/126 ---
2025-10-25 00:56:00,616 [INFO] --- Validation episode 59/126 ---
2025-10-25 00:56:00,638 [INFO] --- Validation episode 60/126 ---
2025-10-25 00:56:00,661 [INFO] --- Validation episode 61/126 ---
2025-10-25 00:56:00,682 [INFO] --- Validation episode 62/126 ---
2025-10-25 00:56:00,708 [INFO] --- Validation episode 63/126 ---
2025-10-25 00:56:00,735 [INFO] --- Validation episode 64/126 ---
2025-10-25 00:56:00,760 [INFO] --- Validation episode 65/126 ---
2025-10-25 00:56:00,786 [INFO] --- Validation episode 66/126 ---
2025-10-25 00:56:00,818 [INFO] --- Validation episode 67/126 ---
2025-10-25 00:56:00,850 [INFO] --- Validation episode 68/126 ---
2025-10-25 00:56:00,880 [INFO] --- Validation episode 69/126 ---
2025-10-25 00:56:00,910 [INFO] --- Validation episode 70/126 ---
2025-10-25 00:56:00,940 [INFO] --- Validation episode 71/126 ---
2025-10-25 00:56:00,964 [INFO] --- Validation episode 72/126 ---
2025-10-25 00:56:00,987 [INFO] --- Validation episode 73/126 ---
2025-10-25 00:56:01,010 [INFO] --- Validation episode 74/126 ---
2025-10-25 00:56:01,031 [INFO] --- Validation episode 75/126 ---
2025-10-25 00:56:01,053 [INFO] --- Validation episode 76/126 ---
2025-10-25 00:56:01,086 [INFO] --- Validation episode 77/126 ---
2025-10-25 00:56:01,118 [INFO] --- Validation episode 78/126 ---
2025-10-25 00:56:01,148 [INFO] --- Validation episode 79/126 ---
2025-10-25 00:56:01,178 [INFO] --- Validation episode 80/126 ---
2025-10-25 00:56:01,209 [INFO] --- Validation episode 81/126 ---
2025-10-25 00:56:01,240 [INFO] --- Validation episode 82/126 ---
2025-10-25 00:56:01,273 [INFO] --- Validation episode 83/126 ---
2025-10-25 00:56:01,303 [INFO] --- Validation episode 84/126 ---
2025-10-25 00:56:01,334 [INFO] --- Validation episode 85/126 ---
2025-10-25 00:56:01,359 [INFO] --- Validation episode 86/126 ---
2025-10-25 00:56:01,392 [INFO] --- Validation episode 87/126 ---
2025-10-25 00:56:01,423 [INFO] --- Validation episode 88/126 ---
2025-10-25 00:56:01,452 [INFO] --- Validation episode 89/126 ---
2025-10-25 00:56:01,478 [INFO] --- Validation episode 90/126 ---
2025-10-25 00:56:01,512 [INFO] --- Validation episode 91/126 ---
2025-10-25 00:56:01,543 [INFO] --- Validation episode 92/126 ---
2025-10-25 00:56:01,573 [INFO] --- Validation episode 93/126 ---
2025-10-25 00:56:01,602 [INFO] --- Validation episode 94/126 ---
2025-10-25 00:56:01,634 [INFO] --- Validation episode 95/126 ---
2025-10-25 00:56:01,665 [INFO] --- Validation episode 96/126 ---
2025-10-25 00:56:01,695 [INFO] --- Validation episode 97/126 ---
2025-10-25 00:56:01,722 [INFO] --- Validation episode 98/126 ---
2025-10-25 00:56:01,744 [INFO] --- Validation episode 99/126 ---
2025-10-25 00:56:01,767 [INFO] --- Validation episode 100/126 ---
2025-10-25 00:56:01,788 [INFO] --- Validation episode 101/126 ---
2025-10-25 00:56:01,810 [INFO] --- Validation episode 102/126 ---
2025-10-25 00:56:01,840 [INFO] --- Validation episode 103/126 ---
2025-10-25 00:56:01,873 [INFO] --- Validation episode 104/126 ---
2025-10-25 00:56:01,903 [INFO] --- Validation episode 105/126 ---
2025-10-25 00:56:01,934 [INFO] --- Validation episode 106/126 ---
2025-10-25 00:56:01,959 [INFO] --- Validation episode 107/126 ---
2025-10-25 00:56:01,992 [INFO] --- Validation episode 108/126 ---
2025-10-25 00:56:02,024 [INFO] --- Validation episode 109/126 ---
2025-10-25 00:56:02,055 [INFO] --- Validation episode 110/126 ---
2025-10-25 00:56:02,083 [INFO] --- Validation episode 111/126 ---
2025-10-25 00:56:02,116 [INFO] --- Validation episode 112/126 ---
2025-10-25 00:56:02,148 [INFO] --- Validation episode 113/126 ---
2025-10-25 00:56:02,179 [INFO] --- Validation episode 114/126 ---
2025-10-25 00:56:02,209 [INFO] --- Validation episode 115/126 ---
2025-10-25 00:56:02,242 [INFO] --- Validation episode 116/126 ---
2025-10-25 00:56:02,272 [INFO] --- Validation episode 117/126 ---
2025-10-25 00:56:02,303 [INFO] --- Validation episode 118/126 ---
2025-10-25 00:56:02,329 [INFO] --- Validation episode 119/126 ---
2025-10-25 00:56:02,362 [INFO] --- Validation episode 120/126 ---
2025-10-25 00:56:02,393 [INFO] --- Validation episode 121/126 ---
2025-10-25 00:56:02,424 [INFO] --- Validation episode 122/126 ---
2025-10-25 00:56:02,447 [INFO] --- Validation episode 123/126 ---
2025-10-25 00:56:02,469 [INFO] --- Validation episode 124/126 ---
2025-10-25 00:56:02,492 [INFO] --- Validation episode 125/126 ---
2025-10-25 00:56:02,513 [INFO] --- Validation episode 126/126 ---
2025-10-25 00:56:02,535 [INFO] --- Ep_2000 Validation Results: mean_reward=-0.00227, Mean PnL: -13.35, Win rate: 47.62% ---
2025-10-25 00:56:02,535 [INFO] --- Finished Evaluation: Validation ---
2025-10-25 00:56:02,560 [INFO] Checkpoint saved to output\alpha\saved_models\rl_binance_futures_trading_date_20251025_time_005510\best.pth (policy+target+optimizer+scaler+meta).
2025-10-25 00:56:02,560 [INFO] New Best model by Validation_mean_pnl = -13.35. Episode = 2000: output\alpha\saved_models\rl_binance_futures_trading_date_20251025_time_005510\best.pth
2025-10-25 00:56:24,899 [INFO] --- Starting Evaluation: Validation, episodes=126 ---
2025-10-25 00:56:24,900 [INFO] --- Validation episode 1/126 ---
2025-10-25 00:56:24,923 [INFO] --- Validation episode 2/126 ---
2025-10-25 00:56:24,946 [INFO] --- Validation episode 3/126 ---
2025-10-25 00:56:24,969 [INFO] --- Validation episode 4/126 ---
2025-10-25 00:56:24,991 [INFO] --- Validation episode 5/126 ---
2025-10-25 00:56:25,013 [INFO] --- Validation episode 6/126 ---
2025-10-25 00:56:25,035 [INFO] --- Validation episode 7/126 ---
2025-10-25 00:56:25,059 [INFO] --- Validation episode 8/126 ---
2025-10-25 00:56:25,082 [INFO] --- Validation episode 9/126 ---
2025-10-25 00:56:25,103 [INFO] --- Validation episode 10/126 ---
2025-10-25 00:56:25,125 [INFO] --- Validation episode 11/126 ---
2025-10-25 00:56:25,158 [INFO] --- Validation episode 12/126 ---
2025-10-25 00:56:25,190 [INFO] --- Validation episode 13/126 ---
2025-10-25 00:56:25,220 [INFO] --- Validation episode 14/126 ---
2025-10-25 00:56:25,249 [INFO] --- Validation episode 15/126 ---
2025-10-25 00:56:25,280 [INFO] --- Validation episode 16/126 ---
2025-10-25 00:56:25,302 [INFO] --- Validation episode 17/126 ---
2025-10-25 00:56:25,326 [INFO] --- Validation episode 18/126 ---
2025-10-25 00:56:25,348 [INFO] --- Validation episode 19/126 ---
2025-10-25 00:56:25,371 [INFO] --- Validation episode 20/126 ---
2025-10-25 00:56:25,393 [INFO] --- Validation episode 21/126 ---
2025-10-25 00:56:25,416 [INFO] --- Validation episode 22/126 ---
2025-10-25 00:56:25,439 [INFO] --- Validation episode 23/126 ---
2025-10-25 00:56:25,463 [INFO] --- Validation episode 24/126 ---
2025-10-25 00:56:25,484 [INFO] --- Validation episode 25/126 ---
2025-10-25 00:56:25,506 [INFO] --- Validation episode 26/126 ---
2025-10-25 00:56:25,539 [INFO] --- Validation episode 27/126 ---
2025-10-25 00:56:25,570 [INFO] --- Validation episode 28/126 ---
2025-10-25 00:56:25,601 [INFO] --- Validation episode 29/126 ---
2025-10-25 00:56:25,632 [INFO] --- Validation episode 30/126 ---
2025-10-25 00:56:25,662 [INFO] --- Validation episode 31/126 ---
2025-10-25 00:56:25,684 [INFO] --- Validation episode 32/126 ---
2025-10-25 00:56:25,707 [INFO] --- Validation episode 33/126 ---
2025-10-25 00:56:25,730 [INFO] --- Validation episode 34/126 ---
2025-10-25 00:56:25,754 [INFO] --- Validation episode 35/126 ---
2025-10-25 00:56:25,776 [INFO] --- Validation episode 36/126 ---
2025-10-25 00:56:25,799 [INFO] --- Validation episode 37/126 ---
2025-10-25 00:56:25,822 [INFO] --- Validation episode 38/126 ---
2025-10-25 00:56:25,843 [INFO] --- Validation episode 39/126 ---
2025-10-25 00:56:25,863 [INFO] --- Validation episode 40/126 ---
2025-10-25 00:56:25,884 [INFO] --- Validation episode 41/126 ---
2025-10-25 00:56:25,908 [INFO] --- Validation episode 42/126 ---
2025-10-25 00:56:25,941 [INFO] --- Validation episode 43/126 ---
2025-10-25 00:56:25,971 [INFO] --- Validation episode 44/126 ---
2025-10-25 00:56:26,001 [INFO] --- Validation episode 45/126 ---
2025-10-25 00:56:26,032 [INFO] --- Validation episode 46/126 ---
2025-10-25 00:56:26,056 [INFO] --- Validation episode 47/126 ---
2025-10-25 00:56:26,087 [INFO] --- Validation episode 48/126 ---
2025-10-25 00:56:26,111 [INFO] --- Validation episode 49/126 ---
2025-10-25 00:56:26,133 [INFO] --- Validation episode 50/126 ---
2025-10-25 00:56:26,165 [INFO] --- Validation episode 51/126 ---
2025-10-25 00:56:26,197 [INFO] --- Validation episode 52/126 ---
2025-10-25 00:56:26,227 [INFO] --- Validation episode 53/126 ---
2025-10-25 00:56:26,258 [INFO] --- Validation episode 54/126 ---
2025-10-25 00:56:26,280 [INFO] --- Validation episode 55/126 ---
2025-10-25 00:56:26,303 [INFO] --- Validation episode 56/126 ---
2025-10-25 00:56:26,327 [INFO] --- Validation episode 57/126 ---
2025-10-25 00:56:26,348 [INFO] --- Validation episode 58/126 ---
2025-10-25 00:56:26,370 [INFO] --- Validation episode 59/126 ---
2025-10-25 00:56:26,392 [INFO] --- Validation episode 60/126 ---
2025-10-25 00:56:26,415 [INFO] --- Validation episode 61/126 ---
2025-10-25 00:56:26,439 [INFO] --- Validation episode 62/126 ---
2025-10-25 00:56:26,461 [INFO] --- Validation episode 63/126 ---
2025-10-25 00:56:26,483 [INFO] --- Validation episode 64/126 ---
2025-10-25 00:56:26,515 [INFO] --- Validation episode 65/126 ---
2025-10-25 00:56:26,548 [INFO] --- Validation episode 66/126 ---
2025-10-25 00:56:26,578 [INFO] --- Validation episode 67/126 ---
2025-10-25 00:56:26,608 [INFO] --- Validation episode 68/126 ---
2025-10-25 00:56:26,639 [INFO] --- Validation episode 69/126 ---
2025-10-25 00:56:26,671 [INFO] --- Validation episode 70/126 ---
2025-10-25 00:56:26,704 [INFO] --- Validation episode 71/126 ---
2025-10-25 00:56:26,734 [INFO] --- Validation episode 72/126 ---
2025-10-25 00:56:26,767 [INFO] --- Validation episode 73/126 ---
2025-10-25 00:56:26,789 [INFO] --- Validation episode 74/126 ---
2025-10-25 00:56:26,811 [INFO] --- Validation episode 75/126 ---
2025-10-25 00:56:26,833 [INFO] --- Validation episode 76/126 ---
2025-10-25 00:56:26,857 [INFO] --- Validation episode 77/126 ---
2025-10-25 00:56:26,879 [INFO] --- Validation episode 78/126 ---
2025-10-25 00:56:26,902 [INFO] --- Validation episode 79/126 ---
2025-10-25 00:56:26,925 [INFO] --- Validation episode 80/126 ---
2025-10-25 00:56:26,947 [INFO] --- Validation episode 81/126 ---
2025-10-25 00:56:26,968 [INFO] --- Validation episode 82/126 ---
2025-10-25 00:56:26,990 [INFO] --- Validation episode 83/126 ---
2025-10-25 00:56:27,016 [INFO] --- Validation episode 84/126 ---
2025-10-25 00:56:27,049 [INFO] --- Validation episode 85/126 ---
2025-10-25 00:56:27,084 [INFO] --- Validation episode 86/126 ---
2025-10-25 00:56:27,109 [INFO] --- Validation episode 87/126 ---
2025-10-25 00:56:27,134 [INFO] --- Validation episode 88/126 ---
2025-10-25 00:56:27,168 [INFO] --- Validation episode 89/126 ---
2025-10-25 00:56:27,203 [INFO] --- Validation episode 90/126 ---
2025-10-25 00:56:27,237 [INFO] --- Validation episode 91/126 ---
2025-10-25 00:56:27,271 [INFO] --- Validation episode 92/126 ---
2025-10-25 00:56:27,295 [INFO] --- Validation episode 93/126 ---
2025-10-25 00:56:27,320 [INFO] --- Validation episode 94/126 ---
2025-10-25 00:56:27,345 [INFO] --- Validation episode 95/126 ---
2025-10-25 00:56:27,368 [INFO] --- Validation episode 96/126 ---
2025-10-25 00:56:27,391 [INFO] --- Validation episode 97/126 ---
2025-10-25 00:56:27,423 [INFO] --- Validation episode 98/126 ---
2025-10-25 00:56:27,454 [INFO] --- Validation episode 99/126 ---
2025-10-25 00:56:27,484 [INFO] --- Validation episode 100/126 ---
2025-10-25 00:56:27,515 [INFO] --- Validation episode 101/126 ---
2025-10-25 00:56:27,536 [INFO] --- Validation episode 102/126 ---
2025-10-25 00:56:27,561 [INFO] --- Validation episode 103/126 ---
2025-10-25 00:56:27,584 [INFO] --- Validation episode 104/126 ---
2025-10-25 00:56:27,607 [INFO] --- Validation episode 105/126 ---
2025-10-25 00:56:27,629 [INFO] --- Validation episode 106/126 ---
2025-10-25 00:56:27,652 [INFO] --- Validation episode 107/126 ---
2025-10-25 00:56:27,676 [INFO] --- Validation episode 108/126 ---
2025-10-25 00:56:27,699 [INFO] --- Validation episode 109/126 ---
2025-10-25 00:56:27,719 [INFO] --- Validation episode 110/126 ---
2025-10-25 00:56:27,741 [INFO] --- Validation episode 111/126 ---
2025-10-25 00:56:27,764 [INFO] --- Validation episode 112/126 ---
2025-10-25 00:56:27,786 [INFO] --- Validation episode 113/126 ---
2025-10-25 00:56:27,808 [INFO] --- Validation episode 114/126 ---
2025-10-25 00:56:27,829 [INFO] --- Validation episode 115/126 ---
2025-10-25 00:56:27,850 [INFO] --- Validation episode 116/126 ---
2025-10-25 00:56:27,873 [INFO] --- Validation episode 117/126 ---
2025-10-25 00:56:27,896 [INFO] --- Validation episode 118/126 ---
2025-10-25 00:56:27,918 [INFO] --- Validation episode 119/126 ---
2025-10-25 00:56:27,939 [INFO] --- Validation episode 120/126 ---
2025-10-25 00:56:27,961 [INFO] --- Validation episode 121/126 ---
2025-10-25 00:56:27,991 [INFO] --- Validation episode 122/126 ---
2025-10-25 00:56:28,023 [INFO] --- Validation episode 123/126 ---
2025-10-25 00:56:28,054 [INFO] --- Validation episode 124/126 ---
2025-10-25 00:56:28,083 [INFO] --- Validation episode 125/126 ---
2025-10-25 00:56:28,114 [INFO] --- Validation episode 126/126 ---
2025-10-25 00:56:28,147 [INFO] --- Ep_3000 Validation Results: mean_reward=-0.00887, Mean PnL: -79.72, Win rate: 46.23% ---
2025-10-25 00:56:28,147 [INFO] --- Finished Evaluation: Validation ---
2025-10-25 00:56:50,515 [INFO] --- Starting Evaluation: Validation, episodes=126 ---
2025-10-25 00:56:50,515 [INFO] --- Validation episode 1/126 ---
2025-10-25 00:56:50,538 [INFO] --- Validation episode 2/126 ---
2025-10-25 00:56:50,562 [INFO] --- Validation episode 3/126 ---
2025-10-25 00:56:50,585 [INFO] --- Validation episode 4/126 ---
2025-10-25 00:56:50,606 [INFO] --- Validation episode 5/126 ---
2025-10-25 00:56:50,628 [INFO] --- Validation episode 6/126 ---
2025-10-25 00:56:50,650 [INFO] --- Validation episode 7/126 ---
2025-10-25 00:56:50,673 [INFO] --- Validation episode 8/126 ---
2025-10-25 00:56:50,695 [INFO] --- Validation episode 9/126 ---
2025-10-25 00:56:50,716 [INFO] --- Validation episode 10/126 ---
2025-10-25 00:56:50,738 [INFO] --- Validation episode 11/126 ---
2025-10-25 00:56:50,760 [INFO] --- Validation episode 12/126 ---
2025-10-25 00:56:50,784 [INFO] --- Validation episode 13/126 ---
2025-10-25 00:56:50,807 [INFO] --- Validation episode 14/126 ---
2025-10-25 00:56:50,829 [INFO] --- Validation episode 15/126 ---
2025-10-25 00:56:50,851 [INFO] --- Validation episode 16/126 ---
2025-10-25 00:56:50,872 [INFO] --- Validation episode 17/126 ---
2025-10-25 00:56:50,896 [INFO] --- Validation episode 18/126 ---
2025-10-25 00:56:50,917 [INFO] --- Validation episode 19/126 ---
2025-10-25 00:56:50,938 [INFO] --- Validation episode 20/126 ---
2025-10-25 00:56:50,960 [INFO] --- Validation episode 21/126 ---
2025-10-25 00:56:50,982 [INFO] --- Validation episode 22/126 ---
2025-10-25 00:56:51,007 [INFO] --- Validation episode 23/126 ---
2025-10-25 00:56:51,030 [INFO] --- Validation episode 24/126 ---
2025-10-25 00:56:51,051 [INFO] --- Validation episode 25/126 ---
2025-10-25 00:56:51,073 [INFO] --- Validation episode 26/126 ---
2025-10-25 00:56:51,094 [INFO] --- Validation episode 27/126 ---
2025-10-25 00:56:51,119 [INFO] --- Validation episode 28/126 ---
2025-10-25 00:56:51,141 [INFO] --- Validation episode 29/126 ---
2025-10-25 00:56:51,163 [INFO] --- Validation episode 30/126 ---
2025-10-25 00:56:51,184 [INFO] --- Validation episode 31/126 ---
2025-10-25 00:56:51,208 [INFO] --- Validation episode 32/126 ---
2025-10-25 00:56:51,232 [INFO] --- Validation episode 33/126 ---
2025-10-25 00:56:51,254 [INFO] --- Validation episode 34/126 ---
2025-10-25 00:56:51,275 [INFO] --- Validation episode 35/126 ---
2025-10-25 00:56:51,297 [INFO] --- Validation episode 36/126 ---
2025-10-25 00:56:51,321 [INFO] --- Validation episode 37/126 ---
2025-10-25 00:56:51,343 [INFO] --- Validation episode 38/126 ---
2025-10-25 00:56:51,367 [INFO] --- Validation episode 39/126 ---
2025-10-25 00:56:51,388 [INFO] --- Validation episode 40/126 ---
2025-10-25 00:56:51,410 [INFO] --- Validation episode 41/126 ---
2025-10-25 00:56:51,433 [INFO] --- Validation episode 42/126 ---
2025-10-25 00:56:51,456 [INFO] --- Validation episode 43/126 ---
2025-10-25 00:56:51,479 [INFO] --- Validation episode 44/126 ---
2025-10-25 00:56:51,500 [INFO] --- Validation episode 45/126 ---
2025-10-25 00:56:51,522 [INFO] --- Validation episode 46/126 ---
2025-10-25 00:56:51,544 [INFO] --- Validation episode 47/126 ---
2025-10-25 00:56:51,567 [INFO] --- Validation episode 48/126 ---
2025-10-25 00:56:51,590 [INFO] --- Validation episode 49/126 ---
2025-10-25 00:56:51,613 [INFO] --- Validation episode 50/126 ---
2025-10-25 00:56:51,634 [INFO] --- Validation episode 51/126 ---
2025-10-25 00:56:51,655 [INFO] --- Validation episode 52/126 ---
2025-10-25 00:56:51,681 [INFO] --- Validation episode 53/126 ---
2025-10-25 00:56:51,703 [INFO] --- Validation episode 54/126 ---
2025-10-25 00:56:51,725 [INFO] --- Validation episode 55/126 ---
2025-10-25 00:56:51,747 [INFO] --- Validation episode 56/126 ---
2025-10-25 00:56:51,780 [INFO] --- Validation episode 57/126 ---
2025-10-25 00:56:51,812 [INFO] --- Validation episode 58/126 ---
2025-10-25 00:56:51,843 [INFO] --- Validation episode 59/126 ---
2025-10-25 00:56:51,873 [INFO] --- Validation episode 60/126 ---
2025-10-25 00:56:51,904 [INFO] --- Validation episode 61/126 ---
2025-10-25 00:56:51,925 [INFO] --- Validation episode 62/126 ---
2025-10-25 00:56:51,949 [INFO] --- Validation episode 63/126 ---
2025-10-25 00:56:51,971 [INFO] --- Validation episode 64/126 ---
2025-10-25 00:56:51,993 [INFO] --- Validation episode 65/126 ---
2025-10-25 00:56:52,015 [INFO] --- Validation episode 66/126 ---
2025-10-25 00:56:52,043 [INFO] --- Validation episode 67/126 ---
2025-10-25 00:56:52,075 [INFO] --- Validation episode 68/126 ---
2025-10-25 00:56:52,105 [INFO] --- Validation episode 69/126 ---
2025-10-25 00:56:52,135 [INFO] --- Validation episode 70/126 ---
2025-10-25 00:56:52,166 [INFO] --- Validation episode 71/126 ---
2025-10-25 00:56:52,197 [INFO] --- Validation episode 72/126 ---
2025-10-25 00:56:52,230 [INFO] --- Validation episode 73/126 ---
2025-10-25 00:56:52,260 [INFO] --- Validation episode 74/126 ---
2025-10-25 00:56:52,291 [INFO] --- Validation episode 75/126 ---
2025-10-25 00:56:52,323 [INFO] --- Validation episode 76/126 ---
2025-10-25 00:56:52,356 [INFO] --- Validation episode 77/126 ---
2025-10-25 00:56:52,388 [INFO] --- Validation episode 78/126 ---
2025-10-25 00:56:52,418 [INFO] --- Validation episode 79/126 ---
2025-10-25 00:56:52,448 [INFO] --- Validation episode 80/126 ---
2025-10-25 00:56:52,481 [INFO] --- Validation episode 81/126 ---
2025-10-25 00:56:52,510 [INFO] --- Validation episode 82/126 ---
2025-10-25 00:56:52,541 [INFO] --- Validation episode 83/126 ---
2025-10-25 00:56:52,566 [INFO] --- Validation episode 84/126 ---
2025-10-25 00:56:52,599 [INFO] --- Validation episode 85/126 ---
2025-10-25 00:56:52,629 [INFO] --- Validation episode 86/126 ---
2025-10-25 00:56:52,660 [INFO] --- Validation episode 87/126 ---
2025-10-25 00:56:52,691 [INFO] --- Validation episode 88/126 ---
2025-10-25 00:56:52,720 [INFO] --- Validation episode 89/126 ---
2025-10-25 00:56:52,741 [INFO] --- Validation episode 90/126 ---
2025-10-25 00:56:52,762 [INFO] --- Validation episode 91/126 ---
2025-10-25 00:56:52,787 [INFO] --- Validation episode 92/126 ---
2025-10-25 00:56:52,810 [INFO] --- Validation episode 93/126 ---
2025-10-25 00:56:52,831 [INFO] --- Validation episode 94/126 ---
2025-10-25 00:56:52,853 [INFO] --- Validation episode 95/126 ---
2025-10-25 00:56:52,874 [INFO] --- Validation episode 96/126 ---
2025-10-25 00:56:52,907 [INFO] --- Validation episode 97/126 ---
2025-10-25 00:56:52,940 [INFO] --- Validation episode 98/126 ---
2025-10-25 00:56:52,970 [INFO] --- Validation episode 99/126 ---
2025-10-25 00:56:52,999 [INFO] --- Validation episode 100/126 ---
2025-10-25 00:56:53,021 [INFO] --- Validation episode 101/126 ---
2025-10-25 00:56:53,042 [INFO] --- Validation episode 102/126 ---
2025-10-25 00:56:53,065 [INFO] --- Validation episode 103/126 ---
2025-10-25 00:56:53,085 [INFO] --- Validation episode 104/126 ---
2025-10-25 00:56:53,106 [INFO] --- Validation episode 105/126 ---
2025-10-25 00:56:53,136 [INFO] --- Validation episode 106/126 ---
2025-10-25 00:56:53,170 [INFO] --- Validation episode 107/126 ---
2025-10-25 00:56:53,200 [INFO] --- Validation episode 108/126 ---
2025-10-25 00:56:53,231 [INFO] --- Validation episode 109/126 ---
2025-10-25 00:56:53,254 [INFO] --- Validation episode 110/126 ---
2025-10-25 00:56:53,275 [INFO] --- Validation episode 111/126 ---
2025-10-25 00:56:53,299 [INFO] --- Validation episode 112/126 ---
2025-10-25 00:56:53,329 [INFO] --- Validation episode 113/126 ---
2025-10-25 00:56:53,360 [INFO] --- Validation episode 114/126 ---
2025-10-25 00:56:53,387 [INFO] --- Validation episode 115/126 ---
2025-10-25 00:56:53,421 [INFO] --- Validation episode 116/126 ---
2025-10-25 00:56:53,454 [INFO] --- Validation episode 117/126 ---
2025-10-25 00:56:53,487 [INFO] --- Validation episode 118/126 ---
2025-10-25 00:56:53,511 [INFO] --- Validation episode 119/126 ---
2025-10-25 00:56:53,535 [INFO] --- Validation episode 120/126 ---
2025-10-25 00:56:53,557 [INFO] --- Validation episode 121/126 ---
2025-10-25 00:56:53,579 [INFO] --- Validation episode 122/126 ---
2025-10-25 00:56:53,602 [INFO] --- Validation episode 123/126 ---
2025-10-25 00:56:53,625 [INFO] --- Validation episode 124/126 ---
2025-10-25 00:56:53,650 [INFO] --- Validation episode 125/126 ---
2025-10-25 00:56:53,673 [INFO] --- Validation episode 126/126 ---
2025-10-25 00:56:53,696 [INFO] --- Ep_4000 Validation Results: mean_reward=-0.00472, Mean PnL: -33.77, Win rate: 47.82% ---
2025-10-25 00:56:53,696 [INFO] --- Finished Evaluation: Validation ---
2025-10-25 00:57:16,015 [INFO] --- Starting Evaluation: Validation, episodes=126 ---
2025-10-25 00:57:16,016 [INFO] --- Validation episode 1/126 ---
2025-10-25 00:57:16,038 [INFO] --- Validation episode 2/126 ---
2025-10-25 00:57:16,061 [INFO] --- Validation episode 3/126 ---
2025-10-25 00:57:16,085 [INFO] --- Validation episode 4/126 ---
2025-10-25 00:57:16,107 [INFO] --- Validation episode 5/126 ---
2025-10-25 00:57:16,129 [INFO] --- Validation episode 6/126 ---
2025-10-25 00:57:16,152 [INFO] --- Validation episode 7/126 ---
2025-10-25 00:57:16,175 [INFO] --- Validation episode 8/126 ---
2025-10-25 00:57:16,198 [INFO] --- Validation episode 9/126 ---
2025-10-25 00:57:16,219 [INFO] --- Validation episode 10/126 ---
2025-10-25 00:57:16,241 [INFO] --- Validation episode 11/126 ---
2025-10-25 00:57:16,262 [INFO] --- Validation episode 12/126 ---
2025-10-25 00:57:16,287 [INFO] --- Validation episode 13/126 ---
2025-10-25 00:57:16,310 [INFO] --- Validation episode 14/126 ---
2025-10-25 00:57:16,331 [INFO] --- Validation episode 15/126 ---
2025-10-25 00:57:16,352 [INFO] --- Validation episode 16/126 ---
2025-10-25 00:57:16,387 [INFO] --- Validation episode 17/126 ---
2025-10-25 00:57:16,418 [INFO] --- Validation episode 18/126 ---
2025-10-25 00:57:16,448 [INFO] --- Validation episode 19/126 ---
2025-10-25 00:57:16,478 [INFO] --- Validation episode 20/126 ---
2025-10-25 00:57:16,509 [INFO] --- Validation episode 21/126 ---
2025-10-25 00:57:16,540 [INFO] --- Validation episode 22/126 ---
2025-10-25 00:57:16,573 [INFO] --- Validation episode 23/126 ---
2025-10-25 00:57:16,605 [INFO] --- Validation episode 24/126 ---
2025-10-25 00:57:16,635 [INFO] --- Validation episode 25/126 ---
2025-10-25 00:57:16,658 [INFO] --- Validation episode 26/126 ---
2025-10-25 00:57:16,681 [INFO] --- Validation episode 27/126 ---
2025-10-25 00:57:16,706 [INFO] --- Validation episode 28/126 ---
2025-10-25 00:57:16,728 [INFO] --- Validation episode 29/126 ---
2025-10-25 00:57:16,749 [INFO] --- Validation episode 30/126 ---
2025-10-25 00:57:16,782 [INFO] --- Validation episode 31/126 ---
2025-10-25 00:57:16,813 [INFO] --- Validation episode 32/126 ---
2025-10-25 00:57:16,846 [INFO] --- Validation episode 33/126 ---
2025-10-25 00:57:16,877 [INFO] --- Validation episode 34/126 ---
2025-10-25 00:57:16,899 [INFO] --- Validation episode 35/126 ---
2025-10-25 00:57:16,922 [INFO] --- Validation episode 36/126 ---
2025-10-25 00:57:16,945 [INFO] --- Validation episode 37/126 ---
2025-10-25 00:57:16,966 [INFO] --- Validation episode 38/126 ---
2025-10-25 00:57:16,988 [INFO] --- Validation episode 39/126 ---
2025-10-25 00:57:17,011 [INFO] --- Validation episode 40/126 ---
2025-10-25 00:57:17,034 [INFO] --- Validation episode 41/126 ---
2025-10-25 00:57:17,057 [INFO] --- Validation episode 42/126 ---
2025-10-25 00:57:17,079 [INFO] --- Validation episode 43/126 ---
2025-10-25 00:57:17,100 [INFO] --- Validation episode 44/126 ---
2025-10-25 00:57:17,123 [INFO] --- Validation episode 45/126 ---
2025-10-25 00:57:17,146 [INFO] --- Validation episode 46/126 ---
2025-10-25 00:57:17,168 [INFO] --- Validation episode 47/126 ---
2025-10-25 00:57:17,189 [INFO] --- Validation episode 48/126 ---
2025-10-25 00:57:17,211 [INFO] --- Validation episode 49/126 ---
2025-10-25 00:57:17,243 [INFO] --- Validation episode 50/126 ---
2025-10-25 00:57:17,277 [INFO] --- Validation episode 51/126 ---
2025-10-25 00:57:17,309 [INFO] --- Validation episode 52/126 ---
2025-10-25 00:57:17,339 [INFO] --- Validation episode 53/126 ---
2025-10-25 00:57:17,370 [INFO] --- Validation episode 54/126 ---
2025-10-25 00:57:17,402 [INFO] --- Validation episode 55/126 ---
2025-10-25 00:57:17,433 [INFO] --- Validation episode 56/126 ---
2025-10-25 00:57:17,463 [INFO] --- Validation episode 57/126 ---
2025-10-25 00:57:17,494 [INFO] --- Validation episode 58/126 ---
2025-10-25 00:57:17,516 [INFO] --- Validation episode 59/126 ---
2025-10-25 00:57:17,540 [INFO] --- Validation episode 60/126 ---
2025-10-25 00:57:17,562 [INFO] --- Validation episode 61/126 ---
2025-10-25 00:57:17,584 [INFO] --- Validation episode 62/126 ---
2025-10-25 00:57:17,606 [INFO] --- Validation episode 63/126 ---
2025-10-25 00:57:17,630 [INFO] --- Validation episode 64/126 ---
2025-10-25 00:57:17,653 [INFO] --- Validation episode 65/126 ---
2025-10-25 00:57:17,676 [INFO] --- Validation episode 66/126 ---
2025-10-25 00:57:17,697 [INFO] --- Validation episode 67/126 ---
2025-10-25 00:57:17,718 [INFO] --- Validation episode 68/126 ---
2025-10-25 00:57:17,741 [INFO] --- Validation episode 69/126 ---
2025-10-25 00:57:17,764 [INFO] --- Validation episode 70/126 ---
2025-10-25 00:57:17,786 [INFO] --- Validation episode 71/126 ---
2025-10-25 00:57:17,807 [INFO] --- Validation episode 72/126 ---
2025-10-25 00:57:17,830 [INFO] --- Validation episode 73/126 ---
2025-10-25 00:57:17,853 [INFO] --- Validation episode 74/126 ---
2025-10-25 00:57:17,875 [INFO] --- Validation episode 75/126 ---
2025-10-25 00:57:17,899 [INFO] --- Validation episode 76/126 ---
2025-10-25 00:57:17,921 [INFO] --- Validation episode 77/126 ---
2025-10-25 00:57:17,943 [INFO] --- Validation episode 78/126 ---
2025-10-25 00:57:17,975 [INFO] --- Validation episode 79/126 ---
2025-10-25 00:57:18,007 [INFO] --- Validation episode 80/126 ---
2025-10-25 00:57:18,039 [INFO] --- Validation episode 81/126 ---
2025-10-25 00:57:18,069 [INFO] --- Validation episode 82/126 ---
2025-10-25 00:57:18,100 [INFO] --- Validation episode 83/126 ---
2025-10-25 00:57:18,123 [INFO] --- Validation episode 84/126 ---
2025-10-25 00:57:18,144 [INFO] --- Validation episode 85/126 ---
2025-10-25 00:57:18,167 [INFO] --- Validation episode 86/126 ---
2025-10-25 00:57:18,188 [INFO] --- Validation episode 87/126 ---
2025-10-25 00:57:18,209 [INFO] --- Validation episode 88/126 ---
2025-10-25 00:57:18,239 [INFO] --- Validation episode 89/126 ---
2025-10-25 00:57:18,265 [INFO] --- Validation episode 90/126 ---
2025-10-25 00:57:18,287 [INFO] --- Validation episode 91/126 ---
2025-10-25 00:57:18,308 [INFO] --- Validation episode 92/126 ---
2025-10-25 00:57:18,330 [INFO] --- Validation episode 93/126 ---
2025-10-25 00:57:18,351 [INFO] --- Validation episode 94/126 ---
2025-10-25 00:57:18,373 [INFO] --- Validation episode 95/126 ---
2025-10-25 00:57:18,396 [INFO] --- Validation episode 96/126 ---
2025-10-25 00:57:18,417 [INFO] --- Validation episode 97/126 ---
2025-10-25 00:57:18,439 [INFO] --- Validation episode 98/126 ---
2025-10-25 00:57:18,462 [INFO] --- Validation episode 99/126 ---
2025-10-25 00:57:18,485 [INFO] --- Validation episode 100/126 ---
2025-10-25 00:57:18,508 [INFO] --- Validation episode 101/126 ---
2025-10-25 00:57:18,529 [INFO] --- Validation episode 102/126 ---
2025-10-25 00:57:18,550 [INFO] --- Validation episode 103/126 ---
2025-10-25 00:57:18,574 [INFO] --- Validation episode 104/126 ---
2025-10-25 00:57:18,598 [INFO] --- Validation episode 105/126 ---
2025-10-25 00:57:18,620 [INFO] --- Validation episode 106/126 ---
2025-10-25 00:57:18,642 [INFO] --- Validation episode 107/126 ---
2025-10-25 00:57:18,664 [INFO] --- Validation episode 108/126 ---
2025-10-25 00:57:18,690 [INFO] --- Validation episode 109/126 ---
2025-10-25 00:57:18,722 [INFO] --- Validation episode 110/126 ---
2025-10-25 00:57:18,754 [INFO] --- Validation episode 111/126 ---
2025-10-25 00:57:18,784 [INFO] --- Validation episode 112/126 ---
2025-10-25 00:57:18,815 [INFO] --- Validation episode 113/126 ---
2025-10-25 00:57:18,839 [INFO] --- Validation episode 114/126 ---
2025-10-25 00:57:18,861 [INFO] --- Validation episode 115/126 ---
2025-10-25 00:57:18,884 [INFO] --- Validation episode 116/126 ---
2025-10-25 00:57:18,905 [INFO] --- Validation episode 117/126 ---
2025-10-25 00:57:18,927 [INFO] --- Validation episode 118/126 ---
2025-10-25 00:57:18,959 [INFO] --- Validation episode 119/126 ---
2025-10-25 00:57:18,991 [INFO] --- Validation episode 120/126 ---
2025-10-25 00:57:19,022 [INFO] --- Validation episode 121/126 ---
2025-10-25 00:57:19,053 [INFO] --- Validation episode 122/126 ---
2025-10-25 00:57:19,083 [INFO] --- Validation episode 123/126 ---
2025-10-25 00:57:19,106 [INFO] --- Validation episode 124/126 ---
2025-10-25 00:57:19,129 [INFO] --- Validation episode 125/126 ---
2025-10-25 00:57:19,151 [INFO] --- Validation episode 126/126 ---
2025-10-25 00:57:19,172 [INFO] --- Ep_5000 Validation Results: mean_reward=-0.00191, Mean PnL: -9.11, Win rate: 44.84% ---
2025-10-25 00:57:19,172 [INFO] --- Finished Evaluation: Validation ---
2025-10-25 00:57:19,196 [INFO] Checkpoint saved to output\alpha\saved_models\rl_binance_futures_trading_date_20251025_time_005510\best.pth (policy+target+optimizer+scaler+meta).
2025-10-25 00:57:19,196 [INFO] New Best model by Validation_mean_pnl = -9.11. Episode = 5000: output\alpha\saved_models\rl_binance_futures_trading_date_20251025_time_005510\best.pth
2025-10-25 00:57:41,568 [INFO] --- Starting Evaluation: Validation, episodes=126 ---
2025-10-25 00:57:41,569 [INFO] --- Validation episode 1/126 ---
2025-10-25 00:57:41,592 [INFO] --- Validation episode 2/126 ---
2025-10-25 00:57:41,613 [INFO] --- Validation episode 3/126 ---
2025-10-25 00:57:41,636 [INFO] --- Validation episode 4/126 ---
2025-10-25 00:57:41,659 [INFO] --- Validation episode 5/126 ---
2025-10-25 00:57:41,681 [INFO] --- Validation episode 6/126 ---
2025-10-25 00:57:41,704 [INFO] --- Validation episode 7/126 ---
2025-10-25 00:57:41,727 [INFO] --- Validation episode 8/126 ---
2025-10-25 00:57:41,749 [INFO] --- Validation episode 9/126 ---
2025-10-25 00:57:41,770 [INFO] --- Validation episode 10/126 ---
2025-10-25 00:57:41,792 [INFO] --- Validation episode 11/126 ---
2025-10-25 00:57:41,816 [INFO] --- Validation episode 12/126 ---
2025-10-25 00:57:41,840 [INFO] --- Validation episode 13/126 ---
2025-10-25 00:57:41,863 [INFO] --- Validation episode 14/126 ---
2025-10-25 00:57:41,885 [INFO] --- Validation episode 15/126 ---
2025-10-25 00:57:41,906 [INFO] --- Validation episode 16/126 ---
2025-10-25 00:57:41,929 [INFO] --- Validation episode 17/126 ---
2025-10-25 00:57:41,952 [INFO] --- Validation episode 18/126 ---
2025-10-25 00:57:41,976 [INFO] --- Validation episode 19/126 ---
2025-10-25 00:57:41,997 [INFO] --- Validation episode 20/126 ---
2025-10-25 00:57:42,019 [INFO] --- Validation episode 21/126 ---
2025-10-25 00:57:42,042 [INFO] --- Validation episode 22/126 ---
2025-10-25 00:57:42,066 [INFO] --- Validation episode 23/126 ---
2025-10-25 00:57:42,088 [INFO] --- Validation episode 24/126 ---
2025-10-25 00:57:42,109 [INFO] --- Validation episode 25/126 ---
2025-10-25 00:57:42,131 [INFO] --- Validation episode 26/126 ---
2025-10-25 00:57:42,154 [INFO] --- Validation episode 27/126 ---
2025-10-25 00:57:42,178 [INFO] --- Validation episode 28/126 ---
2025-10-25 00:57:42,201 [INFO] --- Validation episode 29/126 ---
2025-10-25 00:57:42,222 [INFO] --- Validation episode 30/126 ---
2025-10-25 00:57:42,243 [INFO] --- Validation episode 31/126 ---
2025-10-25 00:57:42,266 [INFO] --- Validation episode 32/126 ---
2025-10-25 00:57:42,291 [INFO] --- Validation episode 33/126 ---
2025-10-25 00:57:42,313 [INFO] --- Validation episode 34/126 ---
2025-10-25 00:57:42,334 [INFO] --- Validation episode 35/126 ---
2025-10-25 00:57:42,356 [INFO] --- Validation episode 36/126 ---
2025-10-25 00:57:42,379 [INFO] --- Validation episode 37/126 ---
2025-10-25 00:57:42,403 [INFO] --- Validation episode 38/126 ---
2025-10-25 00:57:42,424 [INFO] --- Validation episode 39/126 ---
2025-10-25 00:57:42,446 [INFO] --- Validation episode 40/126 ---
2025-10-25 00:57:42,467 [INFO] --- Validation episode 41/126 ---
2025-10-25 00:57:42,490 [INFO] --- Validation episode 42/126 ---
2025-10-25 00:57:42,513 [INFO] --- Validation episode 43/126 ---
2025-10-25 00:57:42,536 [INFO] --- Validation episode 44/126 ---
2025-10-25 00:57:42,557 [INFO] --- Validation episode 45/126 ---
2025-10-25 00:57:42,579 [INFO] --- Validation episode 46/126 ---
2025-10-25 00:57:42,600 [INFO] --- Validation episode 47/126 ---
2025-10-25 00:57:42,625 [INFO] --- Validation episode 48/126 ---
2025-10-25 00:57:42,647 [INFO] --- Validation episode 49/126 ---
2025-10-25 00:57:42,669 [INFO] --- Validation episode 50/126 ---
2025-10-25 00:57:42,690 [INFO] --- Validation episode 51/126 ---
2025-10-25 00:57:42,713 [INFO] --- Validation episode 52/126 ---
2025-10-25 00:57:42,736 [INFO] --- Validation episode 53/126 ---
2025-10-25 00:57:42,757 [INFO] --- Validation episode 54/126 ---
2025-10-25 00:57:42,779 [INFO] --- Validation episode 55/126 ---
2025-10-25 00:57:42,800 [INFO] --- Validation episode 56/126 ---
2025-10-25 00:57:42,825 [INFO] --- Validation episode 57/126 ---
2025-10-25 00:57:42,848 [INFO] --- Validation episode 58/126 ---
2025-10-25 00:57:42,870 [INFO] --- Validation episode 59/126 ---
2025-10-25 00:57:42,890 [INFO] --- Validation episode 60/126 ---
2025-10-25 00:57:42,911 [INFO] --- Validation episode 61/126 ---
2025-10-25 00:57:42,935 [INFO] --- Validation episode 62/126 ---
2025-10-25 00:57:42,958 [INFO] --- Validation episode 63/126 ---
2025-10-25 00:57:42,981 [INFO] --- Validation episode 64/126 ---
2025-10-25 00:57:43,002 [INFO] --- Validation episode 65/126 ---
2025-10-25 00:57:43,024 [INFO] --- Validation episode 66/126 ---
2025-10-25 00:57:43,046 [INFO] --- Validation episode 67/126 ---
2025-10-25 00:57:43,069 [INFO] --- Validation episode 68/126 ---
2025-10-25 00:57:43,091 [INFO] --- Validation episode 69/126 ---
2025-10-25 00:57:43,112 [INFO] --- Validation episode 70/126 ---
2025-10-25 00:57:43,134 [INFO] --- Validation episode 71/126 ---
2025-10-25 00:57:43,156 [INFO] --- Validation episode 72/126 ---
2025-10-25 00:57:43,180 [INFO] --- Validation episode 73/126 ---
2025-10-25 00:57:43,203 [INFO] --- Validation episode 74/126 ---
2025-10-25 00:57:43,224 [INFO] --- Validation episode 75/126 ---
2025-10-25 00:57:43,246 [INFO] --- Validation episode 76/126 ---
2025-10-25 00:57:43,267 [INFO] --- Validation episode 77/126 ---
2025-10-25 00:57:43,291 [INFO] --- Validation episode 78/126 ---
2025-10-25 00:57:43,314 [INFO] --- Validation episode 79/126 ---
2025-10-25 00:57:43,337 [INFO] --- Validation episode 80/126 ---
2025-10-25 00:57:43,359 [INFO] --- Validation episode 81/126 ---
2025-10-25 00:57:43,382 [INFO] --- Validation episode 82/126 ---
2025-10-25 00:57:43,405 [INFO] --- Validation episode 83/126 ---
2025-10-25 00:57:43,428 [INFO] --- Validation episode 84/126 ---
2025-10-25 00:57:43,449 [INFO] --- Validation episode 85/126 ---
2025-10-25 00:57:43,471 [INFO] --- Validation episode 86/126 ---
2025-10-25 00:57:43,495 [INFO] --- Validation episode 87/126 ---
2025-10-25 00:57:43,518 [INFO] --- Validation episode 88/126 ---
2025-10-25 00:57:43,540 [INFO] --- Validation episode 89/126 ---
2025-10-25 00:57:43,561 [INFO] --- Validation episode 90/126 ---
2025-10-25 00:57:43,583 [INFO] --- Validation episode 91/126 ---
2025-10-25 00:57:43,605 [INFO] --- Validation episode 92/126 ---
2025-10-25 00:57:43,628 [INFO] --- Validation episode 93/126 ---
2025-10-25 00:57:43,651 [INFO] --- Validation episode 94/126 ---
2025-10-25 00:57:43,672 [INFO] --- Validation episode 95/126 ---
2025-10-25 00:57:43,696 [INFO] --- Validation episode 96/126 ---
2025-10-25 00:57:43,719 [INFO] --- Validation episode 97/126 ---
2025-10-25 00:57:43,745 [INFO] --- Validation episode 98/126 ---
2025-10-25 00:57:43,769 [INFO] --- Validation episode 99/126 ---
2025-10-25 00:57:43,793 [INFO] --- Validation episode 100/126 ---
2025-10-25 00:57:43,816 [INFO] --- Validation episode 101/126 ---
2025-10-25 00:57:43,842 [INFO] --- Validation episode 102/126 ---
2025-10-25 00:57:43,867 [INFO] --- Validation episode 103/126 ---
2025-10-25 00:57:43,892 [INFO] --- Validation episode 104/126 ---
2025-10-25 00:57:43,915 [INFO] --- Validation episode 105/126 ---
2025-10-25 00:57:43,939 [INFO] --- Validation episode 106/126 ---
2025-10-25 00:57:43,963 [INFO] --- Validation episode 107/126 ---
2025-10-25 00:57:43,989 [INFO] --- Validation episode 108/126 ---
2025-10-25 00:57:44,013 [INFO] --- Validation episode 109/126 ---
2025-10-25 00:57:44,036 [INFO] --- Validation episode 110/126 ---
2025-10-25 00:57:44,058 [INFO] --- Validation episode 111/126 ---
2025-10-25 00:57:44,081 [INFO] --- Validation episode 112/126 ---
2025-10-25 00:57:44,105 [INFO] --- Validation episode 113/126 ---
2025-10-25 00:57:44,127 [INFO] --- Validation episode 114/126 ---
2025-10-25 00:57:44,148 [INFO] --- Validation episode 115/126 ---
2025-10-25 00:57:44,170 [INFO] --- Validation episode 116/126 ---
2025-10-25 00:57:44,193 [INFO] --- Validation episode 117/126 ---
2025-10-25 00:57:44,216 [INFO] --- Validation episode 118/126 ---
2025-10-25 00:57:44,238 [INFO] --- Validation episode 119/126 ---
2025-10-25 00:57:44,260 [INFO] --- Validation episode 120/126 ---
2025-10-25 00:57:44,281 [INFO] --- Validation episode 121/126 ---
2025-10-25 00:57:44,303 [INFO] --- Validation episode 122/126 ---
2025-10-25 00:57:44,328 [INFO] --- Validation episode 123/126 ---
2025-10-25 00:57:44,350 [INFO] --- Validation episode 124/126 ---
2025-10-25 00:57:44,371 [INFO] --- Validation episode 125/126 ---
2025-10-25 00:57:44,393 [INFO] --- Validation episode 126/126 ---
2025-10-25 00:57:44,427 [INFO] --- Ep_6000 Validation Results: mean_reward=-0.00065, Mean PnL: 1.60, Win rate: 48.48% ---
2025-10-25 00:57:44,427 [INFO] --- Finished Evaluation: Validation ---
2025-10-25 00:57:44,451 [INFO] Checkpoint saved to output\alpha\saved_models\rl_binance_futures_trading_date_20251025_time_005510\best.pth (policy+target+optimizer+scaler+meta).
2025-10-25 00:57:44,451 [INFO] New Best model by Validation_mean_pnl = 1.60. Episode = 6000: output\alpha\saved_models\rl_binance_futures_trading_date_20251025_time_005510\best.pth
2025-10-25 00:58:06,935 [INFO] --- Starting Evaluation: Validation, episodes=126 ---
2025-10-25 00:58:06,935 [INFO] --- Validation episode 1/126 ---
2025-10-25 00:58:06,960 [INFO] --- Validation episode 2/126 ---
2025-10-25 00:58:06,982 [INFO] --- Validation episode 3/126 ---
2025-10-25 00:58:07,005 [INFO] --- Validation episode 4/126 ---
2025-10-25 00:58:07,026 [INFO] --- Validation episode 5/126 ---
2025-10-25 00:58:07,048 [INFO] --- Validation episode 6/126 ---
2025-10-25 00:58:07,069 [INFO] --- Validation episode 7/126 ---
2025-10-25 00:58:07,093 [INFO] --- Validation episode 8/126 ---
2025-10-25 00:58:07,115 [INFO] --- Validation episode 9/126 ---
2025-10-25 00:58:07,136 [INFO] --- Validation episode 10/126 ---
2025-10-25 00:58:07,158 [INFO] --- Validation episode 11/126 ---
2025-10-25 00:58:07,181 [INFO] --- Validation episode 12/126 ---
2025-10-25 00:58:07,203 [INFO] --- Validation episode 13/126 ---
2025-10-25 00:58:07,227 [INFO] --- Validation episode 14/126 ---
2025-10-25 00:58:07,248 [INFO] --- Validation episode 15/126 ---
2025-10-25 00:58:07,270 [INFO] --- Validation episode 16/126 ---
2025-10-25 00:58:07,293 [INFO] --- Validation episode 17/126 ---
2025-10-25 00:58:07,316 [INFO] --- Validation episode 18/126 ---
2025-10-25 00:58:07,339 [INFO] --- Validation episode 19/126 ---
2025-10-25 00:58:07,361 [INFO] --- Validation episode 20/126 ---
2025-10-25 00:58:07,382 [INFO] --- Validation episode 21/126 ---
2025-10-25 00:58:07,404 [INFO] --- Validation episode 22/126 ---
2025-10-25 00:58:07,429 [INFO] --- Validation episode 23/126 ---
2025-10-25 00:58:07,451 [INFO] --- Validation episode 24/126 ---
2025-10-25 00:58:07,472 [INFO] --- Validation episode 25/126 ---
2025-10-25 00:58:07,494 [INFO] --- Validation episode 26/126 ---
2025-10-25 00:58:07,516 [INFO] --- Validation episode 27/126 ---
2025-10-25 00:58:07,540 [INFO] --- Validation episode 28/126 ---
2025-10-25 00:58:07,562 [INFO] --- Validation episode 29/126 ---
2025-10-25 00:58:07,583 [INFO] --- Validation episode 30/126 ---
2025-10-25 00:58:07,605 [INFO] --- Validation episode 31/126 ---
2025-10-25 00:58:07,627 [INFO] --- Validation episode 32/126 ---
2025-10-25 00:58:07,650 [INFO] --- Validation episode 33/126 ---
2025-10-25 00:58:07,672 [INFO] --- Validation episode 34/126 ---
2025-10-25 00:58:07,694 [INFO] --- Validation episode 35/126 ---
2025-10-25 00:58:07,715 [INFO] --- Validation episode 36/126 ---
2025-10-25 00:58:07,737 [INFO] --- Validation episode 37/126 ---
2025-10-25 00:58:07,761 [INFO] --- Validation episode 38/126 ---
2025-10-25 00:58:07,783 [INFO] --- Validation episode 39/126 ---
2025-10-25 00:58:07,804 [INFO] --- Validation episode 40/126 ---
2025-10-25 00:58:07,826 [INFO] --- Validation episode 41/126 ---
2025-10-25 00:58:07,850 [INFO] --- Validation episode 42/126 ---
2025-10-25 00:58:07,873 [INFO] --- Validation episode 43/126 ---
2025-10-25 00:58:07,895 [INFO] --- Validation episode 44/126 ---
2025-10-25 00:58:07,916 [INFO] --- Validation episode 45/126 ---
2025-10-25 00:58:07,938 [INFO] --- Validation episode 46/126 ---
2025-10-25 00:58:07,961 [INFO] --- Validation episode 47/126 ---
2025-10-25 00:58:07,985 [INFO] --- Validation episode 48/126 ---
2025-10-25 00:58:08,007 [INFO] --- Validation episode 49/126 ---
2025-10-25 00:58:08,028 [INFO] --- Validation episode 50/126 ---
2025-10-25 00:58:08,050 [INFO] --- Validation episode 51/126 ---
2025-10-25 00:58:08,076 [INFO] --- Validation episode 52/126 ---
2025-10-25 00:58:08,100 [INFO] --- Validation episode 53/126 ---
2025-10-25 00:58:08,123 [INFO] --- Validation episode 54/126 ---
2025-10-25 00:58:08,144 [INFO] --- Validation episode 55/126 ---
2025-10-25 00:58:08,166 [INFO] --- Validation episode 56/126 ---
2025-10-25 00:58:08,187 [INFO] --- Validation episode 57/126 ---
2025-10-25 00:58:08,211 [INFO] --- Validation episode 58/126 ---
2025-10-25 00:58:08,234 [INFO] --- Validation episode 59/126 ---
2025-10-25 00:58:08,256 [INFO] --- Validation episode 60/126 ---
2025-10-25 00:58:08,277 [INFO] --- Validation episode 61/126 ---
2025-10-25 00:58:08,300 [INFO] --- Validation episode 62/126 ---
2025-10-25 00:58:08,324 [INFO] --- Validation episode 63/126 ---
2025-10-25 00:58:08,345 [INFO] --- Validation episode 64/126 ---
2025-10-25 00:58:08,367 [INFO] --- Validation episode 65/126 ---
2025-10-25 00:58:08,388 [INFO] --- Validation episode 66/126 ---
2025-10-25 00:58:08,412 [INFO] --- Validation episode 67/126 ---
2025-10-25 00:58:08,434 [INFO] --- Validation episode 68/126 ---
2025-10-25 00:58:08,458 [INFO] --- Validation episode 69/126 ---
2025-10-25 00:58:08,480 [INFO] --- Validation episode 70/126 ---
2025-10-25 00:58:08,501 [INFO] --- Validation episode 71/126 ---
2025-10-25 00:58:08,523 [INFO] --- Validation episode 72/126 ---
2025-10-25 00:58:08,547 [INFO] --- Validation episode 73/126 ---
2025-10-25 00:58:08,570 [INFO] --- Validation episode 74/126 ---
2025-10-25 00:58:08,592 [INFO] --- Validation episode 75/126 ---
2025-10-25 00:58:08,614 [INFO] --- Validation episode 76/126 ---
2025-10-25 00:58:08,635 [INFO] --- Validation episode 77/126 ---
2025-10-25 00:58:08,660 [INFO] --- Validation episode 78/126 ---
2025-10-25 00:58:08,683 [INFO] --- Validation episode 79/126 ---
2025-10-25 00:58:08,705 [INFO] --- Validation episode 80/126 ---
2025-10-25 00:58:08,728 [INFO] --- Validation episode 81/126 ---
2025-10-25 00:58:08,752 [INFO] --- Validation episode 82/126 ---
2025-10-25 00:58:08,776 [INFO] --- Validation episode 83/126 ---
2025-10-25 00:58:08,799 [INFO] --- Validation episode 84/126 ---
2025-10-25 00:58:08,821 [INFO] --- Validation episode 85/126 ---
2025-10-25 00:58:08,844 [INFO] --- Validation episode 86/126 ---
2025-10-25 00:58:08,867 [INFO] --- Validation episode 87/126 ---
2025-10-25 00:58:08,890 [INFO] --- Validation episode 88/126 ---
2025-10-25 00:58:08,913 [INFO] --- Validation episode 89/126 ---
2025-10-25 00:58:08,935 [INFO] --- Validation episode 90/126 ---
2025-10-25 00:58:08,957 [INFO] --- Validation episode 91/126 ---
2025-10-25 00:58:08,979 [INFO] --- Validation episode 92/126 ---
2025-10-25 00:58:09,002 [INFO] --- Validation episode 93/126 ---
2025-10-25 00:58:09,025 [INFO] --- Validation episode 94/126 ---
2025-10-25 00:58:09,046 [INFO] --- Validation episode 95/126 ---
2025-10-25 00:58:09,068 [INFO] --- Validation episode 96/126 ---
2025-10-25 00:58:09,089 [INFO] --- Validation episode 97/126 ---
2025-10-25 00:58:09,112 [INFO] --- Validation episode 98/126 ---
2025-10-25 00:58:09,135 [INFO] --- Validation episode 99/126 ---
2025-10-25 00:58:09,157 [INFO] --- Validation episode 100/126 ---
2025-10-25 00:58:09,178 [INFO] --- Validation episode 101/126 ---
2025-10-25 00:58:09,201 [INFO] --- Validation episode 102/126 ---
2025-10-25 00:58:09,224 [INFO] --- Validation episode 103/126 ---
2025-10-25 00:58:09,247 [INFO] --- Validation episode 104/126 ---
2025-10-25 00:58:09,268 [INFO] --- Validation episode 105/126 ---
2025-10-25 00:58:09,289 [INFO] --- Validation episode 106/126 ---
2025-10-25 00:58:09,321 [INFO] --- Validation episode 107/126 ---
2025-10-25 00:58:09,353 [INFO] --- Validation episode 108/126 ---
2025-10-25 00:58:09,383 [INFO] --- Validation episode 109/126 ---
2025-10-25 00:58:09,413 [INFO] --- Validation episode 110/126 ---
2025-10-25 00:58:09,445 [INFO] --- Validation episode 111/126 ---
2025-10-25 00:58:09,468 [INFO] --- Validation episode 112/126 ---
2025-10-25 00:58:09,492 [INFO] --- Validation episode 113/126 ---
2025-10-25 00:58:09,515 [INFO] --- Validation episode 114/126 ---
2025-10-25 00:58:09,536 [INFO] --- Validation episode 115/126 ---
2025-10-25 00:58:09,559 [INFO] --- Validation episode 116/126 ---
2025-10-25 00:58:09,582 [INFO] --- Validation episode 117/126 ---
2025-10-25 00:58:09,604 [INFO] --- Validation episode 118/126 ---
2025-10-25 00:58:09,626 [INFO] --- Validation episode 119/126 ---
2025-10-25 00:58:09,648 [INFO] --- Validation episode 120/126 ---
2025-10-25 00:58:09,670 [INFO] --- Validation episode 121/126 ---
2025-10-25 00:58:09,691 [INFO] --- Validation episode 122/126 ---
2025-10-25 00:58:09,715 [INFO] --- Validation episode 123/126 ---
2025-10-25 00:58:09,737 [INFO] --- Validation episode 124/126 ---
2025-10-25 00:58:09,759 [INFO] --- Validation episode 125/126 ---
2025-10-25 00:58:09,781 [INFO] --- Validation episode 126/126 ---
2025-10-25 00:58:09,814 [INFO] --- Ep_7000 Validation Results: mean_reward=-0.00325, Mean PnL: -26.31, Win rate: 50.40% ---
2025-10-25 00:58:09,814 [INFO] --- Finished Evaluation: Validation ---
2025-10-25 00:58:32,180 [INFO] --- Starting Evaluation: Validation, episodes=126 ---
2025-10-25 00:58:32,180 [INFO] --- Validation episode 1/126 ---
2025-10-25 00:58:32,203 [INFO] --- Validation episode 2/126 ---
2025-10-25 00:58:32,227 [INFO] --- Validation episode 3/126 ---
2025-10-25 00:58:32,250 [INFO] --- Validation episode 4/126 ---
2025-10-25 00:58:32,272 [INFO] --- Validation episode 5/126 ---
2025-10-25 00:58:32,294 [INFO] --- Validation episode 6/126 ---
2025-10-25 00:58:32,317 [INFO] --- Validation episode 7/126 ---
2025-10-25 00:58:32,340 [INFO] --- Validation episode 8/126 ---
2025-10-25 00:58:32,362 [INFO] --- Validation episode 9/126 ---
2025-10-25 00:58:32,384 [INFO] --- Validation episode 10/126 ---
2025-10-25 00:58:32,405 [INFO] --- Validation episode 11/126 ---
2025-10-25 00:58:32,427 [INFO] --- Validation episode 12/126 ---
2025-10-25 00:58:32,452 [INFO] --- Validation episode 13/126 ---
2025-10-25 00:58:32,474 [INFO] --- Validation episode 14/126 ---
2025-10-25 00:58:32,496 [INFO] --- Validation episode 15/126 ---
2025-10-25 00:58:32,518 [INFO] --- Validation episode 16/126 ---
2025-10-25 00:58:32,539 [INFO] --- Validation episode 17/126 ---
2025-10-25 00:58:32,564 [INFO] --- Validation episode 18/126 ---
2025-10-25 00:58:32,586 [INFO] --- Validation episode 19/126 ---
2025-10-25 00:58:32,607 [INFO] --- Validation episode 20/126 ---
2025-10-25 00:58:32,629 [INFO] --- Validation episode 21/126 ---
2025-10-25 00:58:32,652 [INFO] --- Validation episode 22/126 ---
2025-10-25 00:58:32,675 [INFO] --- Validation episode 23/126 ---
2025-10-25 00:58:32,699 [INFO] --- Validation episode 24/126 ---
2025-10-25 00:58:32,720 [INFO] --- Validation episode 25/126 ---
2025-10-25 00:58:32,742 [INFO] --- Validation episode 26/126 ---
2025-10-25 00:58:32,764 [INFO] --- Validation episode 27/126 ---
2025-10-25 00:58:32,787 [INFO] --- Validation episode 28/126 ---
2025-10-25 00:58:32,810 [INFO] --- Validation episode 29/126 ---
2025-10-25 00:58:32,832 [INFO] --- Validation episode 30/126 ---
2025-10-25 00:58:32,855 [INFO] --- Validation episode 31/126 ---
2025-10-25 00:58:32,877 [INFO] --- Validation episode 32/126 ---
2025-10-25 00:58:32,912 [INFO] --- Validation episode 33/126 ---
2025-10-25 00:58:32,940 [INFO] --- Validation episode 34/126 ---
2025-10-25 00:58:32,963 [INFO] --- Validation episode 35/126 ---
2025-10-25 00:58:32,984 [INFO] --- Validation episode 36/126 ---
2025-10-25 00:58:33,006 [INFO] --- Validation episode 37/126 ---
2025-10-25 00:58:33,029 [INFO] --- Validation episode 38/126 ---
2025-10-25 00:58:33,051 [INFO] --- Validation episode 39/126 ---
2025-10-25 00:58:33,073 [INFO] --- Validation episode 40/126 ---
2025-10-25 00:58:33,095 [INFO] --- Validation episode 41/126 ---
2025-10-25 00:58:33,118 [INFO] --- Validation episode 42/126 ---
2025-10-25 00:58:33,140 [INFO] --- Validation episode 43/126 ---
2025-10-25 00:58:33,163 [INFO] --- Validation episode 44/126 ---
2025-10-25 00:58:33,184 [INFO] --- Validation episode 45/126 ---
2025-10-25 00:58:33,205 [INFO] --- Validation episode 46/126 ---
2025-10-25 00:58:33,228 [INFO] --- Validation episode 47/126 ---
2025-10-25 00:58:33,252 [INFO] --- Validation episode 48/126 ---
2025-10-25 00:58:33,275 [INFO] --- Validation episode 49/126 ---
2025-10-25 00:58:33,298 [INFO] --- Validation episode 50/126 ---
2025-10-25 00:58:33,320 [INFO] --- Validation episode 51/126 ---
2025-10-25 00:58:33,341 [INFO] --- Validation episode 52/126 ---
2025-10-25 00:58:33,366 [INFO] --- Validation episode 53/126 ---
2025-10-25 00:58:33,388 [INFO] --- Validation episode 54/126 ---
2025-10-25 00:58:33,409 [INFO] --- Validation episode 55/126 ---
2025-10-25 00:58:33,431 [INFO] --- Validation episode 56/126 ---
2025-10-25 00:58:33,463 [INFO] --- Validation episode 57/126 ---
2025-10-25 00:58:33,486 [INFO] --- Validation episode 58/126 ---
2025-10-25 00:58:33,507 [INFO] --- Validation episode 59/126 ---
2025-10-25 00:58:33,529 [INFO] --- Validation episode 60/126 ---
2025-10-25 00:58:33,551 [INFO] --- Validation episode 61/126 ---
2025-10-25 00:58:33,583 [INFO] --- Validation episode 62/126 ---
2025-10-25 00:58:33,616 [INFO] --- Validation episode 63/126 ---
2025-10-25 00:58:33,646 [INFO] --- Validation episode 64/126 ---
2025-10-25 00:58:33,676 [INFO] --- Validation episode 65/126 ---
2025-10-25 00:58:33,707 [INFO] --- Validation episode 66/126 ---
2025-10-25 00:58:33,729 [INFO] --- Validation episode 67/126 ---
2025-10-25 00:58:33,752 [INFO] --- Validation episode 68/126 ---
2025-10-25 00:58:33,775 [INFO] --- Validation episode 69/126 ---
2025-10-25 00:58:33,797 [INFO] --- Validation episode 70/126 ---
2025-10-25 00:58:33,819 [INFO] --- Validation episode 71/126 ---
2025-10-25 00:58:33,842 [INFO] --- Validation episode 72/126 ---
2025-10-25 00:58:33,865 [INFO] --- Validation episode 73/126 ---
2025-10-25 00:58:33,887 [INFO] --- Validation episode 74/126 ---
2025-10-25 00:58:33,909 [INFO] --- Validation episode 75/126 ---
2025-10-25 00:58:33,931 [INFO] --- Validation episode 76/126 ---
2025-10-25 00:58:33,953 [INFO] --- Validation episode 77/126 ---
2025-10-25 00:58:33,976 [INFO] --- Validation episode 78/126 ---
2025-10-25 00:58:33,999 [INFO] --- Validation episode 79/126 ---
2025-10-25 00:58:34,020 [INFO] --- Validation episode 80/126 ---
2025-10-25 00:58:34,042 [INFO] --- Validation episode 81/126 ---
2025-10-25 00:58:34,074 [INFO] --- Validation episode 82/126 ---
2025-10-25 00:58:34,108 [INFO] --- Validation episode 83/126 ---
2025-10-25 00:58:34,139 [INFO] --- Validation episode 84/126 ---
2025-10-25 00:58:34,169 [INFO] --- Validation episode 85/126 ---
2025-10-25 00:58:34,199 [INFO] --- Validation episode 86/126 ---
2025-10-25 00:58:34,223 [INFO] --- Validation episode 87/126 ---
2025-10-25 00:58:34,246 [INFO] --- Validation episode 88/126 ---
2025-10-25 00:58:34,268 [INFO] --- Validation episode 89/126 ---
2025-10-25 00:58:34,289 [INFO] --- Validation episode 90/126 ---
2025-10-25 00:58:34,310 [INFO] --- Validation episode 91/126 ---
2025-10-25 00:58:34,338 [INFO] --- Validation episode 92/126 ---
2025-10-25 00:58:34,370 [INFO] --- Validation episode 93/126 ---
2025-10-25 00:58:34,401 [INFO] --- Validation episode 94/126 ---
2025-10-25 00:58:34,431 [INFO] --- Validation episode 95/126 ---
2025-10-25 00:58:34,461 [INFO] --- Validation episode 96/126 ---
2025-10-25 00:58:34,484 [INFO] --- Validation episode 97/126 ---
2025-10-25 00:58:34,506 [INFO] --- Validation episode 98/126 ---
2025-10-25 00:58:34,530 [INFO] --- Validation episode 99/126 ---
2025-10-25 00:58:34,551 [INFO] --- Validation episode 100/126 ---
2025-10-25 00:58:34,572 [INFO] --- Validation episode 101/126 ---
2025-10-25 00:58:34,593 [INFO] --- Validation episode 102/126 ---
2025-10-25 00:58:34,616 [INFO] --- Validation episode 103/126 ---
2025-10-25 00:58:34,638 [INFO] --- Validation episode 104/126 ---
2025-10-25 00:58:34,659 [INFO] --- Validation episode 105/126 ---
2025-10-25 00:58:34,680 [INFO] --- Validation episode 106/126 ---
2025-10-25 00:58:34,713 [INFO] --- Validation episode 107/126 ---
2025-10-25 00:58:34,743 [INFO] --- Validation episode 108/126 ---
2025-10-25 00:58:34,773 [INFO] --- Validation episode 109/126 ---
2025-10-25 00:58:34,803 [INFO] --- Validation episode 110/126 ---
2025-10-25 00:58:34,834 [INFO] --- Validation episode 111/126 ---
2025-10-25 00:58:34,868 [INFO] --- Validation episode 112/126 ---
2025-10-25 00:58:34,899 [INFO] --- Validation episode 113/126 ---
2025-10-25 00:58:34,931 [INFO] --- Validation episode 114/126 ---
2025-10-25 00:58:34,962 [INFO] --- Validation episode 115/126 ---
2025-10-25 00:58:34,993 [INFO] --- Validation episode 116/126 ---
2025-10-25 00:58:35,026 [INFO] --- Validation episode 117/126 ---
2025-10-25 00:58:35,056 [INFO] --- Validation episode 118/126 ---
2025-10-25 00:58:35,087 [INFO] --- Validation episode 119/126 ---
2025-10-25 00:58:35,111 [INFO] --- Validation episode 120/126 ---
2025-10-25 00:58:35,135 [INFO] --- Validation episode 121/126 ---
2025-10-25 00:58:35,157 [INFO] --- Validation episode 122/126 ---
2025-10-25 00:58:35,180 [INFO] --- Validation episode 123/126 ---
2025-10-25 00:58:35,202 [INFO] --- Validation episode 124/126 ---
2025-10-25 00:58:35,225 [INFO] --- Validation episode 125/126 ---
2025-10-25 00:58:35,248 [INFO] --- Validation episode 126/126 ---
2025-10-25 00:58:35,271 [INFO] --- Ep_8000 Validation Results: mean_reward=-0.00255, Mean PnL: -18.67, Win rate: 51.79% ---
2025-10-25 00:58:35,271 [INFO] --- Finished Evaluation: Validation ---
2025-10-25 00:58:57,837 [INFO] --- Starting Evaluation: Validation, episodes=126 ---
2025-10-25 00:58:57,838 [INFO] --- Validation episode 1/126 ---
2025-10-25 00:58:57,865 [INFO] --- Validation episode 2/126 ---
2025-10-25 00:58:57,889 [INFO] --- Validation episode 3/126 ---
2025-10-25 00:58:57,912 [INFO] --- Validation episode 4/126 ---
2025-10-25 00:58:57,933 [INFO] --- Validation episode 5/126 ---
2025-10-25 00:58:57,955 [INFO] --- Validation episode 6/126 ---
2025-10-25 00:58:57,978 [INFO] --- Validation episode 7/126 ---
2025-10-25 00:58:58,002 [INFO] --- Validation episode 8/126 ---
2025-10-25 00:58:58,023 [INFO] --- Validation episode 9/126 ---
2025-10-25 00:58:58,045 [INFO] --- Validation episode 10/126 ---
2025-10-25 00:58:58,067 [INFO] --- Validation episode 11/126 ---
2025-10-25 00:58:58,093 [INFO] --- Validation episode 12/126 ---
2025-10-25 00:58:58,115 [INFO] --- Validation episode 13/126 ---
2025-10-25 00:58:58,138 [INFO] --- Validation episode 14/126 ---
2025-10-25 00:58:58,160 [INFO] --- Validation episode 15/126 ---
2025-10-25 00:58:58,182 [INFO] --- Validation episode 16/126 ---
2025-10-25 00:58:58,205 [INFO] --- Validation episode 17/126 ---
2025-10-25 00:58:58,227 [INFO] --- Validation episode 18/126 ---
2025-10-25 00:58:58,249 [INFO] --- Validation episode 19/126 ---
2025-10-25 00:58:58,271 [INFO] --- Validation episode 20/126 ---
2025-10-25 00:58:58,292 [INFO] --- Validation episode 21/126 ---
2025-10-25 00:58:58,314 [INFO] --- Validation episode 22/126 ---
2025-10-25 00:58:58,339 [INFO] --- Validation episode 23/126 ---
2025-10-25 00:58:58,361 [INFO] --- Validation episode 24/126 ---
2025-10-25 00:58:58,383 [INFO] --- Validation episode 25/126 ---
2025-10-25 00:58:58,404 [INFO] --- Validation episode 26/126 ---
2025-10-25 00:58:58,427 [INFO] --- Validation episode 27/126 ---
2025-10-25 00:58:58,450 [INFO] --- Validation episode 28/126 ---
2025-10-25 00:58:58,473 [INFO] --- Validation episode 29/126 ---
2025-10-25 00:58:58,494 [INFO] --- Validation episode 30/126 ---
2025-10-25 00:58:58,516 [INFO] --- Validation episode 31/126 ---
2025-10-25 00:58:58,539 [INFO] --- Validation episode 32/126 ---
2025-10-25 00:58:58,562 [INFO] --- Validation episode 33/126 ---
2025-10-25 00:58:58,584 [INFO] --- Validation episode 34/126 ---
2025-10-25 00:58:58,605 [INFO] --- Validation episode 35/126 ---
2025-10-25 00:58:58,627 [INFO] --- Validation episode 36/126 ---
2025-10-25 00:58:58,649 [INFO] --- Validation episode 37/126 ---
2025-10-25 00:58:58,672 [INFO] --- Validation episode 38/126 ---
2025-10-25 00:58:58,694 [INFO] --- Validation episode 39/126 ---
2025-10-25 00:58:58,717 [INFO] --- Validation episode 40/126 ---
2025-10-25 00:58:58,739 [INFO] --- Validation episode 41/126 ---
2025-10-25 00:58:58,760 [INFO] --- Validation episode 42/126 ---
2025-10-25 00:58:58,785 [INFO] --- Validation episode 43/126 ---
2025-10-25 00:58:58,807 [INFO] --- Validation episode 44/126 ---
2025-10-25 00:58:58,831 [INFO] --- Validation episode 45/126 ---
2025-10-25 00:58:58,854 [INFO] --- Validation episode 46/126 ---
2025-10-25 00:58:58,876 [INFO] --- Validation episode 47/126 ---
2025-10-25 00:58:58,901 [INFO] --- Validation episode 48/126 ---
2025-10-25 00:58:58,924 [INFO] --- Validation episode 49/126 ---
2025-10-25 00:58:58,947 [INFO] --- Validation episode 50/126 ---
2025-10-25 00:58:58,968 [INFO] --- Validation episode 51/126 ---
2025-10-25 00:58:58,991 [INFO] --- Validation episode 52/126 ---
2025-10-25 00:58:59,014 [INFO] --- Validation episode 53/126 ---
2025-10-25 00:58:59,037 [INFO] --- Validation episode 54/126 ---
2025-10-25 00:58:59,059 [INFO] --- Validation episode 55/126 ---
2025-10-25 00:58:59,080 [INFO] --- Validation episode 56/126 ---
2025-10-25 00:58:59,102 [INFO] --- Validation episode 57/126 ---
2025-10-25 00:58:59,126 [INFO] --- Validation episode 58/126 ---
2025-10-25 00:58:59,151 [INFO] --- Validation episode 59/126 ---
2025-10-25 00:58:59,173 [INFO] --- Validation episode 60/126 ---
2025-10-25 00:58:59,195 [INFO] --- Validation episode 61/126 ---
2025-10-25 00:58:59,216 [INFO] --- Validation episode 62/126 ---
2025-10-25 00:58:59,241 [INFO] --- Validation episode 63/126 ---
2025-10-25 00:58:59,264 [INFO] --- Validation episode 64/126 ---
2025-10-25 00:58:59,285 [INFO] --- Validation episode 65/126 ---
2025-10-25 00:58:59,306 [INFO] --- Validation episode 66/126 ---
2025-10-25 00:58:59,330 [INFO] --- Validation episode 67/126 ---
2025-10-25 00:58:59,353 [INFO] --- Validation episode 68/126 ---
2025-10-25 00:58:59,376 [INFO] --- Validation episode 69/126 ---
2025-10-25 00:58:59,397 [INFO] --- Validation episode 70/126 ---
2025-10-25 00:58:59,421 [INFO] --- Validation episode 71/126 ---
2025-10-25 00:58:59,444 [INFO] --- Validation episode 72/126 ---
2025-10-25 00:58:59,467 [INFO] --- Validation episode 73/126 ---
2025-10-25 00:58:59,490 [INFO] --- Validation episode 74/126 ---
2025-10-25 00:58:59,512 [INFO] --- Validation episode 75/126 ---
2025-10-25 00:58:59,534 [INFO] --- Validation episode 76/126 ---
2025-10-25 00:58:59,557 [INFO] --- Validation episode 77/126 ---
2025-10-25 00:58:59,579 [INFO] --- Validation episode 78/126 ---
2025-10-25 00:58:59,603 [INFO] --- Validation episode 79/126 ---
2025-10-25 00:58:59,624 [INFO] --- Validation episode 80/126 ---
2025-10-25 00:58:59,646 [INFO] --- Validation episode 81/126 ---
2025-10-25 00:58:59,667 [INFO] --- Validation episode 82/126 ---
2025-10-25 00:58:59,691 [INFO] --- Validation episode 83/126 ---
2025-10-25 00:58:59,714 [INFO] --- Validation episode 84/126 ---
2025-10-25 00:58:59,736 [INFO] --- Validation episode 85/126 ---
2025-10-25 00:58:59,757 [INFO] --- Validation episode 86/126 ---
2025-10-25 00:58:59,779 [INFO] --- Validation episode 87/126 ---
2025-10-25 00:58:59,801 [INFO] --- Validation episode 88/126 ---
2025-10-25 00:58:59,824 [INFO] --- Validation episode 89/126 ---
2025-10-25 00:58:59,846 [INFO] --- Validation episode 90/126 ---
2025-10-25 00:58:59,869 [INFO] --- Validation episode 91/126 ---
2025-10-25 00:58:59,891 [INFO] --- Validation episode 92/126 ---
2025-10-25 00:58:59,914 [INFO] --- Validation episode 93/126 ---
2025-10-25 00:58:59,937 [INFO] --- Validation episode 94/126 ---
2025-10-25 00:58:59,959 [INFO] --- Validation episode 95/126 ---
2025-10-25 00:58:59,981 [INFO] --- Validation episode 96/126 ---
2025-10-25 00:59:00,005 [INFO] --- Validation episode 97/126 ---
2025-10-25 00:59:00,029 [INFO] --- Validation episode 98/126 ---
2025-10-25 00:59:00,053 [INFO] --- Validation episode 99/126 ---
2025-10-25 00:59:00,074 [INFO] --- Validation episode 100/126 ---
2025-10-25 00:59:00,096 [INFO] --- Validation episode 101/126 ---
2025-10-25 00:59:00,117 [INFO] --- Validation episode 102/126 ---
2025-10-25 00:59:00,141 [INFO] --- Validation episode 103/126 ---
2025-10-25 00:59:00,165 [INFO] --- Validation episode 104/126 ---
2025-10-25 00:59:00,187 [INFO] --- Validation episode 105/126 ---
2025-10-25 00:59:00,209 [INFO] --- Validation episode 106/126 ---
2025-10-25 00:59:00,230 [INFO] --- Validation episode 107/126 ---
2025-10-25 00:59:00,254 [INFO] --- Validation episode 108/126 ---
2025-10-25 00:59:00,277 [INFO] --- Validation episode 109/126 ---
2025-10-25 00:59:00,300 [INFO] --- Validation episode 110/126 ---
2025-10-25 00:59:00,323 [INFO] --- Validation episode 111/126 ---
2025-10-25 00:59:00,346 [INFO] --- Validation episode 112/126 ---
2025-10-25 00:59:00,369 [INFO] --- Validation episode 113/126 ---
2025-10-25 00:59:00,392 [INFO] --- Validation episode 114/126 ---
2025-10-25 00:59:00,413 [INFO] --- Validation episode 115/126 ---
2025-10-25 00:59:00,435 [INFO] --- Validation episode 116/126 ---
2025-10-25 00:59:00,459 [INFO] --- Validation episode 117/126 ---
2025-10-25 00:59:00,481 [INFO] --- Validation episode 118/126 ---
2025-10-25 00:59:00,505 [INFO] --- Validation episode 119/126 ---
2025-10-25 00:59:00,526 [INFO] --- Validation episode 120/126 ---
2025-10-25 00:59:00,547 [INFO] --- Validation episode 121/126 ---
2025-10-25 00:59:00,570 [INFO] --- Validation episode 122/126 ---
2025-10-25 00:59:00,593 [INFO] --- Validation episode 123/126 ---
2025-10-25 00:59:00,616 [INFO] --- Validation episode 124/126 ---
2025-10-25 00:59:00,637 [INFO] --- Validation episode 125/126 ---
2025-10-25 00:59:00,658 [INFO] --- Validation episode 126/126 ---
2025-10-25 00:59:00,680 [INFO] --- Ep_9000 Validation Results: mean_reward=-0.00440, Mean PnL: -41.04, Win rate: 49.87% ---
2025-10-25 00:59:00,680 [INFO] --- Finished Evaluation: Validation ---
2025-10-25 00:59:23,124 [INFO] --- Starting Evaluation: Validation, episodes=126 ---
2025-10-25 00:59:23,125 [INFO] --- Validation episode 1/126 ---
2025-10-25 00:59:23,147 [INFO] --- Validation episode 2/126 ---
2025-10-25 00:59:23,171 [INFO] --- Validation episode 3/126 ---
2025-10-25 00:59:23,195 [INFO] --- Validation episode 4/126 ---
2025-10-25 00:59:23,218 [INFO] --- Validation episode 5/126 ---
2025-10-25 00:59:23,240 [INFO] --- Validation episode 6/126 ---
2025-10-25 00:59:23,274 [INFO] --- Validation episode 7/126 ---
2025-10-25 00:59:23,307 [INFO] --- Validation episode 8/126 ---
2025-10-25 00:59:23,337 [INFO] --- Validation episode 9/126 ---
2025-10-25 00:59:23,367 [INFO] --- Validation episode 10/126 ---
2025-10-25 00:59:23,397 [INFO] --- Validation episode 11/126 ---
2025-10-25 00:59:23,419 [INFO] --- Validation episode 12/126 ---
2025-10-25 00:59:23,443 [INFO] --- Validation episode 13/126 ---
2025-10-25 00:59:23,466 [INFO] --- Validation episode 14/126 ---
2025-10-25 00:59:23,488 [INFO] --- Validation episode 15/126 ---
2025-10-25 00:59:23,512 [INFO] --- Validation episode 16/126 ---
2025-10-25 00:59:23,534 [INFO] --- Validation episode 17/126 ---
2025-10-25 00:59:23,557 [INFO] --- Validation episode 18/126 ---
2025-10-25 00:59:23,580 [INFO] --- Validation episode 19/126 ---
2025-10-25 00:59:23,601 [INFO] --- Validation episode 20/126 ---
2025-10-25 00:59:23,623 [INFO] --- Validation episode 21/126 ---
2025-10-25 00:59:23,646 [INFO] --- Validation episode 22/126 ---
2025-10-25 00:59:23,668 [INFO] --- Validation episode 23/126 ---
2025-10-25 00:59:23,690 [INFO] --- Validation episode 24/126 ---
2025-10-25 00:59:23,712 [INFO] --- Validation episode 25/126 ---
2025-10-25 00:59:23,734 [INFO] --- Validation episode 26/126 ---
2025-10-25 00:59:23,756 [INFO] --- Validation episode 27/126 ---
2025-10-25 00:59:23,779 [INFO] --- Validation episode 28/126 ---
2025-10-25 00:59:23,803 [INFO] --- Validation episode 29/126 ---
2025-10-25 00:59:23,824 [INFO] --- Validation episode 30/126 ---
2025-10-25 00:59:23,846 [INFO] --- Validation episode 31/126 ---
2025-10-25 00:59:23,868 [INFO] --- Validation episode 32/126 ---
2025-10-25 00:59:23,892 [INFO] --- Validation episode 33/126 ---
2025-10-25 00:59:23,914 [INFO] --- Validation episode 34/126 ---
2025-10-25 00:59:23,938 [INFO] --- Validation episode 35/126 ---
2025-10-25 00:59:23,959 [INFO] --- Validation episode 36/126 ---
2025-10-25 00:59:23,992 [INFO] --- Validation episode 37/126 ---
2025-10-25 00:59:24,025 [INFO] --- Validation episode 38/126 ---
2025-10-25 00:59:24,056 [INFO] --- Validation episode 39/126 ---
2025-10-25 00:59:24,085 [INFO] --- Validation episode 40/126 ---
2025-10-25 00:59:24,117 [INFO] --- Validation episode 41/126 ---
2025-10-25 00:59:24,141 [INFO] --- Validation episode 42/126 ---
2025-10-25 00:59:24,164 [INFO] --- Validation episode 43/126 ---
2025-10-25 00:59:24,187 [INFO] --- Validation episode 44/126 ---
2025-10-25 00:59:24,209 [INFO] --- Validation episode 45/126 ---
2025-10-25 00:59:24,230 [INFO] --- Validation episode 46/126 ---
2025-10-25 00:59:24,252 [INFO] --- Validation episode 47/126 ---
2025-10-25 00:59:24,276 [INFO] --- Validation episode 48/126 ---
2025-10-25 00:59:24,299 [INFO] --- Validation episode 49/126 ---
2025-10-25 00:59:24,320 [INFO] --- Validation episode 50/126 ---
2025-10-25 00:59:24,342 [INFO] --- Validation episode 51/126 ---
2025-10-25 00:59:24,365 [INFO] --- Validation episode 52/126 ---
2025-10-25 00:59:24,388 [INFO] --- Validation episode 53/126 ---
2025-10-25 00:59:24,411 [INFO] --- Validation episode 54/126 ---
2025-10-25 00:59:24,432 [INFO] --- Validation episode 55/126 ---
2025-10-25 00:59:24,454 [INFO] --- Validation episode 56/126 ---
2025-10-25 00:59:24,477 [INFO] --- Validation episode 57/126 ---
2025-10-25 00:59:24,499 [INFO] --- Validation episode 58/126 ---
2025-10-25 00:59:24,523 [INFO] --- Validation episode 59/126 ---
2025-10-25 00:59:24,544 [INFO] --- Validation episode 60/126 ---
2025-10-25 00:59:24,566 [INFO] --- Validation episode 61/126 ---
2025-10-25 00:59:24,587 [INFO] --- Validation episode 62/126 ---
2025-10-25 00:59:24,611 [INFO] --- Validation episode 63/126 ---
2025-10-25 00:59:24,632 [INFO] --- Validation episode 64/126 ---
2025-10-25 00:59:24,656 [INFO] --- Validation episode 65/126 ---
2025-10-25 00:59:24,677 [INFO] --- Validation episode 66/126 ---
2025-10-25 00:59:24,701 [INFO] --- Validation episode 67/126 ---
2025-10-25 00:59:24,724 [INFO] --- Validation episode 68/126 ---
2025-10-25 00:59:24,747 [INFO] --- Validation episode 69/126 ---
2025-10-25 00:59:24,768 [INFO] --- Validation episode 70/126 ---
2025-10-25 00:59:24,790 [INFO] --- Validation episode 71/126 ---
2025-10-25 00:59:24,813 [INFO] --- Validation episode 72/126 ---
2025-10-25 00:59:24,836 [INFO] --- Validation episode 73/126 ---
2025-10-25 00:59:24,860 [INFO] --- Validation episode 74/126 ---
2025-10-25 00:59:24,882 [INFO] --- Validation episode 75/126 ---
2025-10-25 00:59:24,904 [INFO] --- Validation episode 76/126 ---
2025-10-25 00:59:24,927 [INFO] --- Validation episode 77/126 ---
2025-10-25 00:59:24,950 [INFO] --- Validation episode 78/126 ---
2025-10-25 00:59:24,974 [INFO] --- Validation episode 79/126 ---
2025-10-25 00:59:24,997 [INFO] --- Validation episode 80/126 ---
2025-10-25 00:59:25,020 [INFO] --- Validation episode 81/126 ---
2025-10-25 00:59:25,043 [INFO] --- Validation episode 82/126 ---
2025-10-25 00:59:25,065 [INFO] --- Validation episode 83/126 ---
2025-10-25 00:59:25,089 [INFO] --- Validation episode 84/126 ---
2025-10-25 00:59:25,110 [INFO] --- Validation episode 85/126 ---
2025-10-25 00:59:25,132 [INFO] --- Validation episode 86/126 ---
2025-10-25 00:59:25,154 [INFO] --- Validation episode 87/126 ---
2025-10-25 00:59:25,178 [INFO] --- Validation episode 88/126 ---
2025-10-25 00:59:25,201 [INFO] --- Validation episode 89/126 ---
2025-10-25 00:59:25,222 [INFO] --- Validation episode 90/126 ---
2025-10-25 00:59:25,244 [INFO] --- Validation episode 91/126 ---
2025-10-25 00:59:25,265 [INFO] --- Validation episode 92/126 ---
2025-10-25 00:59:25,289 [INFO] --- Validation episode 93/126 ---
2025-10-25 00:59:25,312 [INFO] --- Validation episode 94/126 ---
2025-10-25 00:59:25,335 [INFO] --- Validation episode 95/126 ---
2025-10-25 00:59:25,356 [INFO] --- Validation episode 96/126 ---
2025-10-25 00:59:25,379 [INFO] --- Validation episode 97/126 ---
2025-10-25 00:59:25,403 [INFO] --- Validation episode 98/126 ---
2025-10-25 00:59:25,425 [INFO] --- Validation episode 99/126 ---
2025-10-25 00:59:25,446 [INFO] --- Validation episode 100/126 ---
2025-10-25 00:59:25,468 [INFO] --- Validation episode 101/126 ---
2025-10-25 00:59:25,491 [INFO] --- Validation episode 102/126 ---
2025-10-25 00:59:25,514 [INFO] --- Validation episode 103/126 ---
2025-10-25 00:59:25,537 [INFO] --- Validation episode 104/126 ---
2025-10-25 00:59:25,559 [INFO] --- Validation episode 105/126 ---
2025-10-25 00:59:25,581 [INFO] --- Validation episode 106/126 ---
2025-10-25 00:59:25,602 [INFO] --- Validation episode 107/126 ---
2025-10-25 00:59:25,625 [INFO] --- Validation episode 108/126 ---
2025-10-25 00:59:25,648 [INFO] --- Validation episode 109/126 ---
2025-10-25 00:59:25,670 [INFO] --- Validation episode 110/126 ---
2025-10-25 00:59:25,691 [INFO] --- Validation episode 111/126 ---
2025-10-25 00:59:25,714 [INFO] --- Validation episode 112/126 ---
2025-10-25 00:59:25,737 [INFO] --- Validation episode 113/126 ---
2025-10-25 00:59:25,760 [INFO] --- Validation episode 114/126 ---
2025-10-25 00:59:25,781 [INFO] --- Validation episode 115/126 ---
2025-10-25 00:59:25,803 [INFO] --- Validation episode 116/126 ---
2025-10-25 00:59:25,827 [INFO] --- Validation episode 117/126 ---
2025-10-25 00:59:25,850 [INFO] --- Validation episode 118/126 ---
2025-10-25 00:59:25,873 [INFO] --- Validation episode 119/126 ---
2025-10-25 00:59:25,894 [INFO] --- Validation episode 120/126 ---
2025-10-25 00:59:25,915 [INFO] --- Validation episode 121/126 ---
2025-10-25 00:59:25,937 [INFO] --- Validation episode 122/126 ---
2025-10-25 00:59:25,964 [INFO] --- Validation episode 123/126 ---
2025-10-25 00:59:25,988 [INFO] --- Validation episode 124/126 ---
2025-10-25 00:59:26,009 [INFO] --- Validation episode 125/126 ---
2025-10-25 00:59:26,031 [INFO] --- Validation episode 126/126 ---
2025-10-25 00:59:26,053 [INFO] --- Ep_10000 Validation Results: mean_reward=-0.00230, Mean PnL: -20.94, Win rate: 49.60% ---
2025-10-25 00:59:26,053 [INFO] --- Finished Evaluation: Validation ---
2025-10-25 00:59:48,459 [INFO] --- Starting Evaluation: Validation, episodes=126 ---
2025-10-25 00:59:48,459 [INFO] --- Validation episode 1/126 ---
2025-10-25 00:59:48,482 [INFO] --- Validation episode 2/126 ---
2025-10-25 00:59:48,507 [INFO] --- Validation episode 3/126 ---
2025-10-25 00:59:48,529 [INFO] --- Validation episode 4/126 ---
2025-10-25 00:59:48,552 [INFO] --- Validation episode 5/126 ---
2025-10-25 00:59:48,574 [INFO] --- Validation episode 6/126 ---
2025-10-25 00:59:48,597 [INFO] --- Validation episode 7/126 ---
2025-10-25 00:59:48,620 [INFO] --- Validation episode 8/126 ---
2025-10-25 00:59:48,643 [INFO] --- Validation episode 9/126 ---
2025-10-25 00:59:48,664 [INFO] --- Validation episode 10/126 ---
2025-10-25 00:59:48,686 [INFO] --- Validation episode 11/126 ---
2025-10-25 00:59:48,708 [INFO] --- Validation episode 12/126 ---
2025-10-25 00:59:48,731 [INFO] --- Validation episode 13/126 ---
2025-10-25 00:59:48,753 [INFO] --- Validation episode 14/126 ---
2025-10-25 00:59:48,776 [INFO] --- Validation episode 15/126 ---
2025-10-25 00:59:48,798 [INFO] --- Validation episode 16/126 ---
2025-10-25 00:59:48,819 [INFO] --- Validation episode 17/126 ---
2025-10-25 00:59:48,844 [INFO] --- Validation episode 18/126 ---
2025-10-25 00:59:48,867 [INFO] --- Validation episode 19/126 ---
2025-10-25 00:59:48,891 [INFO] --- Validation episode 20/126 ---
2025-10-25 00:59:48,913 [INFO] --- Validation episode 21/126 ---
2025-10-25 00:59:48,936 [INFO] --- Validation episode 22/126 ---
2025-10-25 00:59:48,960 [INFO] --- Validation episode 23/126 ---
2025-10-25 00:59:48,982 [INFO] --- Validation episode 24/126 ---
2025-10-25 00:59:49,004 [INFO] --- Validation episode 25/126 ---
2025-10-25 00:59:49,025 [INFO] --- Validation episode 26/126 ---
2025-10-25 00:59:49,048 [INFO] --- Validation episode 27/126 ---
2025-10-25 00:59:49,070 [INFO] --- Validation episode 28/126 ---
2025-10-25 00:59:49,093 [INFO] --- Validation episode 29/126 ---
2025-10-25 00:59:49,114 [INFO] --- Validation episode 30/126 ---
2025-10-25 00:59:49,136 [INFO] --- Validation episode 31/126 ---
2025-10-25 00:59:49,168 [INFO] --- Validation episode 32/126 ---
2025-10-25 00:59:49,201 [INFO] --- Validation episode 33/126 ---
2025-10-25 00:59:49,231 [INFO] --- Validation episode 34/126 ---
2025-10-25 00:59:49,261 [INFO] --- Validation episode 35/126 ---
2025-10-25 00:59:49,292 [INFO] --- Validation episode 36/126 ---
2025-10-25 00:59:49,315 [INFO] --- Validation episode 37/126 ---
2025-10-25 00:59:49,337 [INFO] --- Validation episode 38/126 ---
2025-10-25 00:59:49,361 [INFO] --- Validation episode 39/126 ---
2025-10-25 00:59:49,384 [INFO] --- Validation episode 40/126 ---
2025-10-25 00:59:49,405 [INFO] --- Validation episode 41/126 ---
2025-10-25 00:59:49,433 [INFO] --- Validation episode 42/126 ---
2025-10-25 00:59:49,465 [INFO] --- Validation episode 43/126 ---
2025-10-25 00:59:49,496 [INFO] --- Validation episode 44/126 ---
2025-10-25 00:59:49,526 [INFO] --- Validation episode 45/126 ---
2025-10-25 00:59:49,557 [INFO] --- Validation episode 46/126 ---
2025-10-25 00:59:49,587 [INFO] --- Validation episode 47/126 ---
2025-10-25 00:59:49,622 [INFO] --- Validation episode 48/126 ---
2025-10-25 00:59:49,652 [INFO] --- Validation episode 49/126 ---
2025-10-25 00:59:49,683 [INFO] --- Validation episode 50/126 ---
2025-10-25 00:59:49,704 [INFO] --- Validation episode 51/126 ---
2025-10-25 00:59:49,729 [INFO] --- Validation episode 52/126 ---
2025-10-25 00:59:49,751 [INFO] --- Validation episode 53/126 ---
2025-10-25 00:59:49,773 [INFO] --- Validation episode 54/126 ---
2025-10-25 00:59:49,794 [INFO] --- Validation episode 55/126 ---
2025-10-25 00:59:49,817 [INFO] --- Validation episode 56/126 ---
2025-10-25 00:59:49,840 [INFO] --- Validation episode 57/126 ---
2025-10-25 00:59:49,863 [INFO] --- Validation episode 58/126 ---
2025-10-25 00:59:49,885 [INFO] --- Validation episode 59/126 ---
2025-10-25 00:59:49,917 [INFO] --- Validation episode 60/126 ---
2025-10-25 00:59:49,938 [INFO] --- Validation episode 61/126 ---
2025-10-25 00:59:49,962 [INFO] --- Validation episode 62/126 ---
2025-10-25 00:59:49,984 [INFO] --- Validation episode 63/126 ---
2025-10-25 00:59:50,006 [INFO] --- Validation episode 64/126 ---
2025-10-25 00:59:50,027 [INFO] --- Validation episode 65/126 ---
2025-10-25 00:59:50,051 [INFO] --- Validation episode 66/126 ---
2025-10-25 00:59:50,075 [INFO] --- Validation episode 67/126 ---
2025-10-25 00:59:50,096 [INFO] --- Validation episode 68/126 ---
2025-10-25 00:59:50,117 [INFO] --- Validation episode 69/126 ---
2025-10-25 00:59:50,139 [INFO] --- Validation episode 70/126 ---
2025-10-25 00:59:50,162 [INFO] --- Validation episode 71/126 ---
2025-10-25 00:59:50,185 [INFO] --- Validation episode 72/126 ---
2025-10-25 00:59:50,208 [INFO] --- Validation episode 73/126 ---
2025-10-25 00:59:50,229 [INFO] --- Validation episode 74/126 ---
2025-10-25 00:59:50,251 [INFO] --- Validation episode 75/126 ---
2025-10-25 00:59:50,272 [INFO] --- Validation episode 76/126 ---
2025-10-25 00:59:50,297 [INFO] --- Validation episode 77/126 ---
2025-10-25 00:59:50,319 [INFO] --- Validation episode 78/126 ---
2025-10-25 00:59:50,344 [INFO] --- Validation episode 79/126 ---
2025-10-25 00:59:50,375 [INFO] --- Validation episode 80/126 ---
2025-10-25 00:59:50,398 [INFO] --- Validation episode 81/126 ---
2025-10-25 00:59:50,421 [INFO] --- Validation episode 82/126 ---
2025-10-25 00:59:50,444 [INFO] --- Validation episode 83/126 ---
2025-10-25 00:59:50,465 [INFO] --- Validation episode 84/126 ---
2025-10-25 00:59:50,487 [INFO] --- Validation episode 85/126 ---
2025-10-25 00:59:50,519 [INFO] --- Validation episode 86/126 ---
2025-10-25 00:59:50,552 [INFO] --- Validation episode 87/126 ---
2025-10-25 00:59:50,582 [INFO] --- Validation episode 88/126 ---
2025-10-25 00:59:50,612 [INFO] --- Validation episode 89/126 ---
2025-10-25 00:59:50,643 [INFO] --- Validation episode 90/126 ---
2025-10-25 00:59:50,666 [INFO] --- Validation episode 91/126 ---
2025-10-25 00:59:50,690 [INFO] --- Validation episode 92/126 ---
2025-10-25 00:59:50,712 [INFO] --- Validation episode 93/126 ---
2025-10-25 00:59:50,734 [INFO] --- Validation episode 94/126 ---
2025-10-25 00:59:50,756 [INFO] --- Validation episode 95/126 ---
2025-10-25 00:59:50,778 [INFO] --- Validation episode 96/126 ---
2025-10-25 00:59:50,801 [INFO] --- Validation episode 97/126 ---
2025-10-25 00:59:50,822 [INFO] --- Validation episode 98/126 ---
2025-10-25 00:59:50,845 [INFO] --- Validation episode 99/126 ---
2025-10-25 00:59:50,867 [INFO] --- Validation episode 100/126 ---
2025-10-25 00:59:50,890 [INFO] --- Validation episode 101/126 ---
2025-10-25 00:59:50,912 [INFO] --- Validation episode 102/126 ---
2025-10-25 00:59:50,934 [INFO] --- Validation episode 103/126 ---
2025-10-25 00:59:50,958 [INFO] --- Validation episode 104/126 ---
2025-10-25 00:59:50,980 [INFO] --- Validation episode 105/126 ---
2025-10-25 00:59:51,013 [INFO] --- Validation episode 106/126 ---
2025-10-25 00:59:51,045 [INFO] --- Validation episode 107/126 ---
2025-10-25 00:59:51,075 [INFO] --- Validation episode 108/126 ---
2025-10-25 00:59:51,105 [INFO] --- Validation episode 109/126 ---
2025-10-25 00:59:51,135 [INFO] --- Validation episode 110/126 ---
2025-10-25 00:59:51,162 [INFO] --- Validation episode 111/126 ---
2025-10-25 00:59:51,199 [INFO] --- Validation episode 112/126 ---
2025-10-25 00:59:51,227 [INFO] --- Validation episode 113/126 ---
2025-10-25 00:59:51,249 [INFO] --- Validation episode 114/126 ---
2025-10-25 00:59:51,279 [INFO] --- Validation episode 115/126 ---
2025-10-25 00:59:51,311 [INFO] --- Validation episode 116/126 ---
2025-10-25 00:59:51,342 [INFO] --- Validation episode 117/126 ---
2025-10-25 00:59:51,373 [INFO] --- Validation episode 118/126 ---
2025-10-25 00:59:51,394 [INFO] --- Validation episode 119/126 ---
2025-10-25 00:59:51,416 [INFO] --- Validation episode 120/126 ---
2025-10-25 00:59:51,438 [INFO] --- Validation episode 121/126 ---
2025-10-25 00:59:51,460 [INFO] --- Validation episode 122/126 ---
2025-10-25 00:59:51,483 [INFO] --- Validation episode 123/126 ---
2025-10-25 00:59:51,513 [INFO] --- Validation episode 124/126 ---
2025-10-25 00:59:51,545 [INFO] --- Validation episode 125/126 ---
2025-10-25 00:59:51,576 [INFO] --- Validation episode 126/126 ---
2025-10-25 00:59:51,607 [INFO] --- Ep_11000 Validation Results: mean_reward=0.00270, Mean PnL: 30.14, Win rate: 55.62% ---
2025-10-25 00:59:51,607 [INFO] --- Finished Evaluation: Validation ---
2025-10-25 00:59:51,631 [INFO] Checkpoint saved to output\alpha\saved_models\rl_binance_futures_trading_date_20251025_time_005510\best.pth (policy+target+optimizer+scaler+meta).
2025-10-25 00:59:51,632 [INFO] New Best model by Validation_mean_pnl = 30.14. Episode = 11000: output\alpha\saved_models\rl_binance_futures_trading_date_20251025_time_005510\best.pth
2025-10-25 01:00:14,190 [INFO] --- Starting Evaluation: Validation, episodes=126 ---
2025-10-25 01:00:14,191 [INFO] --- Validation episode 1/126 ---
2025-10-25 01:00:14,223 [INFO] --- Validation episode 2/126 ---
2025-10-25 01:00:14,255 [INFO] --- Validation episode 3/126 ---
2025-10-25 01:00:14,287 [INFO] --- Validation episode 4/126 ---
2025-10-25 01:00:14,318 [INFO] --- Validation episode 5/126 ---
2025-10-25 01:00:14,341 [INFO] --- Validation episode 6/126 ---
2025-10-25 01:00:14,365 [INFO] --- Validation episode 7/126 ---
2025-10-25 01:00:14,388 [INFO] --- Validation episode 8/126 ---
2025-10-25 01:00:14,410 [INFO] --- Validation episode 9/126 ---
2025-10-25 01:00:14,431 [INFO] --- Validation episode 10/126 ---
2025-10-25 01:00:14,464 [INFO] --- Validation episode 11/126 ---
2025-10-25 01:00:14,496 [INFO] --- Validation episode 12/126 ---
2025-10-25 01:00:14,530 [INFO] --- Validation episode 13/126 ---
2025-10-25 01:00:14,564 [INFO] --- Validation episode 14/126 ---
2025-10-25 01:00:14,588 [INFO] --- Validation episode 15/126 ---
2025-10-25 01:00:14,612 [INFO] --- Validation episode 16/126 ---
2025-10-25 01:00:14,634 [INFO] --- Validation episode 17/126 ---
2025-10-25 01:00:14,655 [INFO] --- Validation episode 18/126 ---
2025-10-25 01:00:14,677 [INFO] --- Validation episode 19/126 ---
2025-10-25 01:00:14,703 [INFO] --- Validation episode 20/126 ---
2025-10-25 01:00:14,736 [INFO] --- Validation episode 21/126 ---
2025-10-25 01:00:14,768 [INFO] --- Validation episode 22/126 ---
2025-10-25 01:00:14,800 [INFO] --- Validation episode 23/126 ---
2025-10-25 01:00:14,824 [INFO] --- Validation episode 24/126 ---
2025-10-25 01:00:14,848 [INFO] --- Validation episode 25/126 ---
2025-10-25 01:00:14,870 [INFO] --- Validation episode 26/126 ---
2025-10-25 01:00:14,893 [INFO] --- Validation episode 27/126 ---
2025-10-25 01:00:14,915 [INFO] --- Validation episode 28/126 ---
2025-10-25 01:00:14,947 [INFO] --- Validation episode 29/126 ---
2025-10-25 01:00:14,979 [INFO] --- Validation episode 30/126 ---
2025-10-25 01:00:15,010 [INFO] --- Validation episode 31/126 ---
2025-10-25 01:00:15,042 [INFO] --- Validation episode 32/126 ---
2025-10-25 01:00:15,067 [INFO] --- Validation episode 33/126 ---
2025-10-25 01:00:15,100 [INFO] --- Validation episode 34/126 ---
2025-10-25 01:00:15,130 [INFO] --- Validation episode 35/126 ---
2025-10-25 01:00:15,160 [INFO] --- Validation episode 36/126 ---
2025-10-25 01:00:15,182 [INFO] --- Validation episode 37/126 ---
2025-10-25 01:00:15,205 [INFO] --- Validation episode 38/126 ---
2025-10-25 01:00:15,228 [INFO] --- Validation episode 39/126 ---
2025-10-25 01:00:15,250 [INFO] --- Validation episode 40/126 ---
2025-10-25 01:00:15,273 [INFO] --- Validation episode 41/126 ---
2025-10-25 01:00:15,301 [INFO] --- Validation episode 42/126 ---
2025-10-25 01:00:15,324 [INFO] --- Validation episode 43/126 ---
2025-10-25 01:00:15,349 [INFO] --- Validation episode 44/126 ---
2025-10-25 01:00:15,371 [INFO] --- Validation episode 45/126 ---
2025-10-25 01:00:15,393 [INFO] --- Validation episode 46/126 ---
2025-10-25 01:00:15,416 [INFO] --- Validation episode 47/126 ---
2025-10-25 01:00:15,438 [INFO] --- Validation episode 48/126 ---
2025-10-25 01:00:15,460 [INFO] --- Validation episode 49/126 ---
2025-10-25 01:00:15,480 [INFO] --- Validation episode 50/126 ---
2025-10-25 01:00:15,501 [INFO] --- Validation episode 51/126 ---
2025-10-25 01:00:15,531 [INFO] --- Validation episode 52/126 ---
2025-10-25 01:00:15,565 [INFO] --- Validation episode 53/126 ---
2025-10-25 01:00:15,595 [INFO] --- Validation episode 54/126 ---
2025-10-25 01:00:15,624 [INFO] --- Validation episode 55/126 ---
2025-10-25 01:00:15,655 [INFO] --- Validation episode 56/126 ---
2025-10-25 01:00:15,679 [INFO] --- Validation episode 57/126 ---
2025-10-25 01:00:15,710 [INFO] --- Validation episode 58/126 ---
2025-10-25 01:00:15,742 [INFO] --- Validation episode 59/126 ---
2025-10-25 01:00:15,773 [INFO] --- Validation episode 60/126 ---
2025-10-25 01:00:15,794 [INFO] --- Validation episode 61/126 ---
2025-10-25 01:00:15,818 [INFO] --- Validation episode 62/126 ---
2025-10-25 01:00:15,840 [INFO] --- Validation episode 63/126 ---
2025-10-25 01:00:15,862 [INFO] --- Validation episode 64/126 ---
2025-10-25 01:00:15,885 [INFO] --- Validation episode 65/126 ---
2025-10-25 01:00:15,908 [INFO] --- Validation episode 66/126 ---
2025-10-25 01:00:15,931 [INFO] --- Validation episode 67/126 ---
2025-10-25 01:00:15,954 [INFO] --- Validation episode 68/126 ---
2025-10-25 01:00:15,976 [INFO] --- Validation episode 69/126 ---
2025-10-25 01:00:15,998 [INFO] --- Validation episode 70/126 ---
2025-10-25 01:00:16,020 [INFO] --- Validation episode 71/126 ---
2025-10-25 01:00:16,042 [INFO] --- Validation episode 72/126 ---
2025-10-25 01:00:16,065 [INFO] --- Validation episode 73/126 ---
2025-10-25 01:00:16,087 [INFO] --- Validation episode 74/126 ---
2025-10-25 01:00:16,108 [INFO] --- Validation episode 75/126 ---
2025-10-25 01:00:16,130 [INFO] --- Validation episode 76/126 ---
2025-10-25 01:00:16,153 [INFO] --- Validation episode 77/126 ---
2025-10-25 01:00:16,175 [INFO] --- Validation episode 78/126 ---
2025-10-25 01:00:16,198 [INFO] --- Validation episode 79/126 ---
2025-10-25 01:00:16,220 [INFO] --- Validation episode 80/126 ---
2025-10-25 01:00:16,249 [INFO] --- Validation episode 81/126 ---
2025-10-25 01:00:16,280 [INFO] --- Validation episode 82/126 ---
2025-10-25 01:00:16,312 [INFO] --- Validation episode 83/126 ---
2025-10-25 01:00:16,342 [INFO] --- Validation episode 84/126 ---
2025-10-25 01:00:16,373 [INFO] --- Validation episode 85/126 ---
2025-10-25 01:00:16,396 [INFO] --- Validation episode 86/126 ---
2025-10-25 01:00:16,428 [INFO] --- Validation episode 87/126 ---
2025-10-25 01:00:16,460 [INFO] --- Validation episode 88/126 ---
2025-10-25 01:00:16,491 [INFO] --- Validation episode 89/126 ---
2025-10-25 01:00:16,521 [INFO] --- Validation episode 90/126 ---
2025-10-25 01:00:16,555 [INFO] --- Validation episode 91/126 ---
2025-10-25 01:00:16,587 [INFO] --- Validation episode 92/126 ---
2025-10-25 01:00:16,617 [INFO] --- Validation episode 93/126 ---
2025-10-25 01:00:16,648 [INFO] --- Validation episode 94/126 ---
2025-10-25 01:00:16,680 [INFO] --- Validation episode 95/126 ---
2025-10-25 01:00:16,710 [INFO] --- Validation episode 96/126 ---
2025-10-25 01:00:16,741 [INFO] --- Validation episode 97/126 ---
2025-10-25 01:00:16,765 [INFO] --- Validation episode 98/126 ---
2025-10-25 01:00:16,798 [INFO] --- Validation episode 99/126 ---
2025-10-25 01:00:16,832 [INFO] --- Validation episode 100/126 ---
2025-10-25 01:00:16,863 [INFO] --- Validation episode 101/126 ---
2025-10-25 01:00:16,888 [INFO] --- Validation episode 102/126 ---
2025-10-25 01:00:16,912 [INFO] --- Validation episode 103/126 ---
2025-10-25 01:00:16,934 [INFO] --- Validation episode 104/126 ---
2025-10-25 01:00:16,956 [INFO] --- Validation episode 105/126 ---
2025-10-25 01:00:16,978 [INFO] --- Validation episode 106/126 ---
2025-10-25 01:00:17,001 [INFO] --- Validation episode 107/126 ---
2025-10-25 01:00:17,023 [INFO] --- Validation episode 108/126 ---
2025-10-25 01:00:17,045 [INFO] --- Validation episode 109/126 ---
2025-10-25 01:00:17,066 [INFO] --- Validation episode 110/126 ---
2025-10-25 01:00:17,089 [INFO] --- Validation episode 111/126 ---
2025-10-25 01:00:17,121 [INFO] --- Validation episode 112/126 ---
2025-10-25 01:00:17,154 [INFO] --- Validation episode 113/126 ---
2025-10-25 01:00:17,184 [INFO] --- Validation episode 114/126 ---
2025-10-25 01:00:17,215 [INFO] --- Validation episode 115/126 ---
2025-10-25 01:00:17,238 [INFO] --- Validation episode 116/126 ---
2025-10-25 01:00:17,261 [INFO] --- Validation episode 117/126 ---
2025-10-25 01:00:17,284 [INFO] --- Validation episode 118/126 ---
2025-10-25 01:00:17,306 [INFO] --- Validation episode 119/126 ---
2025-10-25 01:00:17,328 [INFO] --- Validation episode 120/126 ---
2025-10-25 01:00:17,350 [INFO] --- Validation episode 121/126 ---
2025-10-25 01:00:17,373 [INFO] --- Validation episode 122/126 ---
2025-10-25 01:00:17,395 [INFO] --- Validation episode 123/126 ---
2025-10-25 01:00:17,417 [INFO] --- Validation episode 124/126 ---
2025-10-25 01:00:17,439 [INFO] --- Validation episode 125/126 ---
2025-10-25 01:00:17,460 [INFO] --- Validation episode 126/126 ---
2025-10-25 01:00:17,484 [INFO] --- Ep_12000 Validation Results: mean_reward=0.00725, Mean PnL: 74.88, Win rate: 59.26% ---
2025-10-25 01:00:17,484 [INFO] --- Finished Evaluation: Validation ---
2025-10-25 01:00:17,507 [INFO] Checkpoint saved to output\alpha\saved_models\rl_binance_futures_trading_date_20251025_time_005510\best.pth (policy+target+optimizer+scaler+meta).
2025-10-25 01:00:17,507 [INFO] New Best model by Validation_mean_pnl = 74.88. Episode = 12000: output\alpha\saved_models\rl_binance_futures_trading_date_20251025_time_005510\best.pth
2025-10-25 01:00:39,909 [INFO] --- Starting Evaluation: Validation, episodes=126 ---
2025-10-25 01:00:39,910 [INFO] --- Validation episode 1/126 ---
2025-10-25 01:00:39,935 [INFO] --- Validation episode 2/126 ---
2025-10-25 01:00:39,957 [INFO] --- Validation episode 3/126 ---
2025-10-25 01:00:39,980 [INFO] --- Validation episode 4/126 ---
2025-10-25 01:00:40,002 [INFO] --- Validation episode 5/126 ---
2025-10-25 01:00:40,024 [INFO] --- Validation episode 6/126 ---
2025-10-25 01:00:40,046 [INFO] --- Validation episode 7/126 ---
2025-10-25 01:00:40,070 [INFO] --- Validation episode 8/126 ---
2025-10-25 01:00:40,093 [INFO] --- Validation episode 9/126 ---
2025-10-25 01:00:40,116 [INFO] --- Validation episode 10/126 ---
2025-10-25 01:00:40,138 [INFO] --- Validation episode 11/126 ---
2025-10-25 01:00:40,171 [INFO] --- Validation episode 12/126 ---
2025-10-25 01:00:40,204 [INFO] --- Validation episode 13/126 ---
2025-10-25 01:00:40,236 [INFO] --- Validation episode 14/126 ---
2025-10-25 01:00:40,266 [INFO] --- Validation episode 15/126 ---
2025-10-25 01:00:40,297 [INFO] --- Validation episode 16/126 ---
2025-10-25 01:00:40,319 [INFO] --- Validation episode 17/126 ---
2025-10-25 01:00:40,342 [INFO] --- Validation episode 18/126 ---
2025-10-25 01:00:40,365 [INFO] --- Validation episode 19/126 ---
2025-10-25 01:00:40,387 [INFO] --- Validation episode 20/126 ---
2025-10-25 01:00:40,409 [INFO] --- Validation episode 21/126 ---
2025-10-25 01:00:40,441 [INFO] --- Validation episode 22/126 ---
2025-10-25 01:00:40,474 [INFO] --- Validation episode 23/126 ---
2025-10-25 01:00:40,506 [INFO] --- Validation episode 24/126 ---
2025-10-25 01:00:40,536 [INFO] --- Validation episode 25/126 ---
2025-10-25 01:00:40,566 [INFO] --- Validation episode 26/126 ---
2025-10-25 01:00:40,589 [INFO] --- Validation episode 27/126 ---
2025-10-25 01:00:40,612 [INFO] --- Validation episode 28/126 ---
2025-10-25 01:00:40,635 [INFO] --- Validation episode 29/126 ---
2025-10-25 01:00:40,657 [INFO] --- Validation episode 30/126 ---
2025-10-25 01:00:40,678 [INFO] --- Validation episode 31/126 ---
2025-10-25 01:00:40,710 [INFO] --- Validation episode 32/126 ---
2025-10-25 01:00:40,743 [INFO] --- Validation episode 33/126 ---
2025-10-25 01:00:40,775 [INFO] --- Validation episode 34/126 ---
2025-10-25 01:00:40,805 [INFO] --- Validation episode 35/126 ---
2025-10-25 01:00:40,828 [INFO] --- Validation episode 36/126 ---
2025-10-25 01:00:40,851 [INFO] --- Validation episode 37/126 ---
2025-10-25 01:00:40,873 [INFO] --- Validation episode 38/126 ---
2025-10-25 01:00:40,894 [INFO] --- Validation episode 39/126 ---
2025-10-25 01:00:40,916 [INFO] --- Validation episode 40/126 ---
2025-10-25 01:00:40,940 [INFO] --- Validation episode 41/126 ---
2025-10-25 01:00:40,964 [INFO] --- Validation episode 42/126 ---
2025-10-25 01:00:40,987 [INFO] --- Validation episode 43/126 ---
2025-10-25 01:00:41,009 [INFO] --- Validation episode 44/126 ---
2025-10-25 01:00:41,030 [INFO] --- Validation episode 45/126 ---
2025-10-25 01:00:41,052 [INFO] --- Validation episode 46/126 ---
2025-10-25 01:00:41,075 [INFO] --- Validation episode 47/126 ---
2025-10-25 01:00:41,097 [INFO] --- Validation episode 48/126 ---
2025-10-25 01:00:41,119 [INFO] --- Validation episode 49/126 ---
2025-10-25 01:00:41,140 [INFO] --- Validation episode 50/126 ---
2025-10-25 01:00:41,164 [INFO] --- Validation episode 51/126 ---
2025-10-25 01:00:41,188 [INFO] --- Validation episode 52/126 ---
2025-10-25 01:00:41,210 [INFO] --- Validation episode 53/126 ---
2025-10-25 01:00:41,231 [INFO] --- Validation episode 54/126 ---
2025-10-25 01:00:41,253 [INFO] --- Validation episode 55/126 ---
2025-10-25 01:00:41,285 [INFO] --- Validation episode 56/126 ---
2025-10-25 01:00:41,319 [INFO] --- Validation episode 57/126 ---
2025-10-25 01:00:41,349 [INFO] --- Validation episode 58/126 ---
2025-10-25 01:00:41,379 [INFO] --- Validation episode 59/126 ---
2025-10-25 01:00:41,410 [INFO] --- Validation episode 60/126 ---
2025-10-25 01:00:41,442 [INFO] --- Validation episode 61/126 ---
2025-10-25 01:00:41,474 [INFO] --- Validation episode 62/126 ---
2025-10-25 01:00:41,505 [INFO] --- Validation episode 63/126 ---
2025-10-25 01:00:41,536 [INFO] --- Validation episode 64/126 ---
2025-10-25 01:00:41,559 [INFO] --- Validation episode 65/126 ---
2025-10-25 01:00:41,582 [INFO] --- Validation episode 66/126 ---
2025-10-25 01:00:41,606 [INFO] --- Validation episode 67/126 ---
2025-10-25 01:00:41,627 [INFO] --- Validation episode 68/126 ---
2025-10-25 01:00:41,649 [INFO] --- Validation episode 69/126 ---
2025-10-25 01:00:41,672 [INFO] --- Validation episode 70/126 ---
2025-10-25 01:00:41,695 [INFO] --- Validation episode 71/126 ---
2025-10-25 01:00:41,718 [INFO] --- Validation episode 72/126 ---
2025-10-25 01:00:41,740 [INFO] --- Validation episode 73/126 ---
2025-10-25 01:00:41,761 [INFO] --- Validation episode 74/126 ---
2025-10-25 01:00:41,783 [INFO] --- Validation episode 75/126 ---
2025-10-25 01:00:41,807 [INFO] --- Validation episode 76/126 ---
2025-10-25 01:00:41,830 [INFO] --- Validation episode 77/126 ---
2025-10-25 01:00:41,852 [INFO] --- Validation episode 78/126 ---
2025-10-25 01:00:41,874 [INFO] --- Validation episode 79/126 ---
2025-10-25 01:00:41,896 [INFO] --- Validation episode 80/126 ---
2025-10-25 01:00:41,919 [INFO] --- Validation episode 81/126 ---
2025-10-25 01:00:41,942 [INFO] --- Validation episode 82/126 ---
2025-10-25 01:00:41,965 [INFO] --- Validation episode 83/126 ---
2025-10-25 01:00:41,987 [INFO] --- Validation episode 84/126 ---
2025-10-25 01:00:42,010 [INFO] --- Validation episode 85/126 ---
2025-10-25 01:00:42,032 [INFO] --- Validation episode 86/126 ---
2025-10-25 01:00:42,056 [INFO] --- Validation episode 87/126 ---
2025-10-25 01:00:42,077 [INFO] --- Validation episode 88/126 ---
2025-10-25 01:00:42,100 [INFO] --- Validation episode 89/126 ---
2025-10-25 01:00:42,126 [INFO] --- Validation episode 90/126 ---
2025-10-25 01:00:42,150 [INFO] --- Validation episode 91/126 ---
2025-10-25 01:00:42,174 [INFO] --- Validation episode 92/126 ---
2025-10-25 01:00:42,196 [INFO] --- Validation episode 93/126 ---
2025-10-25 01:00:42,219 [INFO] --- Validation episode 94/126 ---
2025-10-25 01:00:42,242 [INFO] --- Validation episode 95/126 ---
2025-10-25 01:00:42,264 [INFO] --- Validation episode 96/126 ---
2025-10-25 01:00:42,288 [INFO] --- Validation episode 97/126 ---
2025-10-25 01:00:42,309 [INFO] --- Validation episode 98/126 ---
2025-10-25 01:00:42,330 [INFO] --- Validation episode 99/126 ---
2025-10-25 01:00:42,352 [INFO] --- Validation episode 100/126 ---
2025-10-25 01:00:42,376 [INFO] --- Validation episode 101/126 ---
2025-10-25 01:00:42,398 [INFO] --- Validation episode 102/126 ---
2025-10-25 01:00:42,419 [INFO] --- Validation episode 103/126 ---
2025-10-25 01:00:42,441 [INFO] --- Validation episode 104/126 ---
2025-10-25 01:00:42,464 [INFO] --- Validation episode 105/126 ---
2025-10-25 01:00:42,487 [INFO] --- Validation episode 106/126 ---
2025-10-25 01:00:42,509 [INFO] --- Validation episode 107/126 ---
2025-10-25 01:00:42,530 [INFO] --- Validation episode 108/126 ---
2025-10-25 01:00:42,552 [INFO] --- Validation episode 109/126 ---
2025-10-25 01:00:42,575 [INFO] --- Validation episode 110/126 ---
2025-10-25 01:00:42,598 [INFO] --- Validation episode 111/126 ---
2025-10-25 01:00:42,621 [INFO] --- Validation episode 112/126 ---
2025-10-25 01:00:42,643 [INFO] --- Validation episode 113/126 ---
2025-10-25 01:00:42,665 [INFO] --- Validation episode 114/126 ---
2025-10-25 01:00:42,688 [INFO] --- Validation episode 115/126 ---
2025-10-25 01:00:42,710 [INFO] --- Validation episode 116/126 ---
2025-10-25 01:00:42,733 [INFO] --- Validation episode 117/126 ---
2025-10-25 01:00:42,754 [INFO] --- Validation episode 118/126 ---
2025-10-25 01:00:42,775 [INFO] --- Validation episode 119/126 ---
2025-10-25 01:00:42,797 [INFO] --- Validation episode 120/126 ---
2025-10-25 01:00:42,820 [INFO] --- Validation episode 121/126 ---
2025-10-25 01:00:42,843 [INFO] --- Validation episode 122/126 ---
2025-10-25 01:00:42,864 [INFO] --- Validation episode 123/126 ---
2025-10-25 01:00:42,886 [INFO] --- Validation episode 124/126 ---
2025-10-25 01:00:42,909 [INFO] --- Validation episode 125/126 ---
2025-10-25 01:00:42,931 [INFO] --- Validation episode 126/126 ---
2025-10-25 01:00:42,957 [INFO] --- Ep_13000 Validation Results: mean_reward=0.00667, Mean PnL: 69.41, Win rate: 58.93% ---
2025-10-25 01:00:42,957 [INFO] --- Finished Evaluation: Validation ---
2025-10-25 01:01:05,339 [INFO] --- Starting Evaluation: Validation, episodes=126 ---
2025-10-25 01:01:05,340 [INFO] --- Validation episode 1/126 ---
2025-10-25 01:01:05,363 [INFO] --- Validation episode 2/126 ---
2025-10-25 01:01:05,388 [INFO] --- Validation episode 3/126 ---
2025-10-25 01:01:05,409 [INFO] --- Validation episode 4/126 ---
2025-10-25 01:01:05,431 [INFO] --- Validation episode 5/126 ---
2025-10-25 01:01:05,452 [INFO] --- Validation episode 6/126 ---
2025-10-25 01:01:05,476 [INFO] --- Validation episode 7/126 ---
2025-10-25 01:01:05,499 [INFO] --- Validation episode 8/126 ---
2025-10-25 01:01:05,523 [INFO] --- Validation episode 9/126 ---
2025-10-25 01:01:05,546 [INFO] --- Validation episode 10/126 ---
2025-10-25 01:01:05,569 [INFO] --- Validation episode 11/126 ---
2025-10-25 01:01:05,592 [INFO] --- Validation episode 12/126 ---
2025-10-25 01:01:05,616 [INFO] --- Validation episode 13/126 ---
2025-10-25 01:01:05,639 [INFO] --- Validation episode 14/126 ---
2025-10-25 01:01:05,661 [INFO] --- Validation episode 15/126 ---
2025-10-25 01:01:05,682 [INFO] --- Validation episode 16/126 ---
2025-10-25 01:01:05,714 [INFO] --- Validation episode 17/126 ---
2025-10-25 01:01:05,747 [INFO] --- Validation episode 18/126 ---
2025-10-25 01:01:05,778 [INFO] --- Validation episode 19/126 ---
2025-10-25 01:01:05,808 [INFO] --- Validation episode 20/126 ---
2025-10-25 01:01:05,839 [INFO] --- Validation episode 21/126 ---
2025-10-25 01:01:05,861 [INFO] --- Validation episode 22/126 ---
2025-10-25 01:01:05,885 [INFO] --- Validation episode 23/126 ---
2025-10-25 01:01:05,908 [INFO] --- Validation episode 24/126 ---
2025-10-25 01:01:05,929 [INFO] --- Validation episode 25/126 ---
2025-10-25 01:01:05,951 [INFO] --- Validation episode 26/126 ---
2025-10-25 01:01:05,983 [INFO] --- Validation episode 27/126 ---
2025-10-25 01:01:06,017 [INFO] --- Validation episode 28/126 ---
2025-10-25 01:01:06,047 [INFO] --- Validation episode 29/126 ---
2025-10-25 01:01:06,078 [INFO] --- Validation episode 30/126 ---
2025-10-25 01:01:06,109 [INFO] --- Validation episode 31/126 ---
2025-10-25 01:01:06,132 [INFO] --- Validation episode 32/126 ---
2025-10-25 01:01:06,155 [INFO] --- Validation episode 33/126 ---
2025-10-25 01:01:06,178 [INFO] --- Validation episode 34/126 ---
2025-10-25 01:01:06,200 [INFO] --- Validation episode 35/126 ---
2025-10-25 01:01:06,222 [INFO] --- Validation episode 36/126 ---
2025-10-25 01:01:06,244 [INFO] --- Validation episode 37/126 ---
2025-10-25 01:01:06,276 [INFO] --- Validation episode 38/126 ---
2025-10-25 01:01:06,308 [INFO] --- Validation episode 39/126 ---
2025-10-25 01:01:06,332 [INFO] --- Validation episode 40/126 ---
2025-10-25 01:01:06,354 [INFO] --- Validation episode 41/126 ---
2025-10-25 01:01:06,377 [INFO] --- Validation episode 42/126 ---
2025-10-25 01:01:06,400 [INFO] --- Validation episode 43/126 ---
2025-10-25 01:01:06,423 [INFO] --- Validation episode 44/126 ---
2025-10-25 01:01:06,444 [INFO] --- Validation episode 45/126 ---
2025-10-25 01:01:06,466 [INFO] --- Validation episode 46/126 ---
2025-10-25 01:01:06,491 [INFO] --- Validation episode 47/126 ---
2025-10-25 01:01:06,514 [INFO] --- Validation episode 48/126 ---
2025-10-25 01:01:06,537 [INFO] --- Validation episode 49/126 ---
2025-10-25 01:01:06,558 [INFO] --- Validation episode 50/126 ---
2025-10-25 01:01:06,580 [INFO] --- Validation episode 51/126 ---
2025-10-25 01:01:06,602 [INFO] --- Validation episode 52/126 ---
2025-10-25 01:01:06,624 [INFO] --- Validation episode 53/126 ---
2025-10-25 01:01:06,647 [INFO] --- Validation episode 54/126 ---
2025-10-25 01:01:06,669 [INFO] --- Validation episode 55/126 ---
2025-10-25 01:01:06,691 [INFO] --- Validation episode 56/126 ---
2025-10-25 01:01:06,714 [INFO] --- Validation episode 57/126 ---
2025-10-25 01:01:06,736 [INFO] --- Validation episode 58/126 ---
2025-10-25 01:01:06,757 [INFO] --- Validation episode 59/126 ---
2025-10-25 01:01:06,779 [INFO] --- Validation episode 60/126 ---
2025-10-25 01:01:06,800 [INFO] --- Validation episode 61/126 ---
2025-10-25 01:01:06,822 [INFO] --- Validation episode 62/126 ---
2025-10-25 01:01:06,845 [INFO] --- Validation episode 63/126 ---
2025-10-25 01:01:06,867 [INFO] --- Validation episode 64/126 ---
2025-10-25 01:01:06,890 [INFO] --- Validation episode 65/126 ---
2025-10-25 01:01:06,912 [INFO] --- Validation episode 66/126 ---
2025-10-25 01:01:06,933 [INFO] --- Validation episode 67/126 ---
2025-10-25 01:01:06,957 [INFO] --- Validation episode 68/126 ---
2025-10-25 01:01:06,982 [INFO] --- Validation episode 69/126 ---
2025-10-25 01:01:07,004 [INFO] --- Validation episode 70/126 ---
2025-10-25 01:01:07,027 [INFO] --- Validation episode 71/126 ---
2025-10-25 01:01:07,049 [INFO] --- Validation episode 72/126 ---
2025-10-25 01:01:07,072 [INFO] --- Validation episode 73/126 ---
2025-10-25 01:01:07,095 [INFO] --- Validation episode 74/126 ---
2025-10-25 01:01:07,116 [INFO] --- Validation episode 75/126 ---
2025-10-25 01:01:07,138 [INFO] --- Validation episode 76/126 ---
2025-10-25 01:01:07,161 [INFO] --- Validation episode 77/126 ---
2025-10-25 01:01:07,183 [INFO] --- Validation episode 78/126 ---
2025-10-25 01:01:07,207 [INFO] --- Validation episode 79/126 ---
2025-10-25 01:01:07,228 [INFO] --- Validation episode 80/126 ---
2025-10-25 01:01:07,250 [INFO] --- Validation episode 81/126 ---
2025-10-25 01:01:07,273 [INFO] --- Validation episode 82/126 ---
2025-10-25 01:01:07,296 [INFO] --- Validation episode 83/126 ---
2025-10-25 01:01:07,318 [INFO] --- Validation episode 84/126 ---
2025-10-25 01:01:07,339 [INFO] --- Validation episode 85/126 ---
2025-10-25 01:01:07,361 [INFO] --- Validation episode 86/126 ---
2025-10-25 01:01:07,383 [INFO] --- Validation episode 87/126 ---
2025-10-25 01:01:07,406 [INFO] --- Validation episode 88/126 ---
2025-10-25 01:01:07,429 [INFO] --- Validation episode 89/126 ---
2025-10-25 01:01:07,450 [INFO] --- Validation episode 90/126 ---
2025-10-25 01:01:07,472 [INFO] --- Validation episode 91/126 ---
2025-10-25 01:01:07,499 [INFO] --- Validation episode 92/126 ---
2025-10-25 01:01:07,523 [INFO] --- Validation episode 93/126 ---
2025-10-25 01:01:07,545 [INFO] --- Validation episode 94/126 ---
2025-10-25 01:01:07,567 [INFO] --- Validation episode 95/126 ---
2025-10-25 01:01:07,588 [INFO] --- Validation episode 96/126 ---
2025-10-25 01:01:07,621 [INFO] --- Validation episode 97/126 ---
2025-10-25 01:01:07,653 [INFO] --- Validation episode 98/126 ---
2025-10-25 01:01:07,684 [INFO] --- Validation episode 99/126 ---
2025-10-25 01:01:07,714 [INFO] --- Validation episode 100/126 ---
2025-10-25 01:01:07,745 [INFO] --- Validation episode 101/126 ---
2025-10-25 01:01:07,776 [INFO] --- Validation episode 102/126 ---
2025-10-25 01:01:07,810 [INFO] --- Validation episode 103/126 ---
2025-10-25 01:01:07,842 [INFO] --- Validation episode 104/126 ---
2025-10-25 01:01:07,873 [INFO] --- Validation episode 105/126 ---
2025-10-25 01:01:07,903 [INFO] --- Validation episode 106/126 ---
2025-10-25 01:01:07,925 [INFO] --- Validation episode 107/126 ---
2025-10-25 01:01:07,948 [INFO] --- Validation episode 108/126 ---
2025-10-25 01:01:07,973 [INFO] --- Validation episode 109/126 ---
2025-10-25 01:01:07,995 [INFO] --- Validation episode 110/126 ---
2025-10-25 01:01:08,017 [INFO] --- Validation episode 111/126 ---
2025-10-25 01:01:08,048 [INFO] --- Validation episode 112/126 ---
2025-10-25 01:01:08,081 [INFO] --- Validation episode 113/126 ---
2025-10-25 01:01:08,104 [INFO] --- Validation episode 114/126 ---
2025-10-25 01:01:08,126 [INFO] --- Validation episode 115/126 ---
2025-10-25 01:01:08,155 [INFO] --- Validation episode 116/126 ---
2025-10-25 01:01:08,181 [INFO] --- Validation episode 117/126 ---
2025-10-25 01:01:08,206 [INFO] --- Validation episode 118/126 ---
2025-10-25 01:01:08,232 [INFO] --- Validation episode 119/126 ---
2025-10-25 01:01:08,254 [INFO] --- Validation episode 120/126 ---
2025-10-25 01:01:08,277 [INFO] --- Validation episode 121/126 ---
2025-10-25 01:01:08,298 [INFO] --- Validation episode 122/126 ---
2025-10-25 01:01:08,320 [INFO] --- Validation episode 123/126 ---
2025-10-25 01:01:08,341 [INFO] --- Validation episode 124/126 ---
2025-10-25 01:01:08,364 [INFO] --- Validation episode 125/126 ---
2025-10-25 01:01:08,389 [INFO] --- Validation episode 126/126 ---
2025-10-25 01:01:08,412 [INFO] --- Ep_14000 Validation Results: mean_reward=0.01730, Mean PnL: 174.70, Win rate: 62.90% ---
2025-10-25 01:01:08,412 [INFO] --- Finished Evaluation: Validation ---
2025-10-25 01:01:08,436 [INFO] Checkpoint saved to output\alpha\saved_models\rl_binance_futures_trading_date_20251025_time_005510\best.pth (policy+target+optimizer+scaler+meta).
2025-10-25 01:01:08,436 [INFO] New Best model by Validation_mean_pnl = 174.70. Episode = 14000: output\alpha\saved_models\rl_binance_futures_trading_date_20251025_time_005510\best.pth
2025-10-25 01:01:30,860 [INFO] --- Starting Evaluation: Validation, episodes=126 ---
2025-10-25 01:01:30,860 [INFO] --- Validation episode 1/126 ---
2025-10-25 01:01:30,883 [INFO] --- Validation episode 2/126 ---
2025-10-25 01:01:30,907 [INFO] --- Validation episode 3/126 ---
2025-10-25 01:01:30,930 [INFO] --- Validation episode 4/126 ---
2025-10-25 01:01:30,952 [INFO] --- Validation episode 5/126 ---
2025-10-25 01:01:30,974 [INFO] --- Validation episode 6/126 ---
2025-10-25 01:01:30,998 [INFO] --- Validation episode 7/126 ---
2025-10-25 01:01:31,021 [INFO] --- Validation episode 8/126 ---
2025-10-25 01:01:31,042 [INFO] --- Validation episode 9/126 ---
2025-10-25 01:01:31,065 [INFO] --- Validation episode 10/126 ---
2025-10-25 01:01:31,086 [INFO] --- Validation episode 11/126 ---
2025-10-25 01:01:31,108 [INFO] --- Validation episode 12/126 ---
2025-10-25 01:01:31,132 [INFO] --- Validation episode 13/126 ---
2025-10-25 01:01:31,155 [INFO] --- Validation episode 14/126 ---
2025-10-25 01:01:31,176 [INFO] --- Validation episode 15/126 ---
2025-10-25 01:01:31,198 [INFO] --- Validation episode 16/126 ---
2025-10-25 01:01:31,220 [INFO] --- Validation episode 17/126 ---
2025-10-25 01:01:31,245 [INFO] --- Validation episode 18/126 ---
2025-10-25 01:01:31,267 [INFO] --- Validation episode 19/126 ---
2025-10-25 01:01:31,289 [INFO] --- Validation episode 20/126 ---
2025-10-25 01:01:31,310 [INFO] --- Validation episode 21/126 ---
2025-10-25 01:01:31,334 [INFO] --- Validation episode 22/126 ---
2025-10-25 01:01:31,358 [INFO] --- Validation episode 23/126 ---
2025-10-25 01:01:31,380 [INFO] --- Validation episode 24/126 ---
2025-10-25 01:01:31,401 [INFO] --- Validation episode 25/126 ---
2025-10-25 01:01:31,422 [INFO] --- Validation episode 26/126 ---
2025-10-25 01:01:31,444 [INFO] --- Validation episode 27/126 ---
2025-10-25 01:01:31,466 [INFO] --- Validation episode 28/126 ---
2025-10-25 01:01:31,488 [INFO] --- Validation episode 29/126 ---
2025-10-25 01:01:31,510 [INFO] --- Validation episode 30/126 ---
2025-10-25 01:01:31,531 [INFO] --- Validation episode 31/126 ---
2025-10-25 01:01:31,555 [INFO] --- Validation episode 32/126 ---
2025-10-25 01:01:31,579 [INFO] --- Validation episode 33/126 ---
2025-10-25 01:01:31,601 [INFO] --- Validation episode 34/126 ---
2025-10-25 01:01:31,622 [INFO] --- Validation episode 35/126 ---
2025-10-25 01:01:31,644 [INFO] --- Validation episode 36/126 ---
2025-10-25 01:01:31,667 [INFO] --- Validation episode 37/126 ---
2025-10-25 01:01:31,689 [INFO] --- Validation episode 38/126 ---
2025-10-25 01:01:31,713 [INFO] --- Validation episode 39/126 ---
2025-10-25 01:01:31,736 [INFO] --- Validation episode 40/126 ---
2025-10-25 01:01:31,757 [INFO] --- Validation episode 41/126 ---
2025-10-25 01:01:31,780 [INFO] --- Validation episode 42/126 ---
2025-10-25 01:01:31,802 [INFO] --- Validation episode 43/126 ---
2025-10-25 01:01:31,823 [INFO] --- Validation episode 44/126 ---
2025-10-25 01:01:31,845 [INFO] --- Validation episode 45/126 ---
2025-10-25 01:01:31,866 [INFO] --- Validation episode 46/126 ---
2025-10-25 01:01:31,888 [INFO] --- Validation episode 47/126 ---
2025-10-25 01:01:31,912 [INFO] --- Validation episode 48/126 ---
2025-10-25 01:01:31,935 [INFO] --- Validation episode 49/126 ---
2025-10-25 01:01:31,957 [INFO] --- Validation episode 50/126 ---
2025-10-25 01:01:31,979 [INFO] --- Validation episode 51/126 ---
2025-10-25 01:01:32,003 [INFO] --- Validation episode 52/126 ---
2025-10-25 01:01:32,027 [INFO] --- Validation episode 53/126 ---
2025-10-25 01:01:32,049 [INFO] --- Validation episode 54/126 ---
2025-10-25 01:01:32,072 [INFO] --- Validation episode 55/126 ---
2025-10-25 01:01:32,093 [INFO] --- Validation episode 56/126 ---
2025-10-25 01:01:32,115 [INFO] --- Validation episode 57/126 ---
2025-10-25 01:01:32,138 [INFO] --- Validation episode 58/126 ---
2025-10-25 01:01:32,162 [INFO] --- Validation episode 59/126 ---
2025-10-25 01:01:32,183 [INFO] --- Validation episode 60/126 ---
2025-10-25 01:01:32,205 [INFO] --- Validation episode 61/126 ---
2025-10-25 01:01:32,227 [INFO] --- Validation episode 62/126 ---
2025-10-25 01:01:32,251 [INFO] --- Validation episode 63/126 ---
2025-10-25 01:01:32,273 [INFO] --- Validation episode 64/126 ---
2025-10-25 01:01:32,296 [INFO] --- Validation episode 65/126 ---
2025-10-25 01:01:32,317 [INFO] --- Validation episode 66/126 ---
2025-10-25 01:01:32,339 [INFO] --- Validation episode 67/126 ---
2025-10-25 01:01:32,362 [INFO] --- Validation episode 68/126 ---
2025-10-25 01:01:32,385 [INFO] --- Validation episode 69/126 ---
2025-10-25 01:01:32,406 [INFO] --- Validation episode 70/126 ---
2025-10-25 01:01:32,428 [INFO] --- Validation episode 71/126 ---
2025-10-25 01:01:32,451 [INFO] --- Validation episode 72/126 ---
2025-10-25 01:01:32,473 [INFO] --- Validation episode 73/126 ---
2025-10-25 01:01:32,497 [INFO] --- Validation episode 74/126 ---
2025-10-25 01:01:32,518 [INFO] --- Validation episode 75/126 ---
2025-10-25 01:01:32,540 [INFO] --- Validation episode 76/126 ---
2025-10-25 01:01:32,563 [INFO] --- Validation episode 77/126 ---
2025-10-25 01:01:32,585 [INFO] --- Validation episode 78/126 ---
2025-10-25 01:01:32,609 [INFO] --- Validation episode 79/126 ---
2025-10-25 01:01:32,630 [INFO] --- Validation episode 80/126 ---
2025-10-25 01:01:32,651 [INFO] --- Validation episode 81/126 ---
2025-10-25 01:01:32,673 [INFO] --- Validation episode 82/126 ---
2025-10-25 01:01:32,698 [INFO] --- Validation episode 83/126 ---
2025-10-25 01:01:32,721 [INFO] --- Validation episode 84/126 ---
2025-10-25 01:01:32,742 [INFO] --- Validation episode 85/126 ---
2025-10-25 01:01:32,763 [INFO] --- Validation episode 86/126 ---
2025-10-25 01:01:32,786 [INFO] --- Validation episode 87/126 ---
2025-10-25 01:01:32,809 [INFO] --- Validation episode 88/126 ---
2025-10-25 01:01:32,831 [INFO] --- Validation episode 89/126 ---
2025-10-25 01:01:32,853 [INFO] --- Validation episode 90/126 ---
2025-10-25 01:01:32,875 [INFO] --- Validation episode 91/126 ---
2025-10-25 01:01:32,897 [INFO] --- Validation episode 92/126 ---
2025-10-25 01:01:32,919 [INFO] --- Validation episode 93/126 ---
2025-10-25 01:01:32,943 [INFO] --- Validation episode 94/126 ---
2025-10-25 01:01:32,965 [INFO] --- Validation episode 95/126 ---
2025-10-25 01:01:32,986 [INFO] --- Validation episode 96/126 ---
2025-10-25 01:01:33,009 [INFO] --- Validation episode 97/126 ---
2025-10-25 01:01:33,032 [INFO] --- Validation episode 98/126 ---
2025-10-25 01:01:33,055 [INFO] --- Validation episode 99/126 ---
2025-10-25 01:01:33,077 [INFO] --- Validation episode 100/126 ---
2025-10-25 01:01:33,098 [INFO] --- Validation episode 101/126 ---
2025-10-25 01:01:33,121 [INFO] --- Validation episode 102/126 ---
2025-10-25 01:01:33,145 [INFO] --- Validation episode 103/126 ---
2025-10-25 01:01:33,167 [INFO] --- Validation episode 104/126 ---
2025-10-25 01:01:33,189 [INFO] --- Validation episode 105/126 ---
2025-10-25 01:01:33,210 [INFO] --- Validation episode 106/126 ---
2025-10-25 01:01:33,243 [INFO] --- Validation episode 107/126 ---
2025-10-25 01:01:33,278 [INFO] --- Validation episode 108/126 ---
2025-10-25 01:01:33,308 [INFO] --- Validation episode 109/126 ---
2025-10-25 01:01:33,339 [INFO] --- Validation episode 110/126 ---
2025-10-25 01:01:33,369 [INFO] --- Validation episode 111/126 ---
2025-10-25 01:01:33,391 [INFO] --- Validation episode 112/126 ---
2025-10-25 01:01:33,415 [INFO] --- Validation episode 113/126 ---
2025-10-25 01:01:33,437 [INFO] --- Validation episode 114/126 ---
2025-10-25 01:01:33,460 [INFO] --- Validation episode 115/126 ---
2025-10-25 01:01:33,481 [INFO] --- Validation episode 116/126 ---
2025-10-25 01:01:33,511 [INFO] --- Validation episode 117/126 ---
2025-10-25 01:01:33,544 [INFO] --- Validation episode 118/126 ---
2025-10-25 01:01:33,574 [INFO] --- Validation episode 119/126 ---
2025-10-25 01:01:33,604 [INFO] --- Validation episode 120/126 ---
2025-10-25 01:01:33,634 [INFO] --- Validation episode 121/126 ---
2025-10-25 01:01:33,657 [INFO] --- Validation episode 122/126 ---
2025-10-25 01:01:33,690 [INFO] --- Validation episode 123/126 ---
2025-10-25 01:01:33,722 [INFO] --- Validation episode 124/126 ---
2025-10-25 01:01:33,752 [INFO] --- Validation episode 125/126 ---
2025-10-25 01:01:33,784 [INFO] --- Validation episode 126/126 ---
2025-10-25 01:01:33,817 [INFO] --- Ep_15000 Validation Results: mean_reward=0.00941, Mean PnL: 97.03, Win rate: 54.37% ---
2025-10-25 01:01:33,817 [INFO] --- Finished Evaluation: Validation ---
2025-10-25 01:01:57,331 [INFO] --- Starting Evaluation: Validation, episodes=126 ---
2025-10-25 01:01:57,332 [INFO] --- Validation episode 1/126 ---
2025-10-25 01:01:57,355 [INFO] --- Validation episode 2/126 ---
2025-10-25 01:01:57,379 [INFO] --- Validation episode 3/126 ---
2025-10-25 01:01:57,402 [INFO] --- Validation episode 4/126 ---
2025-10-25 01:01:57,426 [INFO] --- Validation episode 5/126 ---
2025-10-25 01:01:57,450 [INFO] --- Validation episode 6/126 ---
2025-10-25 01:01:57,474 [INFO] --- Validation episode 7/126 ---
2025-10-25 01:01:57,499 [INFO] --- Validation episode 8/126 ---
2025-10-25 01:01:57,521 [INFO] --- Validation episode 9/126 ---
2025-10-25 01:01:57,546 [INFO] --- Validation episode 10/126 ---
2025-10-25 01:01:57,569 [INFO] --- Validation episode 11/126 ---
2025-10-25 01:01:57,593 [INFO] --- Validation episode 12/126 ---
2025-10-25 01:01:57,617 [INFO] --- Validation episode 13/126 ---
2025-10-25 01:01:57,641 [INFO] --- Validation episode 14/126 ---
2025-10-25 01:01:57,665 [INFO] --- Validation episode 15/126 ---
2025-10-25 01:01:57,688 [INFO] --- Validation episode 16/126 ---
2025-10-25 01:01:57,713 [INFO] --- Validation episode 17/126 ---
2025-10-25 01:01:57,736 [INFO] --- Validation episode 18/126 ---
2025-10-25 01:01:57,761 [INFO] --- Validation episode 19/126 ---
2025-10-25 01:01:57,784 [INFO] --- Validation episode 20/126 ---
2025-10-25 01:01:57,808 [INFO] --- Validation episode 21/126 ---
2025-10-25 01:01:57,832 [INFO] --- Validation episode 22/126 ---
2025-10-25 01:01:57,855 [INFO] --- Validation episode 23/126 ---
2025-10-25 01:01:57,880 [INFO] --- Validation episode 24/126 ---
2025-10-25 01:01:57,903 [INFO] --- Validation episode 25/126 ---
2025-10-25 01:01:57,927 [INFO] --- Validation episode 26/126 ---
2025-10-25 01:01:57,950 [INFO] --- Validation episode 27/126 ---
2025-10-25 01:01:57,973 [INFO] --- Validation episode 28/126 ---
2025-10-25 01:01:57,998 [INFO] --- Validation episode 29/126 ---
2025-10-25 01:01:58,022 [INFO] --- Validation episode 30/126 ---
2025-10-25 01:01:58,047 [INFO] --- Validation episode 31/126 ---
2025-10-25 01:01:58,070 [INFO] --- Validation episode 32/126 ---
2025-10-25 01:01:58,094 [INFO] --- Validation episode 33/126 ---
2025-10-25 01:01:58,117 [INFO] --- Validation episode 34/126 ---
2025-10-25 01:01:58,140 [INFO] --- Validation episode 35/126 ---
2025-10-25 01:01:58,164 [INFO] --- Validation episode 36/126 ---
2025-10-25 01:01:58,187 [INFO] --- Validation episode 37/126 ---
2025-10-25 01:01:58,212 [INFO] --- Validation episode 38/126 ---
2025-10-25 01:01:58,235 [INFO] --- Validation episode 39/126 ---
2025-10-25 01:01:58,257 [INFO] --- Validation episode 40/126 ---
2025-10-25 01:01:58,282 [INFO] --- Validation episode 41/126 ---
2025-10-25 01:01:58,305 [INFO] --- Validation episode 42/126 ---
2025-10-25 01:01:58,330 [INFO] --- Validation episode 43/126 ---
2025-10-25 01:01:58,353 [INFO] --- Validation episode 44/126 ---
2025-10-25 01:01:58,377 [INFO] --- Validation episode 45/126 ---
2025-10-25 01:01:58,401 [INFO] --- Validation episode 46/126 ---
2025-10-25 01:01:58,424 [INFO] --- Validation episode 47/126 ---
2025-10-25 01:01:58,449 [INFO] --- Validation episode 48/126 ---
2025-10-25 01:01:58,471 [INFO] --- Validation episode 49/126 ---
2025-10-25 01:01:58,496 [INFO] --- Validation episode 50/126 ---
2025-10-25 01:01:58,518 [INFO] --- Validation episode 51/126 ---
2025-10-25 01:01:58,541 [INFO] --- Validation episode 52/126 ---
2025-10-25 01:01:58,566 [INFO] --- Validation episode 53/126 ---
2025-10-25 01:01:58,589 [INFO] --- Validation episode 54/126 ---
2025-10-25 01:01:58,613 [INFO] --- Validation episode 55/126 ---
2025-10-25 01:01:58,637 [INFO] --- Validation episode 56/126 ---
2025-10-25 01:01:58,660 [INFO] --- Validation episode 57/126 ---
2025-10-25 01:01:58,685 [INFO] --- Validation episode 58/126 ---
2025-10-25 01:01:58,707 [INFO] --- Validation episode 59/126 ---
2025-10-25 01:01:58,732 [INFO] --- Validation episode 60/126 ---
2025-10-25 01:01:58,755 [INFO] --- Validation episode 61/126 ---
2025-10-25 01:01:58,779 [INFO] --- Validation episode 62/126 ---
2025-10-25 01:01:58,803 [INFO] --- Validation episode 63/126 ---
2025-10-25 01:01:58,827 [INFO] --- Validation episode 64/126 ---
2025-10-25 01:01:58,851 [INFO] --- Validation episode 65/126 ---
2025-10-25 01:01:58,874 [INFO] --- Validation episode 66/126 ---
2025-10-25 01:01:58,898 [INFO] --- Validation episode 67/126 ---
2025-10-25 01:01:58,922 [INFO] --- Validation episode 68/126 ---
2025-10-25 01:01:58,947 [INFO] --- Validation episode 69/126 ---
2025-10-25 01:01:58,970 [INFO] --- Validation episode 70/126 ---
2025-10-25 01:01:58,995 [INFO] --- Validation episode 71/126 ---
2025-10-25 01:01:59,023 [INFO] --- Validation episode 72/126 ---
2025-10-25 01:01:59,054 [INFO] --- Validation episode 73/126 ---
2025-10-25 01:01:59,078 [INFO] --- Validation episode 74/126 ---
2025-10-25 01:01:59,101 [INFO] --- Validation episode 75/126 ---
2025-10-25 01:01:59,123 [INFO] --- Validation episode 76/126 ---
2025-10-25 01:01:59,148 [INFO] --- Validation episode 77/126 ---
2025-10-25 01:01:59,182 [INFO] --- Validation episode 78/126 ---
2025-10-25 01:01:59,219 [INFO] --- Validation episode 79/126 ---
2025-10-25 01:01:59,246 [INFO] --- Validation episode 80/126 ---
2025-10-25 01:01:59,268 [INFO] --- Validation episode 81/126 ---
2025-10-25 01:01:59,292 [INFO] --- Validation episode 82/126 ---
2025-10-25 01:01:59,316 [INFO] --- Validation episode 83/126 ---
2025-10-25 01:01:59,340 [INFO] --- Validation episode 84/126 ---
2025-10-25 01:01:59,364 [INFO] --- Validation episode 85/126 ---
2025-10-25 01:01:59,387 [INFO] --- Validation episode 86/126 ---
2025-10-25 01:01:59,411 [INFO] --- Validation episode 87/126 ---
2025-10-25 01:01:59,435 [INFO] --- Validation episode 88/126 ---
2025-10-25 01:01:59,459 [INFO] --- Validation episode 89/126 ---
2025-10-25 01:01:59,483 [INFO] --- Validation episode 90/126 ---
2025-10-25 01:01:59,506 [INFO] --- Validation episode 91/126 ---
2025-10-25 01:01:59,530 [INFO] --- Validation episode 92/126 ---
2025-10-25 01:01:59,554 [INFO] --- Validation episode 93/126 ---
2025-10-25 01:01:59,578 [INFO] --- Validation episode 94/126 ---
2025-10-25 01:01:59,602 [INFO] --- Validation episode 95/126 ---
2025-10-25 01:01:59,625 [INFO] --- Validation episode 96/126 ---
2025-10-25 01:01:59,653 [INFO] --- Validation episode 97/126 ---
2025-10-25 01:01:59,681 [INFO] --- Validation episode 98/126 ---
2025-10-25 01:01:59,708 [INFO] --- Validation episode 99/126 ---
2025-10-25 01:01:59,736 [INFO] --- Validation episode 100/126 ---
2025-10-25 01:01:59,762 [INFO] --- Validation episode 101/126 ---
2025-10-25 01:01:59,786 [INFO] --- Validation episode 102/126 ---
2025-10-25 01:01:59,809 [INFO] --- Validation episode 103/126 ---
2025-10-25 01:01:59,833 [INFO] --- Validation episode 104/126 ---
2025-10-25 01:01:59,856 [INFO] --- Validation episode 105/126 ---
2025-10-25 01:01:59,880 [INFO] --- Validation episode 106/126 ---
2025-10-25 01:01:59,904 [INFO] --- Validation episode 107/126 ---
2025-10-25 01:01:59,929 [INFO] --- Validation episode 108/126 ---
2025-10-25 01:01:59,952 [INFO] --- Validation episode 109/126 ---
2025-10-25 01:01:59,974 [INFO] --- Validation episode 110/126 ---
2025-10-25 01:01:59,998 [INFO] --- Validation episode 111/126 ---
2025-10-25 01:02:00,029 [INFO] --- Validation episode 112/126 ---
2025-10-25 01:02:00,062 [INFO] --- Validation episode 113/126 ---
2025-10-25 01:02:00,096 [INFO] --- Validation episode 114/126 ---
2025-10-25 01:02:00,127 [INFO] --- Validation episode 115/126 ---
2025-10-25 01:02:00,159 [INFO] --- Validation episode 116/126 ---
2025-10-25 01:02:00,188 [INFO] --- Validation episode 117/126 ---
2025-10-25 01:02:00,213 [INFO] --- Validation episode 118/126 ---
2025-10-25 01:02:00,235 [INFO] --- Validation episode 119/126 ---
2025-10-25 01:02:00,257 [INFO] --- Validation episode 120/126 ---
2025-10-25 01:02:00,281 [INFO] --- Validation episode 121/126 ---
2025-10-25 01:02:00,305 [INFO] --- Validation episode 122/126 ---
2025-10-25 01:02:00,330 [INFO] --- Validation episode 123/126 ---
2025-10-25 01:02:00,352 [INFO] --- Validation episode 124/126 ---
2025-10-25 01:02:00,374 [INFO] --- Validation episode 125/126 ---
2025-10-25 01:02:00,397 [INFO] --- Validation episode 126/126 ---
2025-10-25 01:02:00,421 [INFO] --- Ep_16000 Validation Results: mean_reward=0.01610, Mean PnL: 163.56, Win rate: 62.14% ---
2025-10-25 01:02:00,421 [INFO] --- Finished Evaluation: Validation ---
2025-10-25 01:02:24,355 [INFO] --- Starting Evaluation: Validation, episodes=126 ---
2025-10-25 01:02:24,355 [INFO] --- Validation episode 1/126 ---
2025-10-25 01:02:24,379 [INFO] --- Validation episode 2/126 ---
2025-10-25 01:02:24,403 [INFO] --- Validation episode 3/126 ---
2025-10-25 01:02:24,427 [INFO] --- Validation episode 4/126 ---
2025-10-25 01:02:24,451 [INFO] --- Validation episode 5/126 ---
2025-10-25 01:02:24,474 [INFO] --- Validation episode 6/126 ---
2025-10-25 01:02:24,498 [INFO] --- Validation episode 7/126 ---
2025-10-25 01:02:24,523 [INFO] --- Validation episode 8/126 ---
2025-10-25 01:02:24,545 [INFO] --- Validation episode 9/126 ---
2025-10-25 01:02:24,570 [INFO] --- Validation episode 10/126 ---
2025-10-25 01:02:24,593 [INFO] --- Validation episode 11/126 ---
2025-10-25 01:02:24,617 [INFO] --- Validation episode 12/126 ---
2025-10-25 01:02:24,641 [INFO] --- Validation episode 13/126 ---
2025-10-25 01:02:24,664 [INFO] --- Validation episode 14/126 ---
2025-10-25 01:02:24,687 [INFO] --- Validation episode 15/126 ---
2025-10-25 01:02:24,710 [INFO] --- Validation episode 16/126 ---
2025-10-25 01:02:24,734 [INFO] --- Validation episode 17/126 ---
2025-10-25 01:02:24,759 [INFO] --- Validation episode 18/126 ---
2025-10-25 01:02:24,787 [INFO] --- Validation episode 19/126 ---
2025-10-25 01:02:24,812 [INFO] --- Validation episode 20/126 ---
2025-10-25 01:02:24,837 [INFO] --- Validation episode 21/126 ---
2025-10-25 01:02:24,861 [INFO] --- Validation episode 22/126 ---
2025-10-25 01:02:24,885 [INFO] --- Validation episode 23/126 ---
2025-10-25 01:02:24,908 [INFO] --- Validation episode 24/126 ---
2025-10-25 01:02:24,932 [INFO] --- Validation episode 25/126 ---
2025-10-25 01:02:24,956 [INFO] --- Validation episode 26/126 ---
2025-10-25 01:02:24,983 [INFO] --- Validation episode 27/126 ---
2025-10-25 01:02:25,011 [INFO] --- Validation episode 28/126 ---
2025-10-25 01:02:25,041 [INFO] --- Validation episode 29/126 ---
2025-10-25 01:02:25,070 [INFO] --- Validation episode 30/126 ---
2025-10-25 01:02:25,097 [INFO] --- Validation episode 31/126 ---
2025-10-25 01:02:25,125 [INFO] --- Validation episode 32/126 ---
2025-10-25 01:02:25,152 [INFO] --- Validation episode 33/126 ---
2025-10-25 01:02:25,179 [INFO] --- Validation episode 34/126 ---
2025-10-25 01:02:25,208 [INFO] --- Validation episode 35/126 ---
2025-10-25 01:02:25,232 [INFO] --- Validation episode 36/126 ---
2025-10-25 01:02:25,257 [INFO] --- Validation episode 37/126 ---
2025-10-25 01:02:25,279 [INFO] --- Validation episode 38/126 ---
2025-10-25 01:02:25,302 [INFO] --- Validation episode 39/126 ---
2025-10-25 01:02:25,325 [INFO] --- Validation episode 40/126 ---
2025-10-25 01:02:25,349 [INFO] --- Validation episode 41/126 ---
2025-10-25 01:02:25,373 [INFO] --- Validation episode 42/126 ---
2025-10-25 01:02:25,397 [INFO] --- Validation episode 43/126 ---
2025-10-25 01:02:25,421 [INFO] --- Validation episode 44/126 ---
2025-10-25 01:02:25,444 [INFO] --- Validation episode 45/126 ---
2025-10-25 01:02:25,467 [INFO] --- Validation episode 46/126 ---
2025-10-25 01:02:25,492 [INFO] --- Validation episode 47/126 ---
2025-10-25 01:02:25,516 [INFO] --- Validation episode 48/126 ---
2025-10-25 01:02:25,540 [INFO] --- Validation episode 49/126 ---
2025-10-25 01:02:25,564 [INFO] --- Validation episode 50/126 ---
2025-10-25 01:02:25,588 [INFO] --- Validation episode 51/126 ---
2025-10-25 01:02:25,612 [INFO] --- Validation episode 52/126 ---
2025-10-25 01:02:25,636 [INFO] --- Validation episode 53/126 ---
2025-10-25 01:02:25,659 [INFO] --- Validation episode 54/126 ---
2025-10-25 01:02:25,682 [INFO] --- Validation episode 55/126 ---
2025-10-25 01:02:25,705 [INFO] --- Validation episode 56/126 ---
2025-10-25 01:02:25,728 [INFO] --- Validation episode 57/126 ---
2025-10-25 01:02:25,752 [INFO] --- Validation episode 58/126 ---
2025-10-25 01:02:25,774 [INFO] --- Validation episode 59/126 ---
2025-10-25 01:02:25,797 [INFO] --- Validation episode 60/126 ---
2025-10-25 01:02:25,820 [INFO] --- Validation episode 61/126 ---
2025-10-25 01:02:25,844 [INFO] --- Validation episode 62/126 ---
2025-10-25 01:02:25,869 [INFO] --- Validation episode 63/126 ---
2025-10-25 01:02:25,892 [INFO] --- Validation episode 64/126 ---
2025-10-25 01:02:25,915 [INFO] --- Validation episode 65/126 ---
2025-10-25 01:02:25,939 [INFO] --- Validation episode 66/126 ---
2025-10-25 01:02:25,961 [INFO] --- Validation episode 67/126 ---
2025-10-25 01:02:25,985 [INFO] --- Validation episode 68/126 ---
2025-10-25 01:02:26,008 [INFO] --- Validation episode 69/126 ---
2025-10-25 01:02:26,031 [INFO] --- Validation episode 70/126 ---
2025-10-25 01:02:26,062 [INFO] --- Validation episode 71/126 ---
2025-10-25 01:02:26,087 [INFO] --- Validation episode 72/126 ---
2025-10-25 01:02:26,109 [INFO] --- Validation episode 73/126 ---
2025-10-25 01:02:26,138 [INFO] --- Validation episode 74/126 ---
2025-10-25 01:02:26,161 [INFO] --- Validation episode 75/126 ---
2025-10-25 01:02:26,184 [INFO] --- Validation episode 76/126 ---
2025-10-25 01:02:26,207 [INFO] --- Validation episode 77/126 ---
2025-10-25 01:02:26,230 [INFO] --- Validation episode 78/126 ---
2025-10-25 01:02:26,255 [INFO] --- Validation episode 79/126 ---
2025-10-25 01:02:26,278 [INFO] --- Validation episode 80/126 ---
2025-10-25 01:02:26,302 [INFO] --- Validation episode 81/126 ---
2025-10-25 01:02:26,326 [INFO] --- Validation episode 82/126 ---
2025-10-25 01:02:26,351 [INFO] --- Validation episode 83/126 ---
2025-10-25 01:02:26,374 [INFO] --- Validation episode 84/126 ---
2025-10-25 01:02:26,397 [INFO] --- Validation episode 85/126 ---
2025-10-25 01:02:26,422 [INFO] --- Validation episode 86/126 ---
2025-10-25 01:02:26,445 [INFO] --- Validation episode 87/126 ---
2025-10-25 01:02:26,469 [INFO] --- Validation episode 88/126 ---
2025-10-25 01:02:26,493 [INFO] --- Validation episode 89/126 ---
2025-10-25 01:02:26,517 [INFO] --- Validation episode 90/126 ---
2025-10-25 01:02:26,541 [INFO] --- Validation episode 91/126 ---
2025-10-25 01:02:26,565 [INFO] --- Validation episode 92/126 ---
2025-10-25 01:02:26,590 [INFO] --- Validation episode 93/126 ---
2025-10-25 01:02:26,614 [INFO] --- Validation episode 94/126 ---
2025-10-25 01:02:26,639 [INFO] --- Validation episode 95/126 ---
2025-10-25 01:02:26,672 [INFO] --- Validation episode 96/126 ---
2025-10-25 01:02:26,697 [INFO] --- Validation episode 97/126 ---
2025-10-25 01:02:26,722 [INFO] --- Validation episode 98/126 ---
2025-10-25 01:02:26,744 [INFO] --- Validation episode 99/126 ---
2025-10-25 01:02:26,766 [INFO] --- Validation episode 100/126 ---
2025-10-25 01:02:26,790 [INFO] --- Validation episode 101/126 ---
2025-10-25 01:02:26,813 [INFO] --- Validation episode 102/126 ---
2025-10-25 01:02:26,837 [INFO] --- Validation episode 103/126 ---
2025-10-25 01:02:26,859 [INFO] --- Validation episode 104/126 ---
2025-10-25 01:02:26,882 [INFO] --- Validation episode 105/126 ---
2025-10-25 01:02:26,910 [INFO] --- Validation episode 106/126 ---
2025-10-25 01:02:26,937 [INFO] --- Validation episode 107/126 ---
2025-10-25 01:02:26,963 [INFO] --- Validation episode 108/126 ---
2025-10-25 01:02:26,992 [INFO] --- Validation episode 109/126 ---
2025-10-25 01:02:27,020 [INFO] --- Validation episode 110/126 ---
2025-10-25 01:02:27,043 [INFO] --- Validation episode 111/126 ---
2025-10-25 01:02:27,068 [INFO] --- Validation episode 112/126 ---
2025-10-25 01:02:27,091 [INFO] --- Validation episode 113/126 ---
2025-10-25 01:02:27,113 [INFO] --- Validation episode 114/126 ---
2025-10-25 01:02:27,136 [INFO] --- Validation episode 115/126 ---
2025-10-25 01:02:27,161 [INFO] --- Validation episode 116/126 ---
2025-10-25 01:02:27,186 [INFO] --- Validation episode 117/126 ---
2025-10-25 01:02:27,209 [INFO] --- Validation episode 118/126 ---
2025-10-25 01:02:27,231 [INFO] --- Validation episode 119/126 ---
2025-10-25 01:02:27,256 [INFO] --- Validation episode 120/126 ---
2025-10-25 01:02:27,279 [INFO] --- Validation episode 121/126 ---
2025-10-25 01:02:27,303 [INFO] --- Validation episode 122/126 ---
2025-10-25 01:02:27,327 [INFO] --- Validation episode 123/126 ---
2025-10-25 01:02:27,351 [INFO] --- Validation episode 124/126 ---
2025-10-25 01:02:27,375 [INFO] --- Validation episode 125/126 ---
2025-10-25 01:02:27,398 [INFO] --- Validation episode 126/126 ---
2025-10-25 01:02:27,424 [INFO] --- Ep_17000 Validation Results: mean_reward=0.01270, Mean PnL: 128.58, Win rate: 56.08% ---
2025-10-25 01:02:27,424 [INFO] --- Finished Evaluation: Validation ---
2025-10-25 01:02:51,120 [INFO] --- Starting Evaluation: Validation, episodes=126 ---
2025-10-25 01:02:51,120 [INFO] --- Validation episode 1/126 ---
2025-10-25 01:02:51,144 [INFO] --- Validation episode 2/126 ---
2025-10-25 01:02:51,169 [INFO] --- Validation episode 3/126 ---
2025-10-25 01:02:51,193 [INFO] --- Validation episode 4/126 ---
2025-10-25 01:02:51,215 [INFO] --- Validation episode 5/126 ---
2025-10-25 01:02:51,240 [INFO] --- Validation episode 6/126 ---
2025-10-25 01:02:51,262 [INFO] --- Validation episode 7/126 ---
2025-10-25 01:02:51,286 [INFO] --- Validation episode 8/126 ---
2025-10-25 01:02:51,309 [INFO] --- Validation episode 9/126 ---
2025-10-25 01:02:51,331 [INFO] --- Validation episode 10/126 ---
2025-10-25 01:02:51,356 [INFO] --- Validation episode 11/126 ---
2025-10-25 01:02:51,380 [INFO] --- Validation episode 12/126 ---
2025-10-25 01:02:51,405 [INFO] --- Validation episode 13/126 ---
2025-10-25 01:02:51,428 [INFO] --- Validation episode 14/126 ---
2025-10-25 01:02:51,452 [INFO] --- Validation episode 15/126 ---
2025-10-25 01:02:51,476 [INFO] --- Validation episode 16/126 ---
2025-10-25 01:02:51,502 [INFO] --- Validation episode 17/126 ---
2025-10-25 01:02:51,528 [INFO] --- Validation episode 18/126 ---
2025-10-25 01:02:51,551 [INFO] --- Validation episode 19/126 ---
2025-10-25 01:02:51,576 [INFO] --- Validation episode 20/126 ---
2025-10-25 01:02:51,598 [INFO] --- Validation episode 21/126 ---
2025-10-25 01:02:51,623 [INFO] --- Validation episode 22/126 ---
2025-10-25 01:02:51,647 [INFO] --- Validation episode 23/126 ---
2025-10-25 01:02:51,672 [INFO] --- Validation episode 24/126 ---
2025-10-25 01:02:51,695 [INFO] --- Validation episode 25/126 ---
2025-10-25 01:02:51,719 [INFO] --- Validation episode 26/126 ---
2025-10-25 01:02:51,743 [INFO] --- Validation episode 27/126 ---
2025-10-25 01:02:51,766 [INFO] --- Validation episode 28/126 ---
2025-10-25 01:02:51,790 [INFO] --- Validation episode 29/126 ---
2025-10-25 01:02:51,813 [INFO] --- Validation episode 30/126 ---
2025-10-25 01:02:51,837 [INFO] --- Validation episode 31/126 ---
2025-10-25 01:02:51,860 [INFO] --- Validation episode 32/126 ---
2025-10-25 01:02:51,883 [INFO] --- Validation episode 33/126 ---
2025-10-25 01:02:51,907 [INFO] --- Validation episode 34/126 ---
2025-10-25 01:02:51,930 [INFO] --- Validation episode 35/126 ---
2025-10-25 01:02:51,952 [INFO] --- Validation episode 36/126 ---
2025-10-25 01:02:51,979 [INFO] --- Validation episode 37/126 ---
2025-10-25 01:02:52,009 [INFO] --- Validation episode 38/126 ---
2025-10-25 01:02:52,036 [INFO] --- Validation episode 39/126 ---
2025-10-25 01:02:52,062 [INFO] --- Validation episode 40/126 ---
2025-10-25 01:02:52,086 [INFO] --- Validation episode 41/126 ---
2025-10-25 01:02:52,110 [INFO] --- Validation episode 42/126 ---
2025-10-25 01:02:52,132 [INFO] --- Validation episode 43/126 ---
2025-10-25 01:02:52,157 [INFO] --- Validation episode 44/126 ---
2025-10-25 01:02:52,180 [INFO] --- Validation episode 45/126 ---
2025-10-25 01:02:52,203 [INFO] --- Validation episode 46/126 ---
2025-10-25 01:02:52,237 [INFO] --- Validation episode 47/126 ---
2025-10-25 01:02:52,262 [INFO] --- Validation episode 48/126 ---
2025-10-25 01:02:52,285 [INFO] --- Validation episode 49/126 ---
2025-10-25 01:02:52,308 [INFO] --- Validation episode 50/126 ---
2025-10-25 01:02:52,331 [INFO] --- Validation episode 51/126 ---
2025-10-25 01:02:52,354 [INFO] --- Validation episode 52/126 ---
2025-10-25 01:02:52,378 [INFO] --- Validation episode 53/126 ---
2025-10-25 01:02:52,402 [INFO] --- Validation episode 54/126 ---
2025-10-25 01:02:52,426 [INFO] --- Validation episode 55/126 ---
2025-10-25 01:02:52,450 [INFO] --- Validation episode 56/126 ---
2025-10-25 01:02:52,481 [INFO] --- Validation episode 57/126 ---
2025-10-25 01:02:52,506 [INFO] --- Validation episode 58/126 ---
2025-10-25 01:02:52,529 [INFO] --- Validation episode 59/126 ---
2025-10-25 01:02:52,552 [INFO] --- Validation episode 60/126 ---
2025-10-25 01:02:52,576 [INFO] --- Validation episode 61/126 ---
2025-10-25 01:02:52,600 [INFO] --- Validation episode 62/126 ---
2025-10-25 01:02:52,625 [INFO] --- Validation episode 63/126 ---
2025-10-25 01:02:52,648 [INFO] --- Validation episode 64/126 ---
2025-10-25 01:02:52,671 [INFO] --- Validation episode 65/126 ---
2025-10-25 01:02:52,694 [INFO] --- Validation episode 66/126 ---
2025-10-25 01:02:52,718 [INFO] --- Validation episode 67/126 ---
2025-10-25 01:02:52,744 [INFO] --- Validation episode 68/126 ---
2025-10-25 01:02:52,766 [INFO] --- Validation episode 69/126 ---
2025-10-25 01:02:52,791 [INFO] --- Validation episode 70/126 ---
2025-10-25 01:02:52,814 [INFO] --- Validation episode 71/126 ---
2025-10-25 01:02:52,838 [INFO] --- Validation episode 72/126 ---
2025-10-25 01:02:52,862 [INFO] --- Validation episode 73/126 ---
2025-10-25 01:02:52,885 [INFO] --- Validation episode 74/126 ---
2025-10-25 01:02:52,910 [INFO] --- Validation episode 75/126 ---
2025-10-25 01:02:52,933 [INFO] --- Validation episode 76/126 ---
2025-10-25 01:02:52,958 [INFO] --- Validation episode 77/126 ---
2025-10-25 01:02:52,982 [INFO] --- Validation episode 78/126 ---
2025-10-25 01:02:53,005 [INFO] --- Validation episode 79/126 ---
2025-10-25 01:02:53,028 [INFO] --- Validation episode 80/126 ---
2025-10-25 01:02:53,052 [INFO] --- Validation episode 81/126 ---
2025-10-25 01:02:53,078 [INFO] --- Validation episode 82/126 ---
2025-10-25 01:02:53,100 [INFO] --- Validation episode 83/126 ---
2025-10-25 01:02:53,125 [INFO] --- Validation episode 84/126 ---
2025-10-25 01:02:53,148 [INFO] --- Validation episode 85/126 ---
2025-10-25 01:02:53,172 [INFO] --- Validation episode 86/126 ---
2025-10-25 01:02:53,196 [INFO] --- Validation episode 87/126 ---
2025-10-25 01:02:53,219 [INFO] --- Validation episode 88/126 ---
2025-10-25 01:02:53,244 [INFO] --- Validation episode 89/126 ---
2025-10-25 01:02:53,266 [INFO] --- Validation episode 90/126 ---
2025-10-25 01:02:53,290 [INFO] --- Validation episode 91/126 ---
2025-10-25 01:02:53,314 [INFO] --- Validation episode 92/126 ---
2025-10-25 01:02:53,337 [INFO] --- Validation episode 93/126 ---
2025-10-25 01:02:53,361 [INFO] --- Validation episode 94/126 ---
2025-10-25 01:02:53,384 [INFO] --- Validation episode 95/126 ---
2025-10-25 01:02:53,408 [INFO] --- Validation episode 96/126 ---
2025-10-25 01:02:53,432 [INFO] --- Validation episode 97/126 ---
2025-10-25 01:02:53,457 [INFO] --- Validation episode 98/126 ---
2025-10-25 01:02:53,480 [INFO] --- Validation episode 99/126 ---
2025-10-25 01:02:53,502 [INFO] --- Validation episode 100/126 ---
2025-10-25 01:02:53,527 [INFO] --- Validation episode 101/126 ---
2025-10-25 01:02:53,550 [INFO] --- Validation episode 102/126 ---
2025-10-25 01:02:53,574 [INFO] --- Validation episode 103/126 ---
2025-10-25 01:02:53,598 [INFO] --- Validation episode 104/126 ---
2025-10-25 01:02:53,621 [INFO] --- Validation episode 105/126 ---
2025-10-25 01:02:53,645 [INFO] --- Validation episode 106/126 ---
2025-10-25 01:02:53,669 [INFO] --- Validation episode 107/126 ---
2025-10-25 01:02:53,694 [INFO] --- Validation episode 108/126 ---
2025-10-25 01:02:53,717 [INFO] --- Validation episode 109/126 ---
2025-10-25 01:02:53,741 [INFO] --- Validation episode 110/126 ---
2025-10-25 01:02:53,763 [INFO] --- Validation episode 111/126 ---
2025-10-25 01:02:53,787 [INFO] --- Validation episode 112/126 ---
2025-10-25 01:02:53,812 [INFO] --- Validation episode 113/126 ---
2025-10-25 01:02:53,834 [INFO] --- Validation episode 114/126 ---
2025-10-25 01:02:53,858 [INFO] --- Validation episode 115/126 ---
2025-10-25 01:02:53,881 [INFO] --- Validation episode 116/126 ---
2025-10-25 01:02:53,905 [INFO] --- Validation episode 117/126 ---
2025-10-25 01:02:53,928 [INFO] --- Validation episode 118/126 ---
2025-10-25 01:02:53,952 [INFO] --- Validation episode 119/126 ---
2025-10-25 01:02:53,976 [INFO] --- Validation episode 120/126 ---
2025-10-25 01:02:53,999 [INFO] --- Validation episode 121/126 ---
2025-10-25 01:02:54,023 [INFO] --- Validation episode 122/126 ---
2025-10-25 01:02:54,047 [INFO] --- Validation episode 123/126 ---
2025-10-25 01:02:54,071 [INFO] --- Validation episode 124/126 ---
2025-10-25 01:02:54,096 [INFO] --- Validation episode 125/126 ---
2025-10-25 01:02:54,120 [INFO] --- Validation episode 126/126 ---
2025-10-25 01:02:54,144 [INFO] --- Ep_18000 Validation Results: mean_reward=0.01551, Mean PnL: 157.11, Win rate: 56.08% ---
2025-10-25 01:02:54,144 [INFO] --- Finished Evaluation: Validation ---
2025-10-25 01:03:17,521 [INFO] --- Starting Evaluation: Validation, episodes=126 ---
2025-10-25 01:03:17,522 [INFO] --- Validation episode 1/126 ---
2025-10-25 01:03:17,556 [INFO] --- Validation episode 2/126 ---
2025-10-25 01:03:17,589 [INFO] --- Validation episode 3/126 ---
2025-10-25 01:03:17,622 [INFO] --- Validation episode 4/126 ---
2025-10-25 01:03:17,655 [INFO] --- Validation episode 5/126 ---
2025-10-25 01:03:17,678 [INFO] --- Validation episode 6/126 ---
2025-10-25 01:03:17,702 [INFO] --- Validation episode 7/126 ---
2025-10-25 01:03:17,726 [INFO] --- Validation episode 8/126 ---
2025-10-25 01:03:17,749 [INFO] --- Validation episode 9/126 ---
2025-10-25 01:03:17,773 [INFO] --- Validation episode 10/126 ---
2025-10-25 01:03:17,797 [INFO] --- Validation episode 11/126 ---
2025-10-25 01:03:17,821 [INFO] --- Validation episode 12/126 ---
2025-10-25 01:03:17,846 [INFO] --- Validation episode 13/126 ---
2025-10-25 01:03:17,868 [INFO] --- Validation episode 14/126 ---
2025-10-25 01:03:17,892 [INFO] --- Validation episode 15/126 ---
2025-10-25 01:03:17,916 [INFO] --- Validation episode 16/126 ---
2025-10-25 01:03:17,940 [INFO] --- Validation episode 17/126 ---
2025-10-25 01:03:17,964 [INFO] --- Validation episode 18/126 ---
2025-10-25 01:03:17,987 [INFO] --- Validation episode 19/126 ---
2025-10-25 01:03:18,011 [INFO] --- Validation episode 20/126 ---
2025-10-25 01:03:18,035 [INFO] --- Validation episode 21/126 ---
2025-10-25 01:03:18,062 [INFO] --- Validation episode 22/126 ---
2025-10-25 01:03:18,086 [INFO] --- Validation episode 23/126 ---
2025-10-25 01:03:18,109 [INFO] --- Validation episode 24/126 ---
2025-10-25 01:03:18,133 [INFO] --- Validation episode 25/126 ---
2025-10-25 01:03:18,156 [INFO] --- Validation episode 26/126 ---
2025-10-25 01:03:18,182 [INFO] --- Validation episode 27/126 ---
2025-10-25 01:03:18,204 [INFO] --- Validation episode 28/126 ---
2025-10-25 01:03:18,228 [INFO] --- Validation episode 29/126 ---
2025-10-25 01:03:18,251 [INFO] --- Validation episode 30/126 ---
2025-10-25 01:03:18,276 [INFO] --- Validation episode 31/126 ---
2025-10-25 01:03:18,301 [INFO] --- Validation episode 32/126 ---
2025-10-25 01:03:18,323 [INFO] --- Validation episode 33/126 ---
2025-10-25 01:03:18,348 [INFO] --- Validation episode 34/126 ---
2025-10-25 01:03:18,371 [INFO] --- Validation episode 35/126 ---
2025-10-25 01:03:18,395 [INFO] --- Validation episode 36/126 ---
2025-10-25 01:03:18,419 [INFO] --- Validation episode 37/126 ---
2025-10-25 01:03:18,443 [INFO] --- Validation episode 38/126 ---
2025-10-25 01:03:18,466 [INFO] --- Validation episode 39/126 ---
2025-10-25 01:03:18,490 [INFO] --- Validation episode 40/126 ---
2025-10-25 01:03:18,514 [INFO] --- Validation episode 41/126 ---
2025-10-25 01:03:18,538 [INFO] --- Validation episode 42/126 ---
2025-10-25 01:03:18,563 [INFO] --- Validation episode 43/126 ---
2025-10-25 01:03:18,586 [INFO] --- Validation episode 44/126 ---
2025-10-25 01:03:18,614 [INFO] --- Validation episode 45/126 ---
2025-10-25 01:03:18,649 [INFO] --- Validation episode 46/126 ---
2025-10-25 01:03:18,681 [INFO] --- Validation episode 47/126 ---
2025-10-25 01:03:18,713 [INFO] --- Validation episode 48/126 ---
2025-10-25 01:03:18,745 [INFO] --- Validation episode 49/126 ---
2025-10-25 01:03:18,779 [INFO] --- Validation episode 50/126 ---
2025-10-25 01:03:18,802 [INFO] --- Validation episode 51/126 ---
2025-10-25 01:03:18,825 [INFO] --- Validation episode 52/126 ---
2025-10-25 01:03:18,849 [INFO] --- Validation episode 53/126 ---
2025-10-25 01:03:18,871 [INFO] --- Validation episode 54/126 ---
2025-10-25 01:03:18,896 [INFO] --- Validation episode 55/126 ---
2025-10-25 01:03:18,931 [INFO] --- Validation episode 56/126 ---
2025-10-25 01:03:18,964 [INFO] --- Validation episode 57/126 ---
2025-10-25 01:03:18,997 [INFO] --- Validation episode 58/126 ---
2025-10-25 01:03:19,030 [INFO] --- Validation episode 59/126 ---
2025-10-25 01:03:19,057 [INFO] --- Validation episode 60/126 ---
2025-10-25 01:03:19,083 [INFO] --- Validation episode 61/126 ---
2025-10-25 01:03:19,107 [INFO] --- Validation episode 62/126 ---
2025-10-25 01:03:19,132 [INFO] --- Validation episode 63/126 ---
2025-10-25 01:03:19,156 [INFO] --- Validation episode 64/126 ---
2025-10-25 01:03:19,180 [INFO] --- Validation episode 65/126 ---
2025-10-25 01:03:19,202 [INFO] --- Validation episode 66/126 ---
2025-10-25 01:03:19,227 [INFO] --- Validation episode 67/126 ---
2025-10-25 01:03:19,250 [INFO] --- Validation episode 68/126 ---
2025-10-25 01:03:19,274 [INFO] --- Validation episode 69/126 ---
2025-10-25 01:03:19,299 [INFO] --- Validation episode 70/126 ---
2025-10-25 01:03:19,322 [INFO] --- Validation episode 71/126 ---
2025-10-25 01:03:19,346 [INFO] --- Validation episode 72/126 ---
2025-10-25 01:03:19,369 [INFO] --- Validation episode 73/126 ---
2025-10-25 01:03:19,393 [INFO] --- Validation episode 74/126 ---
2025-10-25 01:03:19,418 [INFO] --- Validation episode 75/126 ---
2025-10-25 01:03:19,442 [INFO] --- Validation episode 76/126 ---
2025-10-25 01:03:19,468 [INFO] --- Validation episode 77/126 ---
2025-10-25 01:03:19,491 [INFO] --- Validation episode 78/126 ---
2025-10-25 01:03:19,524 [INFO] --- Validation episode 79/126 ---
2025-10-25 01:03:19,557 [INFO] --- Validation episode 80/126 ---
2025-10-25 01:03:19,590 [INFO] --- Validation episode 81/126 ---
2025-10-25 01:03:19,623 [INFO] --- Validation episode 82/126 ---
2025-10-25 01:03:19,655 [INFO] --- Validation episode 83/126 ---
2025-10-25 01:03:19,679 [INFO] --- Validation episode 84/126 ---
2025-10-25 01:03:19,702 [INFO] --- Validation episode 85/126 ---
2025-10-25 01:03:19,724 [INFO] --- Validation episode 86/126 ---
2025-10-25 01:03:19,749 [INFO] --- Validation episode 87/126 ---
2025-10-25 01:03:19,772 [INFO] --- Validation episode 88/126 ---
2025-10-25 01:03:19,795 [INFO] --- Validation episode 89/126 ---
2025-10-25 01:03:19,819 [INFO] --- Validation episode 90/126 ---
2025-10-25 01:03:19,842 [INFO] --- Validation episode 91/126 ---
2025-10-25 01:03:19,865 [INFO] --- Validation episode 92/126 ---
2025-10-25 01:03:19,889 [INFO] --- Validation episode 93/126 ---
2025-10-25 01:03:19,912 [INFO] --- Validation episode 94/126 ---
2025-10-25 01:03:19,945 [INFO] --- Validation episode 95/126 ---
2025-10-25 01:03:19,968 [INFO] --- Validation episode 96/126 ---
2025-10-25 01:03:19,990 [INFO] --- Validation episode 97/126 ---
2025-10-25 01:03:20,015 [INFO] --- Validation episode 98/126 ---
2025-10-25 01:03:20,048 [INFO] --- Validation episode 99/126 ---
2025-10-25 01:03:20,092 [INFO] --- Validation episode 100/126 ---
2025-10-25 01:03:20,118 [INFO] --- Validation episode 101/126 ---
2025-10-25 01:03:20,141 [INFO] --- Validation episode 102/126 ---
2025-10-25 01:03:20,166 [INFO] --- Validation episode 103/126 ---
2025-10-25 01:03:20,189 [INFO] --- Validation episode 104/126 ---
2025-10-25 01:03:20,214 [INFO] --- Validation episode 105/126 ---
2025-10-25 01:03:20,236 [INFO] --- Validation episode 106/126 ---
2025-10-25 01:03:20,261 [INFO] --- Validation episode 107/126 ---
2025-10-25 01:03:20,285 [INFO] --- Validation episode 108/126 ---
2025-10-25 01:03:20,308 [INFO] --- Validation episode 109/126 ---
2025-10-25 01:03:20,333 [INFO] --- Validation episode 110/126 ---
2025-10-25 01:03:20,356 [INFO] --- Validation episode 111/126 ---
2025-10-25 01:03:20,380 [INFO] --- Validation episode 112/126 ---
2025-10-25 01:03:20,404 [INFO] --- Validation episode 113/126 ---
2025-10-25 01:03:20,428 [INFO] --- Validation episode 114/126 ---
2025-10-25 01:03:20,452 [INFO] --- Validation episode 115/126 ---
2025-10-25 01:03:20,474 [INFO] --- Validation episode 116/126 ---
2025-10-25 01:03:20,499 [INFO] --- Validation episode 117/126 ---
2025-10-25 01:03:20,523 [INFO] --- Validation episode 118/126 ---
2025-10-25 01:03:20,548 [INFO] --- Validation episode 119/126 ---
2025-10-25 01:03:20,571 [INFO] --- Validation episode 120/126 ---
2025-10-25 01:03:20,595 [INFO] --- Validation episode 121/126 ---
2025-10-25 01:03:20,618 [INFO] --- Validation episode 122/126 ---
2025-10-25 01:03:20,641 [INFO] --- Validation episode 123/126 ---
2025-10-25 01:03:20,667 [INFO] --- Validation episode 124/126 ---
2025-10-25 01:03:20,690 [INFO] --- Validation episode 125/126 ---
2025-10-25 01:03:20,714 [INFO] --- Validation episode 126/126 ---
2025-10-25 01:03:20,738 [INFO] --- Ep_19000 Validation Results: mean_reward=0.01728, Mean PnL: 174.90, Win rate: 61.64% ---
2025-10-25 01:03:20,738 [INFO] --- Finished Evaluation: Validation ---
2025-10-25 01:03:20,762 [INFO] Checkpoint saved to output\alpha\saved_models\rl_binance_futures_trading_date_20251025_time_005510\best.pth (policy+target+optimizer+scaler+meta).
2025-10-25 01:03:20,762 [INFO] New Best model by Validation_mean_pnl = 174.90. Episode = 19000: output\alpha\saved_models\rl_binance_futures_trading_date_20251025_time_005510\best.pth
2025-10-25 01:03:44,106 [INFO] --- Starting Evaluation: Validation, episodes=126 ---
2025-10-25 01:03:44,106 [INFO] --- Validation episode 1/126 ---
2025-10-25 01:03:44,131 [INFO] --- Validation episode 2/126 ---
2025-10-25 01:03:44,155 [INFO] --- Validation episode 3/126 ---
2025-10-25 01:03:44,177 [INFO] --- Validation episode 4/126 ---
2025-10-25 01:03:44,199 [INFO] --- Validation episode 5/126 ---
2025-10-25 01:03:44,221 [INFO] --- Validation episode 6/126 ---
2025-10-25 01:03:44,244 [INFO] --- Validation episode 7/126 ---
2025-10-25 01:03:44,267 [INFO] --- Validation episode 8/126 ---
2025-10-25 01:03:44,290 [INFO] --- Validation episode 9/126 ---
2025-10-25 01:03:44,313 [INFO] --- Validation episode 10/126 ---
2025-10-25 01:03:44,337 [INFO] --- Validation episode 11/126 ---
2025-10-25 01:03:44,361 [INFO] --- Validation episode 12/126 ---
2025-10-25 01:03:44,387 [INFO] --- Validation episode 13/126 ---
2025-10-25 01:03:44,410 [INFO] --- Validation episode 14/126 ---
2025-10-25 01:03:44,434 [INFO] --- Validation episode 15/126 ---
2025-10-25 01:03:44,459 [INFO] --- Validation episode 16/126 ---
2025-10-25 01:03:44,481 [INFO] --- Validation episode 17/126 ---
2025-10-25 01:03:44,507 [INFO] --- Validation episode 18/126 ---
2025-10-25 01:03:44,531 [INFO] --- Validation episode 19/126 ---
2025-10-25 01:03:44,555 [INFO] --- Validation episode 20/126 ---
2025-10-25 01:03:44,578 [INFO] --- Validation episode 21/126 ---
2025-10-25 01:03:44,599 [INFO] --- Validation episode 22/126 ---
2025-10-25 01:03:44,624 [INFO] --- Validation episode 23/126 ---
2025-10-25 01:03:44,646 [INFO] --- Validation episode 24/126 ---
2025-10-25 01:03:44,669 [INFO] --- Validation episode 25/126 ---
2025-10-25 01:03:44,691 [INFO] --- Validation episode 26/126 ---
2025-10-25 01:03:44,712 [INFO] --- Validation episode 27/126 ---
2025-10-25 01:03:44,736 [INFO] --- Validation episode 28/126 ---
2025-10-25 01:03:44,759 [INFO] --- Validation episode 29/126 ---
2025-10-25 01:03:44,781 [INFO] --- Validation episode 30/126 ---
2025-10-25 01:03:44,803 [INFO] --- Validation episode 31/126 ---
2025-10-25 01:03:44,826 [INFO] --- Validation episode 32/126 ---
2025-10-25 01:03:44,849 [INFO] --- Validation episode 33/126 ---
2025-10-25 01:03:44,873 [INFO] --- Validation episode 34/126 ---
2025-10-25 01:03:44,894 [INFO] --- Validation episode 35/126 ---
2025-10-25 01:03:44,916 [INFO] --- Validation episode 36/126 ---
2025-10-25 01:03:44,939 [INFO] --- Validation episode 37/126 ---
2025-10-25 01:03:44,961 [INFO] --- Validation episode 38/126 ---
2025-10-25 01:03:44,983 [INFO] --- Validation episode 39/126 ---
2025-10-25 01:03:45,005 [INFO] --- Validation episode 40/126 ---
2025-10-25 01:03:45,026 [INFO] --- Validation episode 41/126 ---
2025-10-25 01:03:45,048 [INFO] --- Validation episode 42/126 ---
2025-10-25 01:03:45,071 [INFO] --- Validation episode 43/126 ---
2025-10-25 01:03:45,094 [INFO] --- Validation episode 44/126 ---
2025-10-25 01:03:45,121 [INFO] --- Validation episode 45/126 ---
2025-10-25 01:03:45,145 [INFO] --- Validation episode 46/126 ---
2025-10-25 01:03:45,169 [INFO] --- Validation episode 47/126 ---
2025-10-25 01:03:45,194 [INFO] --- Validation episode 48/126 ---
2025-10-25 01:03:45,219 [INFO] --- Validation episode 49/126 ---
2025-10-25 01:03:45,241 [INFO] --- Validation episode 50/126 ---
2025-10-25 01:03:45,265 [INFO] --- Validation episode 51/126 ---
2025-10-25 01:03:45,288 [INFO] --- Validation episode 52/126 ---
2025-10-25 01:03:45,311 [INFO] --- Validation episode 53/126 ---
2025-10-25 01:03:45,334 [INFO] --- Validation episode 54/126 ---
2025-10-25 01:03:45,356 [INFO] --- Validation episode 55/126 ---
2025-10-25 01:03:45,378 [INFO] --- Validation episode 56/126 ---
2025-10-25 01:03:45,399 [INFO] --- Validation episode 57/126 ---
2025-10-25 01:03:45,423 [INFO] --- Validation episode 58/126 ---
2025-10-25 01:03:45,446 [INFO] --- Validation episode 59/126 ---
2025-10-25 01:03:45,467 [INFO] --- Validation episode 60/126 ---
2025-10-25 01:03:45,489 [INFO] --- Validation episode 61/126 ---
2025-10-25 01:03:45,512 [INFO] --- Validation episode 62/126 ---
2025-10-25 01:03:45,535 [INFO] --- Validation episode 63/126 ---
2025-10-25 01:03:45,558 [INFO] --- Validation episode 64/126 ---
2025-10-25 01:03:45,579 [INFO] --- Validation episode 65/126 ---
2025-10-25 01:03:45,601 [INFO] --- Validation episode 66/126 ---
2025-10-25 01:03:45,626 [INFO] --- Validation episode 67/126 ---
2025-10-25 01:03:45,650 [INFO] --- Validation episode 68/126 ---
2025-10-25 01:03:45,672 [INFO] --- Validation episode 69/126 ---
2025-10-25 01:03:45,694 [INFO] --- Validation episode 70/126 ---
2025-10-25 01:03:45,715 [INFO] --- Validation episode 71/126 ---
2025-10-25 01:03:45,739 [INFO] --- Validation episode 72/126 ---
2025-10-25 01:03:45,762 [INFO] --- Validation episode 73/126 ---
2025-10-25 01:03:45,786 [INFO] --- Validation episode 74/126 ---
2025-10-25 01:03:45,809 [INFO] --- Validation episode 75/126 ---
2025-10-25 01:03:45,832 [INFO] --- Validation episode 76/126 ---
2025-10-25 01:03:45,856 [INFO] --- Validation episode 77/126 ---
2025-10-25 01:03:45,881 [INFO] --- Validation episode 78/126 ---
2025-10-25 01:03:45,906 [INFO] --- Validation episode 79/126 ---
2025-10-25 01:03:45,931 [INFO] --- Validation episode 80/126 ---
2025-10-25 01:03:45,954 [INFO] --- Validation episode 81/126 ---
2025-10-25 01:03:45,978 [INFO] --- Validation episode 82/126 ---
2025-10-25 01:03:46,002 [INFO] --- Validation episode 83/126 ---
2025-10-25 01:03:46,023 [INFO] --- Validation episode 84/126 ---
2025-10-25 01:03:46,045 [INFO] --- Validation episode 85/126 ---
2025-10-25 01:03:46,066 [INFO] --- Validation episode 86/126 ---
2025-10-25 01:03:46,090 [INFO] --- Validation episode 87/126 ---
2025-10-25 01:03:46,112 [INFO] --- Validation episode 88/126 ---
2025-10-25 01:03:46,134 [INFO] --- Validation episode 89/126 ---
2025-10-25 01:03:46,156 [INFO] --- Validation episode 90/126 ---
2025-10-25 01:03:46,177 [INFO] --- Validation episode 91/126 ---
2025-10-25 01:03:46,199 [INFO] --- Validation episode 92/126 ---
2025-10-25 01:03:46,223 [INFO] --- Validation episode 93/126 ---
2025-10-25 01:03:46,245 [INFO] --- Validation episode 94/126 ---
2025-10-25 01:03:46,266 [INFO] --- Validation episode 95/126 ---
2025-10-25 01:03:46,288 [INFO] --- Validation episode 96/126 ---
2025-10-25 01:03:46,312 [INFO] --- Validation episode 97/126 ---
2025-10-25 01:03:46,335 [INFO] --- Validation episode 98/126 ---
2025-10-25 01:03:46,356 [INFO] --- Validation episode 99/126 ---
2025-10-25 01:03:46,378 [INFO] --- Validation episode 100/126 ---
2025-10-25 01:03:46,399 [INFO] --- Validation episode 101/126 ---
2025-10-25 01:03:46,422 [INFO] --- Validation episode 102/126 ---
2025-10-25 01:03:46,444 [INFO] --- Validation episode 103/126 ---
2025-10-25 01:03:46,465 [INFO] --- Validation episode 104/126 ---
2025-10-25 01:03:46,486 [INFO] --- Validation episode 105/126 ---
2025-10-25 01:03:46,508 [INFO] --- Validation episode 106/126 ---
2025-10-25 01:03:46,531 [INFO] --- Validation episode 107/126 ---
2025-10-25 01:03:46,556 [INFO] --- Validation episode 108/126 ---
2025-10-25 01:03:46,579 [INFO] --- Validation episode 109/126 ---
2025-10-25 01:03:46,600 [INFO] --- Validation episode 110/126 ---
2025-10-25 01:03:46,622 [INFO] --- Validation episode 111/126 ---
2025-10-25 01:03:46,644 [INFO] --- Validation episode 112/126 ---
2025-10-25 01:03:46,666 [INFO] --- Validation episode 113/126 ---
2025-10-25 01:03:46,689 [INFO] --- Validation episode 114/126 ---
2025-10-25 01:03:46,711 [INFO] --- Validation episode 115/126 ---
2025-10-25 01:03:46,732 [INFO] --- Validation episode 116/126 ---
2025-10-25 01:03:46,755 [INFO] --- Validation episode 117/126 ---
2025-10-25 01:03:46,778 [INFO] --- Validation episode 118/126 ---
2025-10-25 01:03:46,800 [INFO] --- Validation episode 119/126 ---
2025-10-25 01:03:46,821 [INFO] --- Validation episode 120/126 ---
2025-10-25 01:03:46,842 [INFO] --- Validation episode 121/126 ---
2025-10-25 01:03:46,865 [INFO] --- Validation episode 122/126 ---
2025-10-25 01:03:46,892 [INFO] --- Validation episode 123/126 ---
2025-10-25 01:03:46,915 [INFO] --- Validation episode 124/126 ---
2025-10-25 01:03:46,940 [INFO] --- Validation episode 125/126 ---
2025-10-25 01:03:46,964 [INFO] --- Validation episode 126/126 ---
2025-10-25 01:03:46,987 [INFO] --- Ep_20000 Validation Results: mean_reward=0.01422, Mean PnL: 144.47, Win rate: 60.38% ---
2025-10-25 01:03:46,987 [INFO] --- Finished Evaluation: Validation ---
2025-10-25 01:04:09,498 [INFO] --- Starting Evaluation: Validation, episodes=126 ---
2025-10-25 01:04:09,499 [INFO] --- Validation episode 1/126 ---
2025-10-25 01:04:09,521 [INFO] --- Validation episode 2/126 ---
2025-10-25 01:04:09,544 [INFO] --- Validation episode 3/126 ---
2025-10-25 01:04:09,567 [INFO] --- Validation episode 4/126 ---
2025-10-25 01:04:09,588 [INFO] --- Validation episode 5/126 ---
2025-10-25 01:04:09,610 [INFO] --- Validation episode 6/126 ---
2025-10-25 01:04:09,632 [INFO] --- Validation episode 7/126 ---
2025-10-25 01:04:09,655 [INFO] --- Validation episode 8/126 ---
2025-10-25 01:04:09,678 [INFO] --- Validation episode 9/126 ---
2025-10-25 01:04:09,699 [INFO] --- Validation episode 10/126 ---
2025-10-25 01:04:09,721 [INFO] --- Validation episode 11/126 ---
2025-10-25 01:04:09,744 [INFO] --- Validation episode 12/126 ---
2025-10-25 01:04:09,766 [INFO] --- Validation episode 13/126 ---
2025-10-25 01:04:09,804 [INFO] --- Validation episode 14/126 ---
2025-10-25 01:04:09,833 [INFO] --- Validation episode 15/126 ---
2025-10-25 01:04:09,857 [INFO] --- Validation episode 16/126 ---
2025-10-25 01:04:09,880 [INFO] --- Validation episode 17/126 ---
2025-10-25 01:04:09,903 [INFO] --- Validation episode 18/126 ---
2025-10-25 01:04:09,925 [INFO] --- Validation episode 19/126 ---
2025-10-25 01:04:09,947 [INFO] --- Validation episode 20/126 ---
2025-10-25 01:04:09,969 [INFO] --- Validation episode 21/126 ---
2025-10-25 01:04:09,992 [INFO] --- Validation episode 22/126 ---
2025-10-25 01:04:10,015 [INFO] --- Validation episode 23/126 ---
2025-10-25 01:04:10,039 [INFO] --- Validation episode 24/126 ---
2025-10-25 01:04:10,062 [INFO] --- Validation episode 25/126 ---
2025-10-25 01:04:10,084 [INFO] --- Validation episode 26/126 ---
2025-10-25 01:04:10,106 [INFO] --- Validation episode 27/126 ---
2025-10-25 01:04:10,128 [INFO] --- Validation episode 28/126 ---
2025-10-25 01:04:10,153 [INFO] --- Validation episode 29/126 ---
2025-10-25 01:04:10,176 [INFO] --- Validation episode 30/126 ---
2025-10-25 01:04:10,198 [INFO] --- Validation episode 31/126 ---
2025-10-25 01:04:10,219 [INFO] --- Validation episode 32/126 ---
2025-10-25 01:04:10,244 [INFO] --- Validation episode 33/126 ---
2025-10-25 01:04:10,266 [INFO] --- Validation episode 34/126 ---
2025-10-25 01:04:10,287 [INFO] --- Validation episode 35/126 ---
2025-10-25 01:04:10,309 [INFO] --- Validation episode 36/126 ---
2025-10-25 01:04:10,332 [INFO] --- Validation episode 37/126 ---
2025-10-25 01:04:10,355 [INFO] --- Validation episode 38/126 ---
2025-10-25 01:04:10,378 [INFO] --- Validation episode 39/126 ---
2025-10-25 01:04:10,400 [INFO] --- Validation episode 40/126 ---
2025-10-25 01:04:10,421 [INFO] --- Validation episode 41/126 ---
2025-10-25 01:04:10,444 [INFO] --- Validation episode 42/126 ---
2025-10-25 01:04:10,467 [INFO] --- Validation episode 43/126 ---
2025-10-25 01:04:10,490 [INFO] --- Validation episode 44/126 ---
2025-10-25 01:04:10,511 [INFO] --- Validation episode 45/126 ---
2025-10-25 01:04:10,533 [INFO] --- Validation episode 46/126 ---
2025-10-25 01:04:10,555 [INFO] --- Validation episode 47/126 ---
2025-10-25 01:04:10,578 [INFO] --- Validation episode 48/126 ---
2025-10-25 01:04:10,601 [INFO] --- Validation episode 49/126 ---
2025-10-25 01:04:10,623 [INFO] --- Validation episode 50/126 ---
2025-10-25 01:04:10,645 [INFO] --- Validation episode 51/126 ---
2025-10-25 01:04:10,677 [INFO] --- Validation episode 52/126 ---
2025-10-25 01:04:10,710 [INFO] --- Validation episode 53/126 ---
2025-10-25 01:04:10,740 [INFO] --- Validation episode 54/126 ---
2025-10-25 01:04:10,770 [INFO] --- Validation episode 55/126 ---
2025-10-25 01:04:10,801 [INFO] --- Validation episode 56/126 ---
2025-10-25 01:04:10,824 [INFO] --- Validation episode 57/126 ---
2025-10-25 01:04:10,846 [INFO] --- Validation episode 58/126 ---
2025-10-25 01:04:10,869 [INFO] --- Validation episode 59/126 ---
2025-10-25 01:04:10,891 [INFO] --- Validation episode 60/126 ---
2025-10-25 01:04:10,913 [INFO] --- Validation episode 61/126 ---
2025-10-25 01:04:10,945 [INFO] --- Validation episode 62/126 ---
2025-10-25 01:04:10,977 [INFO] --- Validation episode 63/126 ---
2025-10-25 01:04:11,008 [INFO] --- Validation episode 64/126 ---
2025-10-25 01:04:11,038 [INFO] --- Validation episode 65/126 ---
2025-10-25 01:04:11,068 [INFO] --- Validation episode 66/126 ---
2025-10-25 01:04:11,100 [INFO] --- Validation episode 67/126 ---
2025-10-25 01:04:11,129 [INFO] --- Validation episode 68/126 ---
2025-10-25 01:04:11,157 [INFO] --- Validation episode 69/126 ---
2025-10-25 01:04:11,183 [INFO] --- Validation episode 70/126 ---
2025-10-25 01:04:11,205 [INFO] --- Validation episode 71/126 ---
2025-10-25 01:04:11,229 [INFO] --- Validation episode 72/126 ---
2025-10-25 01:04:11,251 [INFO] --- Validation episode 73/126 ---
2025-10-25 01:04:11,272 [INFO] --- Validation episode 74/126 ---
2025-10-25 01:04:11,294 [INFO] --- Validation episode 75/126 ---
2025-10-25 01:04:11,323 [INFO] --- Validation episode 76/126 ---
2025-10-25 01:04:11,356 [INFO] --- Validation episode 77/126 ---
2025-10-25 01:04:11,386 [INFO] --- Validation episode 78/126 ---
2025-10-25 01:04:11,417 [INFO] --- Validation episode 79/126 ---
2025-10-25 01:04:11,443 [INFO] --- Validation episode 80/126 ---
2025-10-25 01:04:11,466 [INFO] --- Validation episode 81/126 ---
2025-10-25 01:04:11,489 [INFO] --- Validation episode 82/126 ---
2025-10-25 01:04:11,509 [INFO] --- Validation episode 83/126 ---
2025-10-25 01:04:11,530 [INFO] --- Validation episode 84/126 ---
2025-10-25 01:04:11,554 [INFO] --- Validation episode 85/126 ---
2025-10-25 01:04:11,587 [INFO] --- Validation episode 86/126 ---
2025-10-25 01:04:11,618 [INFO] --- Validation episode 87/126 ---
2025-10-25 01:04:11,649 [INFO] --- Validation episode 88/126 ---
2025-10-25 01:04:11,680 [INFO] --- Validation episode 89/126 ---
2025-10-25 01:04:11,714 [INFO] --- Validation episode 90/126 ---
2025-10-25 01:04:11,748 [INFO] --- Validation episode 91/126 ---
2025-10-25 01:04:11,781 [INFO] --- Validation episode 92/126 ---
2025-10-25 01:04:11,819 [INFO] --- Validation episode 93/126 ---
2025-10-25 01:04:11,853 [INFO] --- Validation episode 94/126 ---
2025-10-25 01:04:11,885 [INFO] --- Validation episode 95/126 ---
2025-10-25 01:04:11,916 [INFO] --- Validation episode 96/126 ---
2025-10-25 01:04:11,948 [INFO] --- Validation episode 97/126 ---
2025-10-25 01:04:11,980 [INFO] --- Validation episode 98/126 ---
2025-10-25 01:04:12,010 [INFO] --- Validation episode 99/126 ---
2025-10-25 01:04:12,041 [INFO] --- Validation episode 100/126 ---
2025-10-25 01:04:12,064 [INFO] --- Validation episode 101/126 ---
2025-10-25 01:04:12,088 [INFO] --- Validation episode 102/126 ---
2025-10-25 01:04:12,109 [INFO] --- Validation episode 103/126 ---
2025-10-25 01:04:12,130 [INFO] --- Validation episode 104/126 ---
2025-10-25 01:04:12,152 [INFO] --- Validation episode 105/126 ---
2025-10-25 01:04:12,179 [INFO] --- Validation episode 106/126 ---
2025-10-25 01:04:12,200 [INFO] --- Validation episode 107/126 ---
2025-10-25 01:04:12,223 [INFO] --- Validation episode 108/126 ---
2025-10-25 01:04:12,243 [INFO] --- Validation episode 109/126 ---
2025-10-25 01:04:12,265 [INFO] --- Validation episode 110/126 ---
2025-10-25 01:04:12,287 [INFO] --- Validation episode 111/126 ---
2025-10-25 01:04:12,320 [INFO] --- Validation episode 112/126 ---
2025-10-25 01:04:12,351 [INFO] --- Validation episode 113/126 ---
2025-10-25 01:04:12,381 [INFO] --- Validation episode 114/126 ---
2025-10-25 01:04:12,403 [INFO] --- Validation episode 115/126 ---
2025-10-25 01:04:12,428 [INFO] --- Validation episode 116/126 ---
2025-10-25 01:04:12,450 [INFO] --- Validation episode 117/126 ---
2025-10-25 01:04:12,471 [INFO] --- Validation episode 118/126 ---
2025-10-25 01:04:12,492 [INFO] --- Validation episode 119/126 ---
2025-10-25 01:04:12,516 [INFO] --- Validation episode 120/126 ---
2025-10-25 01:04:12,539 [INFO] --- Validation episode 121/126 ---
2025-10-25 01:04:12,561 [INFO] --- Validation episode 122/126 ---
2025-10-25 01:04:12,582 [INFO] --- Validation episode 123/126 ---
2025-10-25 01:04:12,604 [INFO] --- Validation episode 124/126 ---
2025-10-25 01:04:12,631 [INFO] --- Validation episode 125/126 ---
2025-10-25 01:04:12,664 [INFO] --- Validation episode 126/126 ---
2025-10-25 01:04:12,696 [INFO] --- Ep_21000 Validation Results: mean_reward=0.01360, Mean PnL: 137.93, Win rate: 55.29% ---
2025-10-25 01:04:12,696 [INFO] --- Finished Evaluation: Validation ---
2025-10-25 01:04:35,065 [INFO] --- Starting Evaluation: Validation, episodes=126 ---
2025-10-25 01:04:35,065 [INFO] --- Validation episode 1/126 ---
2025-10-25 01:04:35,097 [INFO] --- Validation episode 2/126 ---
2025-10-25 01:04:35,130 [INFO] --- Validation episode 3/126 ---
2025-10-25 01:04:35,162 [INFO] --- Validation episode 4/126 ---
2025-10-25 01:04:35,194 [INFO] --- Validation episode 5/126 ---
2025-10-25 01:04:35,217 [INFO] --- Validation episode 6/126 ---
2025-10-25 01:04:35,240 [INFO] --- Validation episode 7/126 ---
2025-10-25 01:04:35,264 [INFO] --- Validation episode 8/126 ---
2025-10-25 01:04:35,285 [INFO] --- Validation episode 9/126 ---
2025-10-25 01:04:35,307 [INFO] --- Validation episode 10/126 ---
2025-10-25 01:04:35,330 [INFO] --- Validation episode 11/126 ---
2025-10-25 01:04:35,352 [INFO] --- Validation episode 12/126 ---
2025-10-25 01:04:35,377 [INFO] --- Validation episode 13/126 ---
2025-10-25 01:04:35,398 [INFO] --- Validation episode 14/126 ---
2025-10-25 01:04:35,420 [INFO] --- Validation episode 15/126 ---
2025-10-25 01:04:35,441 [INFO] --- Validation episode 16/126 ---
2025-10-25 01:04:35,465 [INFO] --- Validation episode 17/126 ---
2025-10-25 01:04:35,487 [INFO] --- Validation episode 18/126 ---
2025-10-25 01:04:35,508 [INFO] --- Validation episode 19/126 ---
2025-10-25 01:04:35,530 [INFO] --- Validation episode 20/126 ---
2025-10-25 01:04:35,553 [INFO] --- Validation episode 21/126 ---
2025-10-25 01:04:35,576 [INFO] --- Validation episode 22/126 ---
2025-10-25 01:04:35,599 [INFO] --- Validation episode 23/126 ---
2025-10-25 01:04:35,620 [INFO] --- Validation episode 24/126 ---
2025-10-25 01:04:35,642 [INFO] --- Validation episode 25/126 ---
2025-10-25 01:04:35,666 [INFO] --- Validation episode 26/126 ---
2025-10-25 01:04:35,688 [INFO] --- Validation episode 27/126 ---
2025-10-25 01:04:35,712 [INFO] --- Validation episode 28/126 ---
2025-10-25 01:04:35,734 [INFO] --- Validation episode 29/126 ---
2025-10-25 01:04:35,755 [INFO] --- Validation episode 30/126 ---
2025-10-25 01:04:35,778 [INFO] --- Validation episode 31/126 ---
2025-10-25 01:04:35,801 [INFO] --- Validation episode 32/126 ---
2025-10-25 01:04:35,823 [INFO] --- Validation episode 33/126 ---
2025-10-25 01:04:35,845 [INFO] --- Validation episode 34/126 ---
2025-10-25 01:04:35,866 [INFO] --- Validation episode 35/126 ---
2025-10-25 01:04:35,889 [INFO] --- Validation episode 36/126 ---
2025-10-25 01:04:35,913 [INFO] --- Validation episode 37/126 ---
2025-10-25 01:04:35,936 [INFO] --- Validation episode 38/126 ---
2025-10-25 01:04:35,958 [INFO] --- Validation episode 39/126 ---
2025-10-25 01:04:35,979 [INFO] --- Validation episode 40/126 ---
2025-10-25 01:04:36,002 [INFO] --- Validation episode 41/126 ---
2025-10-25 01:04:36,026 [INFO] --- Validation episode 42/126 ---
2025-10-25 01:04:36,049 [INFO] --- Validation episode 43/126 ---
2025-10-25 01:04:36,070 [INFO] --- Validation episode 44/126 ---
2025-10-25 01:04:36,092 [INFO] --- Validation episode 45/126 ---
2025-10-25 01:04:36,115 [INFO] --- Validation episode 46/126 ---
2025-10-25 01:04:36,138 [INFO] --- Validation episode 47/126 ---
2025-10-25 01:04:36,163 [INFO] --- Validation episode 48/126 ---
2025-10-25 01:04:36,184 [INFO] --- Validation episode 49/126 ---
2025-10-25 01:04:36,207 [INFO] --- Validation episode 50/126 ---
2025-10-25 01:04:36,230 [INFO] --- Validation episode 51/126 ---
2025-10-25 01:04:36,253 [INFO] --- Validation episode 52/126 ---
2025-10-25 01:04:36,278 [INFO] --- Validation episode 53/126 ---
2025-10-25 01:04:36,301 [INFO] --- Validation episode 54/126 ---
2025-10-25 01:04:36,326 [INFO] --- Validation episode 55/126 ---
2025-10-25 01:04:36,353 [INFO] --- Validation episode 56/126 ---
2025-10-25 01:04:36,378 [INFO] --- Validation episode 57/126 ---
2025-10-25 01:04:36,401 [INFO] --- Validation episode 58/126 ---
2025-10-25 01:04:36,424 [INFO] --- Validation episode 59/126 ---
2025-10-25 01:04:36,447 [INFO] --- Validation episode 60/126 ---
2025-10-25 01:04:36,472 [INFO] --- Validation episode 61/126 ---
2025-10-25 01:04:36,498 [INFO] --- Validation episode 62/126 ---
2025-10-25 01:04:36,524 [INFO] --- Validation episode 63/126 ---
2025-10-25 01:04:36,546 [INFO] --- Validation episode 64/126 ---
2025-10-25 01:04:36,568 [INFO] --- Validation episode 65/126 ---
2025-10-25 01:04:36,590 [INFO] --- Validation episode 66/126 ---
2025-10-25 01:04:36,614 [INFO] --- Validation episode 67/126 ---
2025-10-25 01:04:36,637 [INFO] --- Validation episode 68/126 ---
2025-10-25 01:04:36,659 [INFO] --- Validation episode 69/126 ---
2025-10-25 01:04:36,681 [INFO] --- Validation episode 70/126 ---
2025-10-25 01:04:36,705 [INFO] --- Validation episode 71/126 ---
2025-10-25 01:04:36,728 [INFO] --- Validation episode 72/126 ---
2025-10-25 01:04:36,751 [INFO] --- Validation episode 73/126 ---
2025-10-25 01:04:36,772 [INFO] --- Validation episode 74/126 ---
2025-10-25 01:04:36,794 [INFO] --- Validation episode 75/126 ---
2025-10-25 01:04:36,817 [INFO] --- Validation episode 76/126 ---
2025-10-25 01:04:36,840 [INFO] --- Validation episode 77/126 ---
2025-10-25 01:04:36,862 [INFO] --- Validation episode 78/126 ---
2025-10-25 01:04:36,884 [INFO] --- Validation episode 79/126 ---
2025-10-25 01:04:36,905 [INFO] --- Validation episode 80/126 ---
2025-10-25 01:04:36,937 [INFO] --- Validation episode 81/126 ---
2025-10-25 01:04:36,971 [INFO] --- Validation episode 82/126 ---
2025-10-25 01:04:37,002 [INFO] --- Validation episode 83/126 ---
2025-10-25 01:04:37,032 [INFO] --- Validation episode 84/126 ---
2025-10-25 01:04:37,063 [INFO] --- Validation episode 85/126 ---
2025-10-25 01:04:37,086 [INFO] --- Validation episode 86/126 ---
2025-10-25 01:04:37,110 [INFO] --- Validation episode 87/126 ---
2025-10-25 01:04:37,133 [INFO] --- Validation episode 88/126 ---
2025-10-25 01:04:37,155 [INFO] --- Validation episode 89/126 ---
2025-10-25 01:04:37,178 [INFO] --- Validation episode 90/126 ---
2025-10-25 01:04:37,202 [INFO] --- Validation episode 91/126 ---
2025-10-25 01:04:37,229 [INFO] --- Validation episode 92/126 ---
2025-10-25 01:04:37,255 [INFO] --- Validation episode 93/126 ---
2025-10-25 01:04:37,281 [INFO] --- Validation episode 94/126 ---
2025-10-25 01:04:37,303 [INFO] --- Validation episode 95/126 ---
2025-10-25 01:04:37,335 [INFO] --- Validation episode 96/126 ---
2025-10-25 01:04:37,368 [INFO] --- Validation episode 97/126 ---
2025-10-25 01:04:37,399 [INFO] --- Validation episode 98/126 ---
2025-10-25 01:04:37,429 [INFO] --- Validation episode 99/126 ---
2025-10-25 01:04:37,460 [INFO] --- Validation episode 100/126 ---
2025-10-25 01:04:37,487 [INFO] --- Validation episode 101/126 ---
2025-10-25 01:04:37,521 [INFO] --- Validation episode 102/126 ---
2025-10-25 01:04:37,552 [INFO] --- Validation episode 103/126 ---
2025-10-25 01:04:37,583 [INFO] --- Validation episode 104/126 ---
2025-10-25 01:04:37,613 [INFO] --- Validation episode 105/126 ---
2025-10-25 01:04:37,646 [INFO] --- Validation episode 106/126 ---
2025-10-25 01:04:37,676 [INFO] --- Validation episode 107/126 ---
2025-10-25 01:04:37,707 [INFO] --- Validation episode 108/126 ---
2025-10-25 01:04:37,739 [INFO] --- Validation episode 109/126 ---
2025-10-25 01:04:37,772 [INFO] --- Validation episode 110/126 ---
2025-10-25 01:04:37,803 [INFO] --- Validation episode 111/126 ---
2025-10-25 01:04:37,833 [INFO] --- Validation episode 112/126 ---
2025-10-25 01:04:37,863 [INFO] --- Validation episode 113/126 ---
2025-10-25 01:04:37,896 [INFO] --- Validation episode 114/126 ---
2025-10-25 01:04:37,926 [INFO] --- Validation episode 115/126 ---
2025-10-25 01:04:37,956 [INFO] --- Validation episode 116/126 ---
2025-10-25 01:04:37,978 [INFO] --- Validation episode 117/126 ---
2025-10-25 01:04:38,001 [INFO] --- Validation episode 118/126 ---
2025-10-25 01:04:38,023 [INFO] --- Validation episode 119/126 ---
2025-10-25 01:04:38,046 [INFO] --- Validation episode 120/126 ---
2025-10-25 01:04:38,067 [INFO] --- Validation episode 121/126 ---
2025-10-25 01:04:38,095 [INFO] --- Validation episode 122/126 ---
2025-10-25 01:04:38,128 [INFO] --- Validation episode 123/126 ---
2025-10-25 01:04:38,160 [INFO] --- Validation episode 124/126 ---
2025-10-25 01:04:38,192 [INFO] --- Validation episode 125/126 ---
2025-10-25 01:04:38,214 [INFO] --- Validation episode 126/126 ---
2025-10-25 01:04:38,237 [INFO] --- Ep_22000 Validation Results: mean_reward=0.01441, Mean PnL: 145.34, Win rate: 62.43% ---
2025-10-25 01:04:38,237 [INFO] --- Finished Evaluation: Validation ---
2025-10-25 01:05:00,615 [INFO] --- Starting Evaluation: Validation, episodes=126 ---
2025-10-25 01:05:00,615 [INFO] --- Validation episode 1/126 ---
2025-10-25 01:05:00,641 [INFO] --- Validation episode 2/126 ---
2025-10-25 01:05:00,663 [INFO] --- Validation episode 3/126 ---
2025-10-25 01:05:00,684 [INFO] --- Validation episode 4/126 ---
2025-10-25 01:05:00,705 [INFO] --- Validation episode 5/126 ---
2025-10-25 01:05:00,726 [INFO] --- Validation episode 6/126 ---
2025-10-25 01:05:00,749 [INFO] --- Validation episode 7/126 ---
2025-10-25 01:05:00,771 [INFO] --- Validation episode 8/126 ---
2025-10-25 01:05:00,793 [INFO] --- Validation episode 9/126 ---
2025-10-25 01:05:00,814 [INFO] --- Validation episode 10/126 ---
2025-10-25 01:05:00,836 [INFO] --- Validation episode 11/126 ---
2025-10-25 01:05:00,866 [INFO] --- Validation episode 12/126 ---
2025-10-25 01:05:00,898 [INFO] --- Validation episode 13/126 ---
2025-10-25 01:05:00,930 [INFO] --- Validation episode 14/126 ---
2025-10-25 01:05:00,960 [INFO] --- Validation episode 15/126 ---
2025-10-25 01:05:00,990 [INFO] --- Validation episode 16/126 ---
2025-10-25 01:05:01,014 [INFO] --- Validation episode 17/126 ---
2025-10-25 01:05:01,046 [INFO] --- Validation episode 18/126 ---
2025-10-25 01:05:01,077 [INFO] --- Validation episode 19/126 ---
2025-10-25 01:05:01,104 [INFO] --- Validation episode 20/126 ---
2025-10-25 01:05:01,136 [INFO] --- Validation episode 21/126 ---
2025-10-25 01:05:01,168 [INFO] --- Validation episode 22/126 ---
2025-10-25 01:05:01,200 [INFO] --- Validation episode 23/126 ---
2025-10-25 01:05:01,230 [INFO] --- Validation episode 24/126 ---
2025-10-25 01:05:01,254 [INFO] --- Validation episode 25/126 ---
2025-10-25 01:05:01,277 [INFO] --- Validation episode 26/126 ---
2025-10-25 01:05:01,299 [INFO] --- Validation episode 27/126 ---
2025-10-25 01:05:01,321 [INFO] --- Validation episode 28/126 ---
2025-10-25 01:05:01,343 [INFO] --- Validation episode 29/126 ---
2025-10-25 01:05:01,367 [INFO] --- Validation episode 30/126 ---
2025-10-25 01:05:01,399 [INFO] --- Validation episode 31/126 ---
2025-10-25 01:05:01,429 [INFO] --- Validation episode 32/126 ---
2025-10-25 01:05:01,462 [INFO] --- Validation episode 33/126 ---
2025-10-25 01:05:01,487 [INFO] --- Validation episode 34/126 ---
2025-10-25 01:05:01,513 [INFO] --- Validation episode 35/126 ---
2025-10-25 01:05:01,535 [INFO] --- Validation episode 36/126 ---
2025-10-25 01:05:01,557 [INFO] --- Validation episode 37/126 ---
2025-10-25 01:05:01,578 [INFO] --- Validation episode 38/126 ---
2025-10-25 01:05:01,610 [INFO] --- Validation episode 39/126 ---
2025-10-25 01:05:01,641 [INFO] --- Validation episode 40/126 ---
2025-10-25 01:05:01,673 [INFO] --- Validation episode 41/126 ---
2025-10-25 01:05:01,703 [INFO] --- Validation episode 42/126 ---
2025-10-25 01:05:01,734 [INFO] --- Validation episode 43/126 ---
2025-10-25 01:05:01,766 [INFO] --- Validation episode 44/126 ---
2025-10-25 01:05:01,796 [INFO] --- Validation episode 45/126 ---
2025-10-25 01:05:01,827 [INFO] --- Validation episode 46/126 ---
2025-10-25 01:05:01,849 [INFO] --- Validation episode 47/126 ---
2025-10-25 01:05:01,872 [INFO] --- Validation episode 48/126 ---
2025-10-25 01:05:01,897 [INFO] --- Validation episode 49/126 ---
2025-10-25 01:05:01,918 [INFO] --- Validation episode 50/126 ---
2025-10-25 01:05:01,942 [INFO] --- Validation episode 51/126 ---
2025-10-25 01:05:01,966 [INFO] --- Validation episode 52/126 ---
2025-10-25 01:05:01,991 [INFO] --- Validation episode 53/126 ---
2025-10-25 01:05:02,021 [INFO] --- Validation episode 54/126 ---
2025-10-25 01:05:02,044 [INFO] --- Validation episode 55/126 ---
2025-10-25 01:05:02,072 [INFO] --- Validation episode 56/126 ---
2025-10-25 01:05:02,104 [INFO] --- Validation episode 57/126 ---
2025-10-25 01:05:02,134 [INFO] --- Validation episode 58/126 ---
2025-10-25 01:05:02,165 [INFO] --- Validation episode 59/126 ---
2025-10-25 01:05:02,190 [INFO] --- Validation episode 60/126 ---
2025-10-25 01:05:02,214 [INFO] --- Validation episode 61/126 ---
2025-10-25 01:05:02,235 [INFO] --- Validation episode 62/126 ---
2025-10-25 01:05:02,255 [INFO] --- Validation episode 63/126 ---
2025-10-25 01:05:02,277 [INFO] --- Validation episode 64/126 ---
2025-10-25 01:05:02,302 [INFO] --- Validation episode 65/126 ---
2025-10-25 01:05:02,335 [INFO] --- Validation episode 66/126 ---
2025-10-25 01:05:02,367 [INFO] --- Validation episode 67/126 ---
2025-10-25 01:05:02,397 [INFO] --- Validation episode 68/126 ---
2025-10-25 01:05:02,423 [INFO] --- Validation episode 69/126 ---
2025-10-25 01:05:02,456 [INFO] --- Validation episode 70/126 ---
2025-10-25 01:05:02,487 [INFO] --- Validation episode 71/126 ---
2025-10-25 01:05:02,518 [INFO] --- Validation episode 72/126 ---
2025-10-25 01:05:02,549 [INFO] --- Validation episode 73/126 ---
2025-10-25 01:05:02,583 [INFO] --- Validation episode 74/126 ---
2025-10-25 01:05:02,613 [INFO] --- Validation episode 75/126 ---
2025-10-25 01:05:02,643 [INFO] --- Validation episode 76/126 ---
2025-10-25 01:05:02,666 [INFO] --- Validation episode 77/126 ---
2025-10-25 01:05:02,689 [INFO] --- Validation episode 78/126 ---
2025-10-25 01:05:02,710 [INFO] --- Validation episode 79/126 ---
2025-10-25 01:05:02,732 [INFO] --- Validation episode 80/126 ---
2025-10-25 01:05:02,753 [INFO] --- Validation episode 81/126 ---
2025-10-25 01:05:02,783 [INFO] --- Validation episode 82/126 ---
2025-10-25 01:05:02,816 [INFO] --- Validation episode 83/126 ---
2025-10-25 01:05:02,846 [INFO] --- Validation episode 84/126 ---
2025-10-25 01:05:02,876 [INFO] --- Validation episode 85/126 ---
2025-10-25 01:05:02,901 [INFO] --- Validation episode 86/126 ---
2025-10-25 01:05:02,933 [INFO] --- Validation episode 87/126 ---
2025-10-25 01:05:02,965 [INFO] --- Validation episode 88/126 ---
2025-10-25 01:05:02,995 [INFO] --- Validation episode 89/126 ---
2025-10-25 01:05:03,022 [INFO] --- Validation episode 90/126 ---
2025-10-25 01:05:03,055 [INFO] --- Validation episode 91/126 ---
2025-10-25 01:05:03,085 [INFO] --- Validation episode 92/126 ---
2025-10-25 01:05:03,108 [INFO] --- Validation episode 93/126 ---
2025-10-25 01:05:03,139 [INFO] --- Validation episode 94/126 ---
2025-10-25 01:05:03,172 [INFO] --- Validation episode 95/126 ---
2025-10-25 01:05:03,204 [INFO] --- Validation episode 96/126 ---
2025-10-25 01:05:03,235 [INFO] --- Validation episode 97/126 ---
2025-10-25 01:05:03,264 [INFO] --- Validation episode 98/126 ---
2025-10-25 01:05:03,296 [INFO] --- Validation episode 99/126 ---
2025-10-25 01:05:03,327 [INFO] --- Validation episode 100/126 ---
2025-10-25 01:05:03,357 [INFO] --- Validation episode 101/126 ---
2025-10-25 01:05:03,387 [INFO] --- Validation episode 102/126 ---
2025-10-25 01:05:03,420 [INFO] --- Validation episode 103/126 ---
2025-10-25 01:05:03,450 [INFO] --- Validation episode 104/126 ---
2025-10-25 01:05:03,480 [INFO] --- Validation episode 105/126 ---
2025-10-25 01:05:03,504 [INFO] --- Validation episode 106/126 ---
2025-10-25 01:05:03,525 [INFO] --- Validation episode 107/126 ---
2025-10-25 01:05:03,547 [INFO] --- Validation episode 108/126 ---
2025-10-25 01:05:03,567 [INFO] --- Validation episode 109/126 ---
2025-10-25 01:05:03,589 [INFO] --- Validation episode 110/126 ---
2025-10-25 01:05:03,619 [INFO] --- Validation episode 111/126 ---
2025-10-25 01:05:03,644 [INFO] --- Validation episode 112/126 ---
2025-10-25 01:05:03,666 [INFO] --- Validation episode 113/126 ---
2025-10-25 01:05:03,687 [INFO] --- Validation episode 114/126 ---
2025-10-25 01:05:03,708 [INFO] --- Validation episode 115/126 ---
2025-10-25 01:05:03,739 [INFO] --- Validation episode 116/126 ---
2025-10-25 01:05:03,773 [INFO] --- Validation episode 117/126 ---
2025-10-25 01:05:03,804 [INFO] --- Validation episode 118/126 ---
2025-10-25 01:05:03,835 [INFO] --- Validation episode 119/126 ---
2025-10-25 01:05:03,866 [INFO] --- Validation episode 120/126 ---
2025-10-25 01:05:03,899 [INFO] --- Validation episode 121/126 ---
2025-10-25 01:05:03,930 [INFO] --- Validation episode 122/126 ---
2025-10-25 01:05:03,960 [INFO] --- Validation episode 123/126 ---
2025-10-25 01:05:03,983 [INFO] --- Validation episode 124/126 ---
2025-10-25 01:05:04,017 [INFO] --- Validation episode 125/126 ---
2025-10-25 01:05:04,050 [INFO] --- Validation episode 126/126 ---
2025-10-25 01:05:04,080 [INFO] --- Ep_23000 Validation Results: mean_reward=0.01540, Mean PnL: 156.17, Win rate: 59.26% ---
2025-10-25 01:05:04,080 [INFO] --- Finished Evaluation: Validation ---
2025-10-25 01:05:26,526 [INFO] --- Starting Evaluation: Validation, episodes=126 ---
2025-10-25 01:05:26,527 [INFO] --- Validation episode 1/126 ---
2025-10-25 01:05:26,559 [INFO] --- Validation episode 2/126 ---
2025-10-25 01:05:26,592 [INFO] --- Validation episode 3/126 ---
2025-10-25 01:05:26,622 [INFO] --- Validation episode 4/126 ---
2025-10-25 01:05:26,653 [INFO] --- Validation episode 5/126 ---
2025-10-25 01:05:26,676 [INFO] --- Validation episode 6/126 ---
2025-10-25 01:05:26,698 [INFO] --- Validation episode 7/126 ---
2025-10-25 01:05:26,721 [INFO] --- Validation episode 8/126 ---
2025-10-25 01:05:26,742 [INFO] --- Validation episode 9/126 ---
2025-10-25 01:05:26,764 [INFO] --- Validation episode 10/126 ---
2025-10-25 01:05:26,788 [INFO] --- Validation episode 11/126 ---
2025-10-25 01:05:26,810 [INFO] --- Validation episode 12/126 ---
2025-10-25 01:05:26,833 [INFO] --- Validation episode 13/126 ---
2025-10-25 01:05:26,854 [INFO] --- Validation episode 14/126 ---
2025-10-25 01:05:26,876 [INFO] --- Validation episode 15/126 ---
2025-10-25 01:05:26,897 [INFO] --- Validation episode 16/126 ---
2025-10-25 01:05:26,921 [INFO] --- Validation episode 17/126 ---
2025-10-25 01:05:26,944 [INFO] --- Validation episode 18/126 ---
2025-10-25 01:05:26,966 [INFO] --- Validation episode 19/126 ---
2025-10-25 01:05:26,988 [INFO] --- Validation episode 20/126 ---
2025-10-25 01:05:27,011 [INFO] --- Validation episode 21/126 ---
2025-10-25 01:05:27,033 [INFO] --- Validation episode 22/126 ---
2025-10-25 01:05:27,055 [INFO] --- Validation episode 23/126 ---
2025-10-25 01:05:27,076 [INFO] --- Validation episode 24/126 ---
2025-10-25 01:05:27,097 [INFO] --- Validation episode 25/126 ---
2025-10-25 01:05:27,129 [INFO] --- Validation episode 26/126 ---
2025-10-25 01:05:27,162 [INFO] --- Validation episode 27/126 ---
2025-10-25 01:05:27,193 [INFO] --- Validation episode 28/126 ---
2025-10-25 01:05:27,225 [INFO] --- Validation episode 29/126 ---
2025-10-25 01:05:27,255 [INFO] --- Validation episode 30/126 ---
2025-10-25 01:05:27,286 [INFO] --- Validation episode 31/126 ---
2025-10-25 01:05:27,319 [INFO] --- Validation episode 32/126 ---
2025-10-25 01:05:27,349 [INFO] --- Validation episode 33/126 ---
2025-10-25 01:05:27,380 [INFO] --- Validation episode 34/126 ---
2025-10-25 01:05:27,405 [INFO] --- Validation episode 35/126 ---
2025-10-25 01:05:27,437 [INFO] --- Validation episode 36/126 ---
2025-10-25 01:05:27,469 [INFO] --- Validation episode 37/126 ---
2025-10-25 01:05:27,499 [INFO] --- Validation episode 38/126 ---
2025-10-25 01:05:27,527 [INFO] --- Validation episode 39/126 ---
2025-10-25 01:05:27,559 [INFO] --- Validation episode 40/126 ---
2025-10-25 01:05:27,591 [INFO] --- Validation episode 41/126 ---
2025-10-25 01:05:27,621 [INFO] --- Validation episode 42/126 ---
2025-10-25 01:05:27,652 [INFO] --- Validation episode 43/126 ---
2025-10-25 01:05:27,683 [INFO] --- Validation episode 44/126 ---
2025-10-25 01:05:27,714 [INFO] --- Validation episode 45/126 ---
2025-10-25 01:05:27,744 [INFO] --- Validation episode 46/126 ---
2025-10-25 01:05:27,769 [INFO] --- Validation episode 47/126 ---
2025-10-25 01:05:27,792 [INFO] --- Validation episode 48/126 ---
2025-10-25 01:05:27,814 [INFO] --- Validation episode 49/126 ---
2025-10-25 01:05:27,835 [INFO] --- Validation episode 50/126 ---
2025-10-25 01:05:27,857 [INFO] --- Validation episode 51/126 ---
2025-10-25 01:05:27,887 [INFO] --- Validation episode 52/126 ---
2025-10-25 01:05:27,919 [INFO] --- Validation episode 53/126 ---
2025-10-25 01:05:27,951 [INFO] --- Validation episode 54/126 ---
2025-10-25 01:05:27,982 [INFO] --- Validation episode 55/126 ---
2025-10-25 01:05:28,009 [INFO] --- Validation episode 56/126 ---
2025-10-25 01:05:28,043 [INFO] --- Validation episode 57/126 ---
2025-10-25 01:05:28,074 [INFO] --- Validation episode 58/126 ---
2025-10-25 01:05:28,105 [INFO] --- Validation episode 59/126 ---
2025-10-25 01:05:28,134 [INFO] --- Validation episode 60/126 ---
2025-10-25 01:05:28,167 [INFO] --- Validation episode 61/126 ---
2025-10-25 01:05:28,199 [INFO] --- Validation episode 62/126 ---
2025-10-25 01:05:28,229 [INFO] --- Validation episode 63/126 ---
2025-10-25 01:05:28,252 [INFO] --- Validation episode 64/126 ---
2025-10-25 01:05:28,286 [INFO] --- Validation episode 65/126 ---
2025-10-25 01:05:28,318 [INFO] --- Validation episode 66/126 ---
2025-10-25 01:05:28,348 [INFO] --- Validation episode 67/126 ---
2025-10-25 01:05:28,380 [INFO] --- Validation episode 68/126 ---
2025-10-25 01:05:28,413 [INFO] --- Validation episode 69/126 ---
2025-10-25 01:05:28,444 [INFO] --- Validation episode 70/126 ---
2025-10-25 01:05:28,475 [INFO] --- Validation episode 71/126 ---
2025-10-25 01:05:28,498 [INFO] --- Validation episode 72/126 ---
2025-10-25 01:05:28,522 [INFO] --- Validation episode 73/126 ---
2025-10-25 01:05:28,543 [INFO] --- Validation episode 74/126 ---
2025-10-25 01:05:28,564 [INFO] --- Validation episode 75/126 ---
2025-10-25 01:05:28,585 [INFO] --- Validation episode 76/126 ---
2025-10-25 01:05:28,614 [INFO] --- Validation episode 77/126 ---
2025-10-25 01:05:28,647 [INFO] --- Validation episode 78/126 ---
2025-10-25 01:05:28,679 [INFO] --- Validation episode 79/126 ---
2025-10-25 01:05:28,709 [INFO] --- Validation episode 80/126 ---
2025-10-25 01:05:28,741 [INFO] --- Validation episode 81/126 ---
2025-10-25 01:05:28,775 [INFO] --- Validation episode 82/126 ---
2025-10-25 01:05:28,806 [INFO] --- Validation episode 83/126 ---
2025-10-25 01:05:28,836 [INFO] --- Validation episode 84/126 ---
2025-10-25 01:05:28,859 [INFO] --- Validation episode 85/126 ---
2025-10-25 01:05:28,882 [INFO] --- Validation episode 86/126 ---
2025-10-25 01:05:28,903 [INFO] --- Validation episode 87/126 ---
2025-10-25 01:05:28,925 [INFO] --- Validation episode 88/126 ---
2025-10-25 01:05:28,946 [INFO] --- Validation episode 89/126 ---
2025-10-25 01:05:28,979 [INFO] --- Validation episode 90/126 ---
2025-10-25 01:05:29,011 [INFO] --- Validation episode 91/126 ---
2025-10-25 01:05:29,042 [INFO] --- Validation episode 92/126 ---
2025-10-25 01:05:29,073 [INFO] --- Validation episode 93/126 ---
2025-10-25 01:05:29,096 [INFO] --- Validation episode 94/126 ---
2025-10-25 01:05:29,120 [INFO] --- Validation episode 95/126 ---
2025-10-25 01:05:29,141 [INFO] --- Validation episode 96/126 ---
2025-10-25 01:05:29,163 [INFO] --- Validation episode 97/126 ---
2025-10-25 01:05:29,184 [INFO] --- Validation episode 98/126 ---
2025-10-25 01:05:29,209 [INFO] --- Validation episode 99/126 ---
2025-10-25 01:05:29,232 [INFO] --- Validation episode 100/126 ---
2025-10-25 01:05:29,254 [INFO] --- Validation episode 101/126 ---
2025-10-25 01:05:29,276 [INFO] --- Validation episode 102/126 ---
2025-10-25 01:05:29,298 [INFO] --- Validation episode 103/126 ---
2025-10-25 01:05:29,319 [INFO] --- Validation episode 104/126 ---
2025-10-25 01:05:29,342 [INFO] --- Validation episode 105/126 ---
2025-10-25 01:05:29,365 [INFO] --- Validation episode 106/126 ---
2025-10-25 01:05:29,386 [INFO] --- Validation episode 107/126 ---
2025-10-25 01:05:29,407 [INFO] --- Validation episode 108/126 ---
2025-10-25 01:05:29,442 [INFO] --- Validation episode 109/126 ---
2025-10-25 01:05:29,473 [INFO] --- Validation episode 110/126 ---
2025-10-25 01:05:29,503 [INFO] --- Validation episode 111/126 ---
2025-10-25 01:05:29,533 [INFO] --- Validation episode 112/126 ---
2025-10-25 01:05:29,564 [INFO] --- Validation episode 113/126 ---
2025-10-25 01:05:29,587 [INFO] --- Validation episode 114/126 ---
2025-10-25 01:05:29,610 [INFO] --- Validation episode 115/126 ---
2025-10-25 01:05:29,632 [INFO] --- Validation episode 116/126 ---
2025-10-25 01:05:29,654 [INFO] --- Validation episode 117/126 ---
2025-10-25 01:05:29,676 [INFO] --- Validation episode 118/126 ---
2025-10-25 01:05:29,699 [INFO] --- Validation episode 119/126 ---
2025-10-25 01:05:29,724 [INFO] --- Validation episode 120/126 ---
2025-10-25 01:05:29,746 [INFO] --- Validation episode 121/126 ---
2025-10-25 01:05:29,768 [INFO] --- Validation episode 122/126 ---
2025-10-25 01:05:29,790 [INFO] --- Validation episode 123/126 ---
2025-10-25 01:05:29,813 [INFO] --- Validation episode 124/126 ---
2025-10-25 01:05:29,835 [INFO] --- Validation episode 125/126 ---
2025-10-25 01:05:29,858 [INFO] --- Validation episode 126/126 ---
2025-10-25 01:05:29,880 [INFO] --- Ep_24000 Validation Results: mean_reward=0.01640, Mean PnL: 167.18, Win rate: 64.35% ---
2025-10-25 01:05:29,880 [INFO] --- Finished Evaluation: Validation ---
2025-10-25 01:05:52,425 [INFO] --- Starting Evaluation: Validation, episodes=126 ---
2025-10-25 01:05:52,426 [INFO] --- Validation episode 1/126 ---
2025-10-25 01:05:52,449 [INFO] --- Validation episode 2/126 ---
2025-10-25 01:05:52,471 [INFO] --- Validation episode 3/126 ---
2025-10-25 01:05:52,494 [INFO] --- Validation episode 4/126 ---
2025-10-25 01:05:52,516 [INFO] --- Validation episode 5/126 ---
2025-10-25 01:05:52,538 [INFO] --- Validation episode 6/126 ---
2025-10-25 01:05:52,570 [INFO] --- Validation episode 7/126 ---
2025-10-25 01:05:52,602 [INFO] --- Validation episode 8/126 ---
2025-10-25 01:05:52,633 [INFO] --- Validation episode 9/126 ---
2025-10-25 01:05:52,663 [INFO] --- Validation episode 10/126 ---
2025-10-25 01:05:52,694 [INFO] --- Validation episode 11/126 ---
2025-10-25 01:05:52,716 [INFO] --- Validation episode 12/126 ---
2025-10-25 01:05:52,739 [INFO] --- Validation episode 13/126 ---
2025-10-25 01:05:52,762 [INFO] --- Validation episode 14/126 ---
2025-10-25 01:05:52,785 [INFO] --- Validation episode 15/126 ---
2025-10-25 01:05:52,806 [INFO] --- Validation episode 16/126 ---
2025-10-25 01:05:52,830 [INFO] --- Validation episode 17/126 ---
2025-10-25 01:05:52,852 [INFO] --- Validation episode 18/126 ---
2025-10-25 01:05:52,875 [INFO] --- Validation episode 19/126 ---
2025-10-25 01:05:52,897 [INFO] --- Validation episode 20/126 ---
2025-10-25 01:05:52,919 [INFO] --- Validation episode 21/126 ---
2025-10-25 01:05:52,945 [INFO] --- Validation episode 22/126 ---
2025-10-25 01:05:52,968 [INFO] --- Validation episode 23/126 ---
2025-10-25 01:05:52,992 [INFO] --- Validation episode 24/126 ---
2025-10-25 01:05:53,014 [INFO] --- Validation episode 25/126 ---
2025-10-25 01:05:53,036 [INFO] --- Validation episode 26/126 ---
2025-10-25 01:05:53,063 [INFO] --- Validation episode 27/126 ---
2025-10-25 01:05:53,097 [INFO] --- Validation episode 28/126 ---
2025-10-25 01:05:53,130 [INFO] --- Validation episode 29/126 ---
2025-10-25 01:05:53,152 [INFO] --- Validation episode 30/126 ---
2025-10-25 01:05:53,175 [INFO] --- Validation episode 31/126 ---
2025-10-25 01:05:53,202 [INFO] --- Validation episode 32/126 ---
2025-10-25 01:05:53,235 [INFO] --- Validation episode 33/126 ---
2025-10-25 01:05:53,268 [INFO] --- Validation episode 34/126 ---
2025-10-25 01:05:53,298 [INFO] --- Validation episode 35/126 ---
2025-10-25 01:05:53,328 [INFO] --- Validation episode 36/126 ---
2025-10-25 01:05:53,360 [INFO] --- Validation episode 37/126 ---
2025-10-25 01:05:53,394 [INFO] --- Validation episode 38/126 ---
2025-10-25 01:05:53,424 [INFO] --- Validation episode 39/126 ---
2025-10-25 01:05:53,451 [INFO] --- Validation episode 40/126 ---
2025-10-25 01:05:53,476 [INFO] --- Validation episode 41/126 ---
2025-10-25 01:05:53,509 [INFO] --- Validation episode 42/126 ---
2025-10-25 01:05:53,539 [INFO] --- Validation episode 43/126 ---
2025-10-25 01:05:53,569 [INFO] --- Validation episode 44/126 ---
2025-10-25 01:05:53,601 [INFO] --- Validation episode 45/126 ---
2025-10-25 01:05:53,634 [INFO] --- Validation episode 46/126 ---
2025-10-25 01:05:53,664 [INFO] --- Validation episode 47/126 ---
2025-10-25 01:05:53,694 [INFO] --- Validation episode 48/126 ---
2025-10-25 01:05:53,725 [INFO] --- Validation episode 49/126 ---
2025-10-25 01:05:53,758 [INFO] --- Validation episode 50/126 ---
2025-10-25 01:05:53,788 [INFO] --- Validation episode 51/126 ---
2025-10-25 01:05:53,819 [INFO] --- Validation episode 52/126 ---
2025-10-25 01:05:53,840 [INFO] --- Validation episode 53/126 ---
2025-10-25 01:05:53,862 [INFO] --- Validation episode 54/126 ---
2025-10-25 01:05:53,884 [INFO] --- Validation episode 55/126 ---
2025-10-25 01:05:53,906 [INFO] --- Validation episode 56/126 ---
2025-10-25 01:05:53,928 [INFO] --- Validation episode 57/126 ---
2025-10-25 01:05:53,950 [INFO] --- Validation episode 58/126 ---
2025-10-25 01:05:53,973 [INFO] --- Validation episode 59/126 ---
2025-10-25 01:05:53,995 [INFO] --- Validation episode 60/126 ---
2025-10-25 01:05:54,016 [INFO] --- Validation episode 61/126 ---
2025-10-25 01:05:54,037 [INFO] --- Validation episode 62/126 ---
2025-10-25 01:05:54,062 [INFO] --- Validation episode 63/126 ---
2025-10-25 01:05:54,096 [INFO] --- Validation episode 64/126 ---
2025-10-25 01:05:54,127 [INFO] --- Validation episode 65/126 ---
2025-10-25 01:05:54,157 [INFO] --- Validation episode 66/126 ---
2025-10-25 01:05:54,183 [INFO] --- Validation episode 67/126 ---
2025-10-25 01:05:54,216 [INFO] --- Validation episode 68/126 ---
2025-10-25 01:05:54,248 [INFO] --- Validation episode 69/126 ---
2025-10-25 01:05:54,278 [INFO] --- Validation episode 70/126 ---
2025-10-25 01:05:54,309 [INFO] --- Validation episode 71/126 ---
2025-10-25 01:05:54,342 [INFO] --- Validation episode 72/126 ---
2025-10-25 01:05:54,372 [INFO] --- Validation episode 73/126 ---
2025-10-25 01:05:54,402 [INFO] --- Validation episode 74/126 ---
2025-10-25 01:05:54,434 [INFO] --- Validation episode 75/126 ---
2025-10-25 01:05:54,467 [INFO] --- Validation episode 76/126 ---
2025-10-25 01:05:54,499 [INFO] --- Validation episode 77/126 ---
2025-10-25 01:05:54,529 [INFO] --- Validation episode 78/126 ---
2025-10-25 01:05:54,559 [INFO] --- Validation episode 79/126 ---
2025-10-25 01:05:54,592 [INFO] --- Validation episode 80/126 ---
2025-10-25 01:05:54,622 [INFO] --- Validation episode 81/126 ---
2025-10-25 01:05:54,652 [INFO] --- Validation episode 82/126 ---
2025-10-25 01:05:54,677 [INFO] --- Validation episode 83/126 ---
2025-10-25 01:05:54,709 [INFO] --- Validation episode 84/126 ---
2025-10-25 01:05:54,741 [INFO] --- Validation episode 85/126 ---
2025-10-25 01:05:54,773 [INFO] --- Validation episode 86/126 ---
2025-10-25 01:05:54,808 [INFO] --- Validation episode 87/126 ---
2025-10-25 01:05:54,841 [INFO] --- Validation episode 88/126 ---
2025-10-25 01:05:54,872 [INFO] --- Validation episode 89/126 ---
2025-10-25 01:05:54,903 [INFO] --- Validation episode 90/126 ---
2025-10-25 01:05:54,928 [INFO] --- Validation episode 91/126 ---
2025-10-25 01:05:54,960 [INFO] --- Validation episode 92/126 ---
2025-10-25 01:05:54,991 [INFO] --- Validation episode 93/126 ---
2025-10-25 01:05:55,022 [INFO] --- Validation episode 94/126 ---
2025-10-25 01:05:55,049 [INFO] --- Validation episode 95/126 ---
2025-10-25 01:05:55,082 [INFO] --- Validation episode 96/126 ---
2025-10-25 01:05:55,113 [INFO] --- Validation episode 97/126 ---
2025-10-25 01:05:55,144 [INFO] --- Validation episode 98/126 ---
2025-10-25 01:05:55,167 [INFO] --- Validation episode 99/126 ---
2025-10-25 01:05:55,191 [INFO] --- Validation episode 100/126 ---
2025-10-25 01:05:55,213 [INFO] --- Validation episode 101/126 ---
2025-10-25 01:05:55,235 [INFO] --- Validation episode 102/126 ---
2025-10-25 01:05:55,257 [INFO] --- Validation episode 103/126 ---
2025-10-25 01:05:55,283 [INFO] --- Validation episode 104/126 ---
2025-10-25 01:05:55,316 [INFO] --- Validation episode 105/126 ---
2025-10-25 01:05:55,347 [INFO] --- Validation episode 106/126 ---
2025-10-25 01:05:55,378 [INFO] --- Validation episode 107/126 ---
2025-10-25 01:05:55,400 [INFO] --- Validation episode 108/126 ---
2025-10-25 01:05:55,423 [INFO] --- Validation episode 109/126 ---
2025-10-25 01:05:55,446 [INFO] --- Validation episode 110/126 ---
2025-10-25 01:05:55,468 [INFO] --- Validation episode 111/126 ---
2025-10-25 01:05:55,489 [INFO] --- Validation episode 112/126 ---
2025-10-25 01:05:55,522 [INFO] --- Validation episode 113/126 ---
2025-10-25 01:05:55,554 [INFO] --- Validation episode 114/126 ---
2025-10-25 01:05:55,584 [INFO] --- Validation episode 115/126 ---
2025-10-25 01:05:55,615 [INFO] --- Validation episode 116/126 ---
2025-10-25 01:05:55,648 [INFO] --- Validation episode 117/126 ---
2025-10-25 01:05:55,681 [INFO] --- Validation episode 118/126 ---
2025-10-25 01:05:55,711 [INFO] --- Validation episode 119/126 ---
2025-10-25 01:05:55,742 [INFO] --- Validation episode 120/126 ---
2025-10-25 01:05:55,769 [INFO] --- Validation episode 121/126 ---
2025-10-25 01:05:55,802 [INFO] --- Validation episode 122/126 ---
2025-10-25 01:05:55,832 [INFO] --- Validation episode 123/126 ---
2025-10-25 01:05:55,862 [INFO] --- Validation episode 124/126 ---
2025-10-25 01:05:55,893 [INFO] --- Validation episode 125/126 ---
2025-10-25 01:05:55,926 [INFO] --- Validation episode 126/126 ---
2025-10-25 01:05:55,956 [INFO] --- Ep_25000 Validation Results: mean_reward=0.01493, Mean PnL: 151.25, Win rate: 57.34% ---
2025-10-25 01:05:55,956 [INFO] --- Finished Evaluation: Validation ---
2025-10-25 01:06:18,445 [INFO] --- Starting Evaluation: Validation, episodes=126 ---
2025-10-25 01:06:18,446 [INFO] --- Validation episode 1/126 ---
2025-10-25 01:06:18,469 [INFO] --- Validation episode 2/126 ---
2025-10-25 01:06:18,492 [INFO] --- Validation episode 3/126 ---
2025-10-25 01:06:18,514 [INFO] --- Validation episode 4/126 ---
2025-10-25 01:06:18,536 [INFO] --- Validation episode 5/126 ---
2025-10-25 01:06:18,557 [INFO] --- Validation episode 6/126 ---
2025-10-25 01:06:18,580 [INFO] --- Validation episode 7/126 ---
2025-10-25 01:06:18,603 [INFO] --- Validation episode 8/126 ---
2025-10-25 01:06:18,625 [INFO] --- Validation episode 9/126 ---
2025-10-25 01:06:18,647 [INFO] --- Validation episode 10/126 ---
2025-10-25 01:06:18,668 [INFO] --- Validation episode 11/126 ---
2025-10-25 01:06:18,692 [INFO] --- Validation episode 12/126 ---
2025-10-25 01:06:18,715 [INFO] --- Validation episode 13/126 ---
2025-10-25 01:06:18,738 [INFO] --- Validation episode 14/126 ---
2025-10-25 01:06:18,759 [INFO] --- Validation episode 15/126 ---
2025-10-25 01:06:18,781 [INFO] --- Validation episode 16/126 ---
2025-10-25 01:06:18,805 [INFO] --- Validation episode 17/126 ---
2025-10-25 01:06:18,828 [INFO] --- Validation episode 18/126 ---
2025-10-25 01:06:18,851 [INFO] --- Validation episode 19/126 ---
2025-10-25 01:06:18,872 [INFO] --- Validation episode 20/126 ---
2025-10-25 01:06:18,894 [INFO] --- Validation episode 21/126 ---
2025-10-25 01:06:18,916 [INFO] --- Validation episode 22/126 ---
2025-10-25 01:06:18,938 [INFO] --- Validation episode 23/126 ---
2025-10-25 01:06:18,961 [INFO] --- Validation episode 24/126 ---
2025-10-25 01:06:18,983 [INFO] --- Validation episode 25/126 ---
2025-10-25 01:06:19,005 [INFO] --- Validation episode 26/126 ---
2025-10-25 01:06:19,026 [INFO] --- Validation episode 27/126 ---
2025-10-25 01:06:19,050 [INFO] --- Validation episode 28/126 ---
2025-10-25 01:06:19,072 [INFO] --- Validation episode 29/126 ---
2025-10-25 01:06:19,093 [INFO] --- Validation episode 30/126 ---
2025-10-25 01:06:19,115 [INFO] --- Validation episode 31/126 ---
2025-10-25 01:06:19,138 [INFO] --- Validation episode 32/126 ---
2025-10-25 01:06:19,161 [INFO] --- Validation episode 33/126 ---
2025-10-25 01:06:19,184 [INFO] --- Validation episode 34/126 ---
2025-10-25 01:06:19,206 [INFO] --- Validation episode 35/126 ---
2025-10-25 01:06:19,227 [INFO] --- Validation episode 36/126 ---
2025-10-25 01:06:19,252 [INFO] --- Validation episode 37/126 ---
2025-10-25 01:06:19,274 [INFO] --- Validation episode 38/126 ---
2025-10-25 01:06:19,297 [INFO] --- Validation episode 39/126 ---
2025-10-25 01:06:19,319 [INFO] --- Validation episode 40/126 ---
2025-10-25 01:06:19,341 [INFO] --- Validation episode 41/126 ---
2025-10-25 01:06:19,363 [INFO] --- Validation episode 42/126 ---
2025-10-25 01:06:19,386 [INFO] --- Validation episode 43/126 ---
2025-10-25 01:06:19,408 [INFO] --- Validation episode 44/126 ---
2025-10-25 01:06:19,430 [INFO] --- Validation episode 45/126 ---
2025-10-25 01:06:19,451 [INFO] --- Validation episode 46/126 ---
2025-10-25 01:06:19,475 [INFO] --- Validation episode 47/126 ---
2025-10-25 01:06:19,499 [INFO] --- Validation episode 48/126 ---
2025-10-25 01:06:19,521 [INFO] --- Validation episode 49/126 ---
2025-10-25 01:06:19,542 [INFO] --- Validation episode 50/126 ---
2025-10-25 01:06:19,564 [INFO] --- Validation episode 51/126 ---
2025-10-25 01:06:19,587 [INFO] --- Validation episode 52/126 ---
2025-10-25 01:06:19,612 [INFO] --- Validation episode 53/126 ---
2025-10-25 01:06:19,633 [INFO] --- Validation episode 54/126 ---
2025-10-25 01:06:19,654 [INFO] --- Validation episode 55/126 ---
2025-10-25 01:06:19,676 [INFO] --- Validation episode 56/126 ---
2025-10-25 01:06:19,698 [INFO] --- Validation episode 57/126 ---
2025-10-25 01:06:19,721 [INFO] --- Validation episode 58/126 ---
2025-10-25 01:06:19,746 [INFO] --- Validation episode 59/126 ---
2025-10-25 01:06:19,767 [INFO] --- Validation episode 60/126 ---
2025-10-25 01:06:19,789 [INFO] --- Validation episode 61/126 ---
2025-10-25 01:06:19,810 [INFO] --- Validation episode 62/126 ---
2025-10-25 01:06:19,834 [INFO] --- Validation episode 63/126 ---
2025-10-25 01:06:19,857 [INFO] --- Validation episode 64/126 ---
2025-10-25 01:06:19,879 [INFO] --- Validation episode 65/126 ---
2025-10-25 01:06:19,901 [INFO] --- Validation episode 66/126 ---
2025-10-25 01:06:19,924 [INFO] --- Validation episode 67/126 ---
2025-10-25 01:06:19,950 [INFO] --- Validation episode 68/126 ---
2025-10-25 01:06:19,972 [INFO] --- Validation episode 69/126 ---
2025-10-25 01:06:19,995 [INFO] --- Validation episode 70/126 ---
2025-10-25 01:06:20,020 [INFO] --- Validation episode 71/126 ---
2025-10-25 01:06:20,047 [INFO] --- Validation episode 72/126 ---
2025-10-25 01:06:20,072 [INFO] --- Validation episode 73/126 ---
2025-10-25 01:06:20,095 [INFO] --- Validation episode 74/126 ---
2025-10-25 01:06:20,118 [INFO] --- Validation episode 75/126 ---
2025-10-25 01:06:20,141 [INFO] --- Validation episode 76/126 ---
2025-10-25 01:06:20,164 [INFO] --- Validation episode 77/126 ---
2025-10-25 01:06:20,187 [INFO] --- Validation episode 78/126 ---
2025-10-25 01:06:20,209 [INFO] --- Validation episode 79/126 ---
2025-10-25 01:06:20,232 [INFO] --- Validation episode 80/126 ---
2025-10-25 01:06:20,254 [INFO] --- Validation episode 81/126 ---
2025-10-25 01:06:20,278 [INFO] --- Validation episode 82/126 ---
2025-10-25 01:06:20,302 [INFO] --- Validation episode 83/126 ---
2025-10-25 01:06:20,326 [INFO] --- Validation episode 84/126 ---
2025-10-25 01:06:20,349 [INFO] --- Validation episode 85/126 ---
2025-10-25 01:06:20,373 [INFO] --- Validation episode 86/126 ---
2025-10-25 01:06:20,406 [INFO] --- Validation episode 87/126 ---
2025-10-25 01:06:20,441 [INFO] --- Validation episode 88/126 ---
2025-10-25 01:06:20,477 [INFO] --- Validation episode 89/126 ---
2025-10-25 01:06:20,510 [INFO] --- Validation episode 90/126 ---
2025-10-25 01:06:20,542 [INFO] --- Validation episode 91/126 ---
2025-10-25 01:06:20,565 [INFO] --- Validation episode 92/126 ---
2025-10-25 01:06:20,588 [INFO] --- Validation episode 93/126 ---
2025-10-25 01:06:20,610 [INFO] --- Validation episode 94/126 ---
2025-10-25 01:06:20,632 [INFO] --- Validation episode 95/126 ---
2025-10-25 01:06:20,655 [INFO] --- Validation episode 96/126 ---
2025-10-25 01:06:20,686 [INFO] --- Validation episode 97/126 ---
2025-10-25 01:06:20,721 [INFO] --- Validation episode 98/126 ---
2025-10-25 01:06:20,754 [INFO] --- Validation episode 99/126 ---
2025-10-25 01:06:20,787 [INFO] --- Validation episode 100/126 ---
2025-10-25 01:06:20,819 [INFO] --- Validation episode 101/126 ---
2025-10-25 01:06:20,841 [INFO] --- Validation episode 102/126 ---
2025-10-25 01:06:20,870 [INFO] --- Validation episode 103/126 ---
2025-10-25 01:06:20,907 [INFO] --- Validation episode 104/126 ---
2025-10-25 01:06:20,936 [INFO] --- Validation episode 105/126 ---
2025-10-25 01:06:20,959 [INFO] --- Validation episode 106/126 ---
2025-10-25 01:06:20,983 [INFO] --- Validation episode 107/126 ---
2025-10-25 01:06:21,004 [INFO] --- Validation episode 108/126 ---
2025-10-25 01:06:21,025 [INFO] --- Validation episode 109/126 ---
2025-10-25 01:06:21,047 [INFO] --- Validation episode 110/126 ---
2025-10-25 01:06:21,070 [INFO] --- Validation episode 111/126 ---
2025-10-25 01:06:21,094 [INFO] --- Validation episode 112/126 ---
2025-10-25 01:06:21,116 [INFO] --- Validation episode 113/126 ---
2025-10-25 01:06:21,137 [INFO] --- Validation episode 114/126 ---
2025-10-25 01:06:21,159 [INFO] --- Validation episode 115/126 ---
2025-10-25 01:06:21,184 [INFO] --- Validation episode 116/126 ---
2025-10-25 01:06:21,217 [INFO] --- Validation episode 117/126 ---
2025-10-25 01:06:21,246 [INFO] --- Validation episode 118/126 ---
2025-10-25 01:06:21,268 [INFO] --- Validation episode 119/126 ---
2025-10-25 01:06:21,290 [INFO] --- Validation episode 120/126 ---
2025-10-25 01:06:21,312 [INFO] --- Validation episode 121/126 ---
2025-10-25 01:06:21,335 [INFO] --- Validation episode 122/126 ---
2025-10-25 01:06:21,357 [INFO] --- Validation episode 123/126 ---
2025-10-25 01:06:21,379 [INFO] --- Validation episode 124/126 ---
2025-10-25 01:06:21,400 [INFO] --- Validation episode 125/126 ---
2025-10-25 01:06:21,431 [INFO] --- Validation episode 126/126 ---
2025-10-25 01:06:21,464 [INFO] --- Ep_26000 Validation Results: mean_reward=0.01254, Mean PnL: 126.64, Win rate: 60.25% ---
2025-10-25 01:06:21,464 [INFO] --- Finished Evaluation: Validation ---
2025-10-25 01:06:44,120 [INFO] --- Starting Evaluation: Validation, episodes=126 ---
2025-10-25 01:06:44,121 [INFO] --- Validation episode 1/126 ---
2025-10-25 01:06:44,142 [INFO] --- Validation episode 2/126 ---
2025-10-25 01:06:44,167 [INFO] --- Validation episode 3/126 ---
2025-10-25 01:06:44,189 [INFO] --- Validation episode 4/126 ---
2025-10-25 01:06:44,211 [INFO] --- Validation episode 5/126 ---
2025-10-25 01:06:44,233 [INFO] --- Validation episode 6/126 ---
2025-10-25 01:06:44,265 [INFO] --- Validation episode 7/126 ---
2025-10-25 01:06:44,292 [INFO] --- Validation episode 8/126 ---
2025-10-25 01:06:44,315 [INFO] --- Validation episode 9/126 ---
2025-10-25 01:06:44,336 [INFO] --- Validation episode 10/126 ---
2025-10-25 01:06:44,357 [INFO] --- Validation episode 11/126 ---
2025-10-25 01:06:44,378 [INFO] --- Validation episode 12/126 ---
2025-10-25 01:06:44,403 [INFO] --- Validation episode 13/126 ---
2025-10-25 01:06:44,425 [INFO] --- Validation episode 14/126 ---
2025-10-25 01:06:44,448 [INFO] --- Validation episode 15/126 ---
2025-10-25 01:06:44,470 [INFO] --- Validation episode 16/126 ---
2025-10-25 01:06:44,493 [INFO] --- Validation episode 17/126 ---
2025-10-25 01:06:44,515 [INFO] --- Validation episode 18/126 ---
2025-10-25 01:06:44,537 [INFO] --- Validation episode 19/126 ---
2025-10-25 01:06:44,558 [INFO] --- Validation episode 20/126 ---
2025-10-25 01:06:44,579 [INFO] --- Validation episode 21/126 ---
2025-10-25 01:06:44,601 [INFO] --- Validation episode 22/126 ---
2025-10-25 01:06:44,624 [INFO] --- Validation episode 23/126 ---
2025-10-25 01:06:44,646 [INFO] --- Validation episode 24/126 ---
2025-10-25 01:06:44,667 [INFO] --- Validation episode 25/126 ---
2025-10-25 01:06:44,688 [INFO] --- Validation episode 26/126 ---
2025-10-25 01:06:44,718 [INFO] --- Validation episode 27/126 ---
2025-10-25 01:06:44,750 [INFO] --- Validation episode 28/126 ---
2025-10-25 01:06:44,780 [INFO] --- Validation episode 29/126 ---
2025-10-25 01:06:44,810 [INFO] --- Validation episode 30/126 ---
2025-10-25 01:06:44,840 [INFO] --- Validation episode 31/126 ---
2025-10-25 01:06:44,865 [INFO] --- Validation episode 32/126 ---
2025-10-25 01:06:44,899 [INFO] --- Validation episode 33/126 ---
2025-10-25 01:06:44,930 [INFO] --- Validation episode 34/126 ---
2025-10-25 01:06:44,961 [INFO] --- Validation episode 35/126 ---
2025-10-25 01:06:44,991 [INFO] --- Validation episode 36/126 ---
2025-10-25 01:06:45,013 [INFO] --- Validation episode 37/126 ---
2025-10-25 01:06:45,036 [INFO] --- Validation episode 38/126 ---
2025-10-25 01:06:45,059 [INFO] --- Validation episode 39/126 ---
2025-10-25 01:06:45,081 [INFO] --- Validation episode 40/126 ---
2025-10-25 01:06:45,102 [INFO] --- Validation episode 41/126 ---
2025-10-25 01:06:45,132 [INFO] --- Validation episode 42/126 ---
2025-10-25 01:06:45,163 [INFO] --- Validation episode 43/126 ---
2025-10-25 01:06:45,194 [INFO] --- Validation episode 44/126 ---
2025-10-25 01:06:45,224 [INFO] --- Validation episode 45/126 ---
2025-10-25 01:06:45,255 [INFO] --- Validation episode 46/126 ---
2025-10-25 01:06:45,287 [INFO] --- Validation episode 47/126 ---
2025-10-25 01:06:45,321 [INFO] --- Validation episode 48/126 ---
2025-10-25 01:06:45,352 [INFO] --- Validation episode 49/126 ---
2025-10-25 01:06:45,383 [INFO] --- Validation episode 50/126 ---
2025-10-25 01:06:45,409 [INFO] --- Validation episode 51/126 ---
2025-10-25 01:06:45,444 [INFO] --- Validation episode 52/126 ---
2025-10-25 01:06:45,475 [INFO] --- Validation episode 53/126 ---
2025-10-25 01:06:45,506 [INFO] --- Validation episode 54/126 ---
2025-10-25 01:06:45,529 [INFO] --- Validation episode 55/126 ---
2025-10-25 01:06:45,553 [INFO] --- Validation episode 56/126 ---
2025-10-25 01:06:45,575 [INFO] --- Validation episode 57/126 ---
2025-10-25 01:06:45,596 [INFO] --- Validation episode 58/126 ---
2025-10-25 01:06:45,617 [INFO] --- Validation episode 59/126 ---
2025-10-25 01:06:45,646 [INFO] --- Validation episode 60/126 ---
2025-10-25 01:06:45,679 [INFO] --- Validation episode 61/126 ---
2025-10-25 01:06:45,710 [INFO] --- Validation episode 62/126 ---
2025-10-25 01:06:45,741 [INFO] --- Validation episode 63/126 ---
2025-10-25 01:06:45,763 [INFO] --- Validation episode 64/126 ---
2025-10-25 01:06:45,795 [INFO] --- Validation episode 65/126 ---
2025-10-25 01:06:45,827 [INFO] --- Validation episode 66/126 ---
2025-10-25 01:06:45,858 [INFO] --- Validation episode 67/126 ---
2025-10-25 01:06:45,889 [INFO] --- Validation episode 68/126 ---
2025-10-25 01:06:45,921 [INFO] --- Validation episode 69/126 ---
2025-10-25 01:06:45,952 [INFO] --- Validation episode 70/126 ---
2025-10-25 01:06:45,982 [INFO] --- Validation episode 71/126 ---
2025-10-25 01:06:46,004 [INFO] --- Validation episode 72/126 ---
2025-10-25 01:06:46,026 [INFO] --- Validation episode 73/126 ---
2025-10-25 01:06:46,049 [INFO] --- Validation episode 74/126 ---
2025-10-25 01:06:46,070 [INFO] --- Validation episode 75/126 ---
2025-10-25 01:06:46,091 [INFO] --- Validation episode 76/126 ---
2025-10-25 01:06:46,122 [INFO] --- Validation episode 77/126 ---
2025-10-25 01:06:46,154 [INFO] --- Validation episode 78/126 ---
2025-10-25 01:06:46,186 [INFO] --- Validation episode 79/126 ---
2025-10-25 01:06:46,216 [INFO] --- Validation episode 80/126 ---
2025-10-25 01:06:46,248 [INFO] --- Validation episode 81/126 ---
2025-10-25 01:06:46,280 [INFO] --- Validation episode 82/126 ---
2025-10-25 01:06:46,312 [INFO] --- Validation episode 83/126 ---
2025-10-25 01:06:46,342 [INFO] --- Validation episode 84/126 ---
2025-10-25 01:06:46,364 [INFO] --- Validation episode 85/126 ---
2025-10-25 01:06:46,389 [INFO] --- Validation episode 86/126 ---
2025-10-25 01:06:46,411 [INFO] --- Validation episode 87/126 ---
2025-10-25 01:06:46,432 [INFO] --- Validation episode 88/126 ---
2025-10-25 01:06:46,454 [INFO] --- Validation episode 89/126 ---
2025-10-25 01:06:46,484 [INFO] --- Validation episode 90/126 ---
2025-10-25 01:06:46,517 [INFO] --- Validation episode 91/126 ---
2025-10-25 01:06:46,547 [INFO] --- Validation episode 92/126 ---
2025-10-25 01:06:46,578 [INFO] --- Validation episode 93/126 ---
2025-10-25 01:06:46,603 [INFO] --- Validation episode 94/126 ---
2025-10-25 01:06:46,635 [INFO] --- Validation episode 95/126 ---
2025-10-25 01:06:46,665 [INFO] --- Validation episode 96/126 ---
2025-10-25 01:06:46,696 [INFO] --- Validation episode 97/126 ---
2025-10-25 01:06:46,721 [INFO] --- Validation episode 98/126 ---
2025-10-25 01:06:46,754 [INFO] --- Validation episode 99/126 ---
2025-10-25 01:06:46,784 [INFO] --- Validation episode 100/126 ---
2025-10-25 01:06:46,815 [INFO] --- Validation episode 101/126 ---
2025-10-25 01:06:46,845 [INFO] --- Validation episode 102/126 ---
2025-10-25 01:06:46,877 [INFO] --- Validation episode 103/126 ---
2025-10-25 01:06:46,909 [INFO] --- Validation episode 104/126 ---
2025-10-25 01:06:46,939 [INFO] --- Validation episode 105/126 ---
2025-10-25 01:06:46,969 [INFO] --- Validation episode 106/126 ---
2025-10-25 01:06:47,002 [INFO] --- Validation episode 107/126 ---
2025-10-25 01:06:47,032 [INFO] --- Validation episode 108/126 ---
2025-10-25 01:06:47,063 [INFO] --- Validation episode 109/126 ---
2025-10-25 01:06:47,088 [INFO] --- Validation episode 110/126 ---
2025-10-25 01:06:47,121 [INFO] --- Validation episode 111/126 ---
2025-10-25 01:06:47,151 [INFO] --- Validation episode 112/126 ---
2025-10-25 01:06:47,182 [INFO] --- Validation episode 113/126 ---
2025-10-25 01:06:47,205 [INFO] --- Validation episode 114/126 ---
2025-10-25 01:06:47,227 [INFO] --- Validation episode 115/126 ---
2025-10-25 01:06:47,249 [INFO] --- Validation episode 116/126 ---
2025-10-25 01:06:47,270 [INFO] --- Validation episode 117/126 ---
2025-10-25 01:06:47,293 [INFO] --- Validation episode 118/126 ---
2025-10-25 01:06:47,316 [INFO] --- Validation episode 119/126 ---
2025-10-25 01:06:47,348 [INFO] --- Validation episode 120/126 ---
2025-10-25 01:06:47,380 [INFO] --- Validation episode 121/126 ---
2025-10-25 01:06:47,411 [INFO] --- Validation episode 122/126 ---
2025-10-25 01:06:47,443 [INFO] --- Validation episode 123/126 ---
2025-10-25 01:06:47,475 [INFO] --- Validation episode 124/126 ---
2025-10-25 01:06:47,507 [INFO] --- Validation episode 125/126 ---
2025-10-25 01:06:47,537 [INFO] --- Validation episode 126/126 ---
2025-10-25 01:06:47,560 [INFO] --- Ep_27000 Validation Results: mean_reward=0.01738, Mean PnL: 176.41, Win rate: 62.30% ---
2025-10-25 01:06:47,560 [INFO] --- Finished Evaluation: Validation ---
2025-10-25 01:06:47,588 [INFO] Checkpoint saved to output\alpha\saved_models\rl_binance_futures_trading_date_20251025_time_005510\best.pth (policy+target+optimizer+scaler+meta).
2025-10-25 01:06:47,588 [INFO] New Best model by Validation_mean_pnl = 176.41. Episode = 27000: output\alpha\saved_models\rl_binance_futures_trading_date_20251025_time_005510\best.pth
2025-10-25 01:07:10,012 [INFO] --- Starting Evaluation: Validation, episodes=126 ---
2025-10-25 01:07:10,013 [INFO] --- Validation episode 1/126 ---
2025-10-25 01:07:10,035 [INFO] --- Validation episode 2/126 ---
2025-10-25 01:07:10,063 [INFO] --- Validation episode 3/126 ---
2025-10-25 01:07:10,099 [INFO] --- Validation episode 4/126 ---
2025-10-25 01:07:10,124 [INFO] --- Validation episode 5/126 ---
2025-10-25 01:07:10,145 [INFO] --- Validation episode 6/126 ---
2025-10-25 01:07:10,167 [INFO] --- Validation episode 7/126 ---
2025-10-25 01:07:10,192 [INFO] --- Validation episode 8/126 ---
2025-10-25 01:07:10,214 [INFO] --- Validation episode 9/126 ---
2025-10-25 01:07:10,236 [INFO] --- Validation episode 10/126 ---
2025-10-25 01:07:10,259 [INFO] --- Validation episode 11/126 ---
2025-10-25 01:07:10,282 [INFO] --- Validation episode 12/126 ---
2025-10-25 01:07:10,305 [INFO] --- Validation episode 13/126 ---
2025-10-25 01:07:10,326 [INFO] --- Validation episode 14/126 ---
2025-10-25 01:07:10,349 [INFO] --- Validation episode 15/126 ---
2025-10-25 01:07:10,371 [INFO] --- Validation episode 16/126 ---
2025-10-25 01:07:10,394 [INFO] --- Validation episode 17/126 ---
2025-10-25 01:07:10,417 [INFO] --- Validation episode 18/126 ---
2025-10-25 01:07:10,439 [INFO] --- Validation episode 19/126 ---
2025-10-25 01:07:10,460 [INFO] --- Validation episode 20/126 ---
2025-10-25 01:07:10,482 [INFO] --- Validation episode 21/126 ---
2025-10-25 01:07:10,507 [INFO] --- Validation episode 22/126 ---
2025-10-25 01:07:10,530 [INFO] --- Validation episode 23/126 ---
2025-10-25 01:07:10,553 [INFO] --- Validation episode 24/126 ---
2025-10-25 01:07:10,576 [INFO] --- Validation episode 25/126 ---
2025-10-25 01:07:10,598 [INFO] --- Validation episode 26/126 ---
2025-10-25 01:07:10,622 [INFO] --- Validation episode 27/126 ---
2025-10-25 01:07:10,645 [INFO] --- Validation episode 28/126 ---
2025-10-25 01:07:10,667 [INFO] --- Validation episode 29/126 ---
2025-10-25 01:07:10,689 [INFO] --- Validation episode 30/126 ---
2025-10-25 01:07:10,712 [INFO] --- Validation episode 31/126 ---
2025-10-25 01:07:10,734 [INFO] --- Validation episode 32/126 ---
2025-10-25 01:07:10,758 [INFO] --- Validation episode 33/126 ---
2025-10-25 01:07:10,779 [INFO] --- Validation episode 34/126 ---
2025-10-25 01:07:10,801 [INFO] --- Validation episode 35/126 ---
2025-10-25 01:07:10,824 [INFO] --- Validation episode 36/126 ---
2025-10-25 01:07:10,846 [INFO] --- Validation episode 37/126 ---
2025-10-25 01:07:10,871 [INFO] --- Validation episode 38/126 ---
2025-10-25 01:07:10,892 [INFO] --- Validation episode 39/126 ---
2025-10-25 01:07:10,913 [INFO] --- Validation episode 40/126 ---
2025-10-25 01:07:10,935 [INFO] --- Validation episode 41/126 ---
2025-10-25 01:07:10,960 [INFO] --- Validation episode 42/126 ---
2025-10-25 01:07:10,982 [INFO] --- Validation episode 43/126 ---
2025-10-25 01:07:11,005 [INFO] --- Validation episode 44/126 ---
2025-10-25 01:07:11,027 [INFO] --- Validation episode 45/126 ---
2025-10-25 01:07:11,048 [INFO] --- Validation episode 46/126 ---
2025-10-25 01:07:11,072 [INFO] --- Validation episode 47/126 ---
2025-10-25 01:07:11,095 [INFO] --- Validation episode 48/126 ---
2025-10-25 01:07:11,117 [INFO] --- Validation episode 49/126 ---
2025-10-25 01:07:11,139 [INFO] --- Validation episode 50/126 ---
2025-10-25 01:07:11,162 [INFO] --- Validation episode 51/126 ---
2025-10-25 01:07:11,185 [INFO] --- Validation episode 52/126 ---
2025-10-25 01:07:11,207 [INFO] --- Validation episode 53/126 ---
2025-10-25 01:07:11,229 [INFO] --- Validation episode 54/126 ---
2025-10-25 01:07:11,250 [INFO] --- Validation episode 55/126 ---
2025-10-25 01:07:11,273 [INFO] --- Validation episode 56/126 ---
2025-10-25 01:07:11,297 [INFO] --- Validation episode 57/126 ---
2025-10-25 01:07:11,321 [INFO] --- Validation episode 58/126 ---
2025-10-25 01:07:11,343 [INFO] --- Validation episode 59/126 ---
2025-10-25 01:07:11,365 [INFO] --- Validation episode 60/126 ---
2025-10-25 01:07:11,397 [INFO] --- Validation episode 61/126 ---
2025-10-25 01:07:11,430 [INFO] --- Validation episode 62/126 ---
2025-10-25 01:07:11,460 [INFO] --- Validation episode 63/126 ---
2025-10-25 01:07:11,490 [INFO] --- Validation episode 64/126 ---
2025-10-25 01:07:11,521 [INFO] --- Validation episode 65/126 ---
2025-10-25 01:07:11,544 [INFO] --- Validation episode 66/126 ---
2025-10-25 01:07:11,566 [INFO] --- Validation episode 67/126 ---
2025-10-25 01:07:11,589 [INFO] --- Validation episode 68/126 ---
2025-10-25 01:07:11,611 [INFO] --- Validation episode 69/126 ---
2025-10-25 01:07:11,633 [INFO] --- Validation episode 70/126 ---
2025-10-25 01:07:11,656 [INFO] --- Validation episode 71/126 ---
2025-10-25 01:07:11,679 [INFO] --- Validation episode 72/126 ---
2025-10-25 01:07:11,702 [INFO] --- Validation episode 73/126 ---
2025-10-25 01:07:11,724 [INFO] --- Validation episode 74/126 ---
2025-10-25 01:07:11,746 [INFO] --- Validation episode 75/126 ---
2025-10-25 01:07:11,768 [INFO] --- Validation episode 76/126 ---
2025-10-25 01:07:11,793 [INFO] --- Validation episode 77/126 ---
2025-10-25 01:07:11,815 [INFO] --- Validation episode 78/126 ---
2025-10-25 01:07:11,837 [INFO] --- Validation episode 79/126 ---
2025-10-25 01:07:11,858 [INFO] --- Validation episode 80/126 ---
2025-10-25 01:07:11,882 [INFO] --- Validation episode 81/126 ---
2025-10-25 01:07:11,905 [INFO] --- Validation episode 82/126 ---
2025-10-25 01:07:11,928 [INFO] --- Validation episode 83/126 ---
2025-10-25 01:07:11,949 [INFO] --- Validation episode 84/126 ---
2025-10-25 01:07:11,970 [INFO] --- Validation episode 85/126 ---
2025-10-25 01:07:11,995 [INFO] --- Validation episode 86/126 ---
2025-10-25 01:07:12,018 [INFO] --- Validation episode 87/126 ---
2025-10-25 01:07:12,042 [INFO] --- Validation episode 88/126 ---
2025-10-25 01:07:12,063 [INFO] --- Validation episode 89/126 ---
2025-10-25 01:07:12,085 [INFO] --- Validation episode 90/126 ---
2025-10-25 01:07:12,107 [INFO] --- Validation episode 91/126 ---
2025-10-25 01:07:12,130 [INFO] --- Validation episode 92/126 ---
2025-10-25 01:07:12,152 [INFO] --- Validation episode 93/126 ---
2025-10-25 01:07:12,174 [INFO] --- Validation episode 94/126 ---
2025-10-25 01:07:12,195 [INFO] --- Validation episode 95/126 ---
2025-10-25 01:07:12,219 [INFO] --- Validation episode 96/126 ---
2025-10-25 01:07:12,244 [INFO] --- Validation episode 97/126 ---
2025-10-25 01:07:12,266 [INFO] --- Validation episode 98/126 ---
2025-10-25 01:07:12,288 [INFO] --- Validation episode 99/126 ---
2025-10-25 01:07:12,309 [INFO] --- Validation episode 100/126 ---
2025-10-25 01:07:12,334 [INFO] --- Validation episode 101/126 ---
2025-10-25 01:07:12,358 [INFO] --- Validation episode 102/126 ---
2025-10-25 01:07:12,380 [INFO] --- Validation episode 103/126 ---
2025-10-25 01:07:12,402 [INFO] --- Validation episode 104/126 ---
2025-10-25 01:07:12,424 [INFO] --- Validation episode 105/126 ---
2025-10-25 01:07:12,447 [INFO] --- Validation episode 106/126 ---
2025-10-25 01:07:12,471 [INFO] --- Validation episode 107/126 ---
2025-10-25 01:07:12,492 [INFO] --- Validation episode 108/126 ---
2025-10-25 01:07:12,514 [INFO] --- Validation episode 109/126 ---
2025-10-25 01:07:12,535 [INFO] --- Validation episode 110/126 ---
2025-10-25 01:07:12,558 [INFO] --- Validation episode 111/126 ---
2025-10-25 01:07:12,581 [INFO] --- Validation episode 112/126 ---
2025-10-25 01:07:12,603 [INFO] --- Validation episode 113/126 ---
2025-10-25 01:07:12,625 [INFO] --- Validation episode 114/126 ---
2025-10-25 01:07:12,646 [INFO] --- Validation episode 115/126 ---
2025-10-25 01:07:12,669 [INFO] --- Validation episode 116/126 ---
2025-10-25 01:07:12,692 [INFO] --- Validation episode 117/126 ---
2025-10-25 01:07:12,715 [INFO] --- Validation episode 118/126 ---
2025-10-25 01:07:12,737 [INFO] --- Validation episode 119/126 ---
2025-10-25 01:07:12,758 [INFO] --- Validation episode 120/126 ---
2025-10-25 01:07:12,781 [INFO] --- Validation episode 121/126 ---
2025-10-25 01:07:12,803 [INFO] --- Validation episode 122/126 ---
2025-10-25 01:07:12,827 [INFO] --- Validation episode 123/126 ---
2025-10-25 01:07:12,848 [INFO] --- Validation episode 124/126 ---
2025-10-25 01:07:12,870 [INFO] --- Validation episode 125/126 ---
2025-10-25 01:07:12,894 [INFO] --- Validation episode 126/126 ---
2025-10-25 01:07:12,918 [INFO] --- Ep_28000 Validation Results: mean_reward=0.01176, Mean PnL: 119.61, Win rate: 60.65% ---
2025-10-25 01:07:12,918 [INFO] --- Finished Evaluation: Validation ---
2025-10-25 01:07:35,277 [INFO] --- Starting Evaluation: Validation, episodes=126 ---
2025-10-25 01:07:35,278 [INFO] --- Validation episode 1/126 ---
2025-10-25 01:07:35,301 [INFO] --- Validation episode 2/126 ---
2025-10-25 01:07:35,326 [INFO] --- Validation episode 3/126 ---
2025-10-25 01:07:35,347 [INFO] --- Validation episode 4/126 ---
2025-10-25 01:07:35,369 [INFO] --- Validation episode 5/126 ---
2025-10-25 01:07:35,391 [INFO] --- Validation episode 6/126 ---
2025-10-25 01:07:35,414 [INFO] --- Validation episode 7/126 ---
2025-10-25 01:07:35,437 [INFO] --- Validation episode 8/126 ---
2025-10-25 01:07:35,461 [INFO] --- Validation episode 9/126 ---
2025-10-25 01:07:35,482 [INFO] --- Validation episode 10/126 ---
2025-10-25 01:07:35,504 [INFO] --- Validation episode 11/126 ---
2025-10-25 01:07:35,527 [INFO] --- Validation episode 12/126 ---
2025-10-25 01:07:35,550 [INFO] --- Validation episode 13/126 ---
2025-10-25 01:07:35,572 [INFO] --- Validation episode 14/126 ---
2025-10-25 01:07:35,594 [INFO] --- Validation episode 15/126 ---
2025-10-25 01:07:35,615 [INFO] --- Validation episode 16/126 ---
2025-10-25 01:07:35,637 [INFO] --- Validation episode 17/126 ---
2025-10-25 01:07:35,660 [INFO] --- Validation episode 18/126 ---
2025-10-25 01:07:35,682 [INFO] --- Validation episode 19/126 ---
2025-10-25 01:07:35,704 [INFO] --- Validation episode 20/126 ---
2025-10-25 01:07:35,725 [INFO] --- Validation episode 21/126 ---
2025-10-25 01:07:35,748 [INFO] --- Validation episode 22/126 ---
2025-10-25 01:07:35,771 [INFO] --- Validation episode 23/126 ---
2025-10-25 01:07:35,795 [INFO] --- Validation episode 24/126 ---
2025-10-25 01:07:35,816 [INFO] --- Validation episode 25/126 ---
2025-10-25 01:07:35,838 [INFO] --- Validation episode 26/126 ---
2025-10-25 01:07:35,860 [INFO] --- Validation episode 27/126 ---
2025-10-25 01:07:35,884 [INFO] --- Validation episode 28/126 ---
2025-10-25 01:07:35,906 [INFO] --- Validation episode 29/126 ---
2025-10-25 01:07:35,928 [INFO] --- Validation episode 30/126 ---
2025-10-25 01:07:35,949 [INFO] --- Validation episode 31/126 ---
2025-10-25 01:07:35,971 [INFO] --- Validation episode 32/126 ---
2025-10-25 01:07:35,995 [INFO] --- Validation episode 33/126 ---
2025-10-25 01:07:36,017 [INFO] --- Validation episode 34/126 ---
2025-10-25 01:07:36,038 [INFO] --- Validation episode 35/126 ---
2025-10-25 01:07:36,059 [INFO] --- Validation episode 36/126 ---
2025-10-25 01:07:36,083 [INFO] --- Validation episode 37/126 ---
2025-10-25 01:07:36,106 [INFO] --- Validation episode 38/126 ---
2025-10-25 01:07:36,128 [INFO] --- Validation episode 39/126 ---
2025-10-25 01:07:36,150 [INFO] --- Validation episode 40/126 ---
2025-10-25 01:07:36,171 [INFO] --- Validation episode 41/126 ---
2025-10-25 01:07:36,202 [INFO] --- Validation episode 42/126 ---
2025-10-25 01:07:36,236 [INFO] --- Validation episode 43/126 ---
2025-10-25 01:07:36,267 [INFO] --- Validation episode 44/126 ---
2025-10-25 01:07:36,297 [INFO] --- Validation episode 45/126 ---
2025-10-25 01:07:36,328 [INFO] --- Validation episode 46/126 ---
2025-10-25 01:07:36,363 [INFO] --- Validation episode 47/126 ---
2025-10-25 01:07:36,395 [INFO] --- Validation episode 48/126 ---
2025-10-25 01:07:36,426 [INFO] --- Validation episode 49/126 ---
2025-10-25 01:07:36,455 [INFO] --- Validation episode 50/126 ---
2025-10-25 01:07:36,486 [INFO] --- Validation episode 51/126 ---
2025-10-25 01:07:36,509 [INFO] --- Validation episode 52/126 ---
2025-10-25 01:07:36,532 [INFO] --- Validation episode 53/126 ---
2025-10-25 01:07:36,554 [INFO] --- Validation episode 54/126 ---
2025-10-25 01:07:36,576 [INFO] --- Validation episode 55/126 ---
2025-10-25 01:07:36,599 [INFO] --- Validation episode 56/126 ---
2025-10-25 01:07:36,629 [INFO] --- Validation episode 57/126 ---
2025-10-25 01:07:36,661 [INFO] --- Validation episode 58/126 ---
2025-10-25 01:07:36,692 [INFO] --- Validation episode 59/126 ---
2025-10-25 01:07:36,723 [INFO] --- Validation episode 60/126 ---
2025-10-25 01:07:36,756 [INFO] --- Validation episode 61/126 ---
2025-10-25 01:07:36,788 [INFO] --- Validation episode 62/126 ---
2025-10-25 01:07:36,818 [INFO] --- Validation episode 63/126 ---
2025-10-25 01:07:36,849 [INFO] --- Validation episode 64/126 ---
2025-10-25 01:07:36,871 [INFO] --- Validation episode 65/126 ---
2025-10-25 01:07:36,903 [INFO] --- Validation episode 66/126 ---
2025-10-25 01:07:36,935 [INFO] --- Validation episode 67/126 ---
2025-10-25 01:07:36,965 [INFO] --- Validation episode 68/126 ---
2025-10-25 01:07:36,987 [INFO] --- Validation episode 69/126 ---
2025-10-25 01:07:37,011 [INFO] --- Validation episode 70/126 ---
2025-10-25 01:07:37,034 [INFO] --- Validation episode 71/126 ---
2025-10-25 01:07:37,056 [INFO] --- Validation episode 72/126 ---
2025-10-25 01:07:37,077 [INFO] --- Validation episode 73/126 ---
2025-10-25 01:07:37,106 [INFO] --- Validation episode 74/126 ---
2025-10-25 01:07:37,138 [INFO] --- Validation episode 75/126 ---
2025-10-25 01:07:37,168 [INFO] --- Validation episode 76/126 ---
2025-10-25 01:07:37,199 [INFO] --- Validation episode 77/126 ---
2025-10-25 01:07:37,230 [INFO] --- Validation episode 78/126 ---
2025-10-25 01:07:37,263 [INFO] --- Validation episode 79/126 ---
2025-10-25 01:07:37,293 [INFO] --- Validation episode 80/126 ---
2025-10-25 01:07:37,324 [INFO] --- Validation episode 81/126 ---
2025-10-25 01:07:37,357 [INFO] --- Validation episode 82/126 ---
2025-10-25 01:07:37,389 [INFO] --- Validation episode 83/126 ---
2025-10-25 01:07:37,420 [INFO] --- Validation episode 84/126 ---
2025-10-25 01:07:37,451 [INFO] --- Validation episode 85/126 ---
2025-10-25 01:07:37,473 [INFO] --- Validation episode 86/126 ---
2025-10-25 01:07:37,506 [INFO] --- Validation episode 87/126 ---
2025-10-25 01:07:37,537 [INFO] --- Validation episode 88/126 ---
2025-10-25 01:07:37,567 [INFO] --- Validation episode 89/126 ---
2025-10-25 01:07:37,591 [INFO] --- Validation episode 90/126 ---
2025-10-25 01:07:37,623 [INFO] --- Validation episode 91/126 ---
2025-10-25 01:07:37,655 [INFO] --- Validation episode 92/126 ---
2025-10-25 01:07:37,686 [INFO] --- Validation episode 93/126 ---
2025-10-25 01:07:37,717 [INFO] --- Validation episode 94/126 ---
2025-10-25 01:07:37,749 [INFO] --- Validation episode 95/126 ---
2025-10-25 01:07:37,780 [INFO] --- Validation episode 96/126 ---
2025-10-25 01:07:37,811 [INFO] --- Validation episode 97/126 ---
2025-10-25 01:07:37,839 [INFO] --- Validation episode 98/126 ---
2025-10-25 01:07:37,873 [INFO] --- Validation episode 99/126 ---
2025-10-25 01:07:37,904 [INFO] --- Validation episode 100/126 ---
2025-10-25 01:07:37,935 [INFO] --- Validation episode 101/126 ---
2025-10-25 01:07:37,958 [INFO] --- Validation episode 102/126 ---
2025-10-25 01:07:37,981 [INFO] --- Validation episode 103/126 ---
2025-10-25 01:07:38,003 [INFO] --- Validation episode 104/126 ---
2025-10-25 01:07:38,024 [INFO] --- Validation episode 105/126 ---
2025-10-25 01:07:38,045 [INFO] --- Validation episode 106/126 ---
2025-10-25 01:07:38,069 [INFO] --- Validation episode 107/126 ---
2025-10-25 01:07:38,091 [INFO] --- Validation episode 108/126 ---
2025-10-25 01:07:38,114 [INFO] --- Validation episode 109/126 ---
2025-10-25 01:07:38,136 [INFO] --- Validation episode 110/126 ---
2025-10-25 01:07:38,158 [INFO] --- Validation episode 111/126 ---
2025-10-25 01:07:38,180 [INFO] --- Validation episode 112/126 ---
2025-10-25 01:07:38,203 [INFO] --- Validation episode 113/126 ---
2025-10-25 01:07:38,226 [INFO] --- Validation episode 114/126 ---
2025-10-25 01:07:38,248 [INFO] --- Validation episode 115/126 ---
2025-10-25 01:07:38,270 [INFO] --- Validation episode 116/126 ---
2025-10-25 01:07:38,300 [INFO] --- Validation episode 117/126 ---
2025-10-25 01:07:38,334 [INFO] --- Validation episode 118/126 ---
2025-10-25 01:07:38,365 [INFO] --- Validation episode 119/126 ---
2025-10-25 01:07:38,396 [INFO] --- Validation episode 120/126 ---
2025-10-25 01:07:38,426 [INFO] --- Validation episode 121/126 ---
2025-10-25 01:07:38,448 [INFO] --- Validation episode 122/126 ---
2025-10-25 01:07:38,471 [INFO] --- Validation episode 123/126 ---
2025-10-25 01:07:38,494 [INFO] --- Validation episode 124/126 ---
2025-10-25 01:07:38,515 [INFO] --- Validation episode 125/126 ---
2025-10-25 01:07:38,537 [INFO] --- Validation episode 126/126 ---
2025-10-25 01:07:38,559 [INFO] --- Ep_29000 Validation Results: mean_reward=0.01181, Mean PnL: 119.40, Win rate: 59.72% ---
2025-10-25 01:07:38,559 [INFO] --- Finished Evaluation: Validation ---
2025-10-25 01:08:00,915 [INFO] --- Starting Evaluation: Validation, episodes=126 ---
2025-10-25 01:08:00,916 [INFO] --- Validation episode 1/126 ---
2025-10-25 01:08:00,949 [INFO] --- Validation episode 2/126 ---
2025-10-25 01:08:00,982 [INFO] --- Validation episode 3/126 ---
2025-10-25 01:08:01,012 [INFO] --- Validation episode 4/126 ---
2025-10-25 01:08:01,043 [INFO] --- Validation episode 5/126 ---
2025-10-25 01:08:01,076 [INFO] --- Validation episode 6/126 ---
2025-10-25 01:08:01,109 [INFO] --- Validation episode 7/126 ---
2025-10-25 01:08:01,139 [INFO] --- Validation episode 8/126 ---
2025-10-25 01:08:01,170 [INFO] --- Validation episode 9/126 ---
2025-10-25 01:08:01,191 [INFO] --- Validation episode 10/126 ---
2025-10-25 01:08:01,216 [INFO] --- Validation episode 11/126 ---
2025-10-25 01:08:01,238 [INFO] --- Validation episode 12/126 ---
2025-10-25 01:08:01,260 [INFO] --- Validation episode 13/126 ---
2025-10-25 01:08:01,281 [INFO] --- Validation episode 14/126 ---
2025-10-25 01:08:01,307 [INFO] --- Validation episode 15/126 ---
2025-10-25 01:08:01,332 [INFO] --- Validation episode 16/126 ---
2025-10-25 01:08:01,354 [INFO] --- Validation episode 17/126 ---
2025-10-25 01:08:01,376 [INFO] --- Validation episode 18/126 ---
2025-10-25 01:08:01,397 [INFO] --- Validation episode 19/126 ---
2025-10-25 01:08:01,420 [INFO] --- Validation episode 20/126 ---
2025-10-25 01:08:01,443 [INFO] --- Validation episode 21/126 ---
2025-10-25 01:08:01,465 [INFO] --- Validation episode 22/126 ---
2025-10-25 01:08:01,487 [INFO] --- Validation episode 23/126 ---
2025-10-25 01:08:01,508 [INFO] --- Validation episode 24/126 ---
2025-10-25 01:08:01,532 [INFO] --- Validation episode 25/126 ---
2025-10-25 01:08:01,554 [INFO] --- Validation episode 26/126 ---
2025-10-25 01:08:01,578 [INFO] --- Validation episode 27/126 ---
2025-10-25 01:08:01,599 [INFO] --- Validation episode 28/126 ---
2025-10-25 01:08:01,621 [INFO] --- Validation episode 29/126 ---
2025-10-25 01:08:01,642 [INFO] --- Validation episode 30/126 ---
2025-10-25 01:08:01,667 [INFO] --- Validation episode 31/126 ---
2025-10-25 01:08:01,690 [INFO] --- Validation episode 32/126 ---
2025-10-25 01:08:01,711 [INFO] --- Validation episode 33/126 ---
2025-10-25 01:08:01,732 [INFO] --- Validation episode 34/126 ---
2025-10-25 01:08:01,756 [INFO] --- Validation episode 35/126 ---
2025-10-25 01:08:01,780 [INFO] --- Validation episode 36/126 ---
2025-10-25 01:08:01,801 [INFO] --- Validation episode 37/126 ---
2025-10-25 01:08:01,822 [INFO] --- Validation episode 38/126 ---
2025-10-25 01:08:01,844 [INFO] --- Validation episode 39/126 ---
2025-10-25 01:08:01,876 [INFO] --- Validation episode 40/126 ---
2025-10-25 01:08:01,909 [INFO] --- Validation episode 41/126 ---
2025-10-25 01:08:01,939 [INFO] --- Validation episode 42/126 ---
2025-10-25 01:08:01,968 [INFO] --- Validation episode 43/126 ---
2025-10-25 01:08:01,999 [INFO] --- Validation episode 44/126 ---
2025-10-25 01:08:02,023 [INFO] --- Validation episode 45/126 ---
2025-10-25 01:08:02,047 [INFO] --- Validation episode 46/126 ---
2025-10-25 01:08:02,071 [INFO] --- Validation episode 47/126 ---
2025-10-25 01:08:02,092 [INFO] --- Validation episode 48/126 ---
2025-10-25 01:08:02,114 [INFO] --- Validation episode 49/126 ---
2025-10-25 01:08:02,136 [INFO] --- Validation episode 50/126 ---
2025-10-25 01:08:02,159 [INFO] --- Validation episode 51/126 ---
2025-10-25 01:08:02,183 [INFO] --- Validation episode 52/126 ---
2025-10-25 01:08:02,204 [INFO] --- Validation episode 53/126 ---
2025-10-25 01:08:02,226 [INFO] --- Validation episode 54/126 ---
2025-10-25 01:08:02,249 [INFO] --- Validation episode 55/126 ---
2025-10-25 01:08:02,272 [INFO] --- Validation episode 56/126 ---
2025-10-25 01:08:02,297 [INFO] --- Validation episode 57/126 ---
2025-10-25 01:08:02,318 [INFO] --- Validation episode 58/126 ---
2025-10-25 01:08:02,340 [INFO] --- Validation episode 59/126 ---
2025-10-25 01:08:02,373 [INFO] --- Validation episode 60/126 ---
2025-10-25 01:08:02,405 [INFO] --- Validation episode 61/126 ---
2025-10-25 01:08:02,436 [INFO] --- Validation episode 62/126 ---
2025-10-25 01:08:02,466 [INFO] --- Validation episode 63/126 ---
2025-10-25 01:08:02,496 [INFO] --- Validation episode 64/126 ---
2025-10-25 01:08:02,519 [INFO] --- Validation episode 65/126 ---
2025-10-25 01:08:02,543 [INFO] --- Validation episode 66/126 ---
2025-10-25 01:08:02,566 [INFO] --- Validation episode 67/126 ---
2025-10-25 01:08:02,587 [INFO] --- Validation episode 68/126 ---
2025-10-25 01:08:02,609 [INFO] --- Validation episode 69/126 ---
2025-10-25 01:08:02,640 [INFO] --- Validation episode 70/126 ---
2025-10-25 01:08:02,673 [INFO] --- Validation episode 71/126 ---
2025-10-25 01:08:02,705 [INFO] --- Validation episode 72/126 ---
2025-10-25 01:08:02,734 [INFO] --- Validation episode 73/126 ---
2025-10-25 01:08:02,765 [INFO] --- Validation episode 74/126 ---
2025-10-25 01:08:02,787 [INFO] --- Validation episode 75/126 ---
2025-10-25 01:08:02,811 [INFO] --- Validation episode 76/126 ---
2025-10-25 01:08:02,835 [INFO] --- Validation episode 77/126 ---
2025-10-25 01:08:02,856 [INFO] --- Validation episode 78/126 ---
2025-10-25 01:08:02,878 [INFO] --- Validation episode 79/126 ---
2025-10-25 01:08:02,910 [INFO] --- Validation episode 80/126 ---
2025-10-25 01:08:02,943 [INFO] --- Validation episode 81/126 ---
2025-10-25 01:08:02,973 [INFO] --- Validation episode 82/126 ---
2025-10-25 01:08:03,003 [INFO] --- Validation episode 83/126 ---
2025-10-25 01:08:03,033 [INFO] --- Validation episode 84/126 ---
2025-10-25 01:08:03,056 [INFO] --- Validation episode 85/126 ---
2025-10-25 01:08:03,079 [INFO] --- Validation episode 86/126 ---
2025-10-25 01:08:03,102 [INFO] --- Validation episode 87/126 ---
2025-10-25 01:08:03,124 [INFO] --- Validation episode 88/126 ---
2025-10-25 01:08:03,146 [INFO] --- Validation episode 89/126 ---
2025-10-25 01:08:03,176 [INFO] --- Validation episode 90/126 ---
2025-10-25 01:08:03,209 [INFO] --- Validation episode 91/126 ---
2025-10-25 01:08:03,241 [INFO] --- Validation episode 92/126 ---
2025-10-25 01:08:03,272 [INFO] --- Validation episode 93/126 ---
2025-10-25 01:08:03,293 [INFO] --- Validation episode 94/126 ---
2025-10-25 01:08:03,316 [INFO] --- Validation episode 95/126 ---
2025-10-25 01:08:03,341 [INFO] --- Validation episode 96/126 ---
2025-10-25 01:08:03,364 [INFO] --- Validation episode 97/126 ---
2025-10-25 01:08:03,386 [INFO] --- Validation episode 98/126 ---
2025-10-25 01:08:03,416 [INFO] --- Validation episode 99/126 ---
2025-10-25 01:08:03,448 [INFO] --- Validation episode 100/126 ---
2025-10-25 01:08:03,480 [INFO] --- Validation episode 101/126 ---
2025-10-25 01:08:03,510 [INFO] --- Validation episode 102/126 ---
2025-10-25 01:08:03,534 [INFO] --- Validation episode 103/126 ---
2025-10-25 01:08:03,556 [INFO] --- Validation episode 104/126 ---
2025-10-25 01:08:03,580 [INFO] --- Validation episode 105/126 ---
2025-10-25 01:08:03,601 [INFO] --- Validation episode 106/126 ---
2025-10-25 01:08:03,623 [INFO] --- Validation episode 107/126 ---
2025-10-25 01:08:03,655 [INFO] --- Validation episode 108/126 ---
2025-10-25 01:08:03,687 [INFO] --- Validation episode 109/126 ---
2025-10-25 01:08:03,719 [INFO] --- Validation episode 110/126 ---
2025-10-25 01:08:03,750 [INFO] --- Validation episode 111/126 ---
2025-10-25 01:08:03,783 [INFO] --- Validation episode 112/126 ---
2025-10-25 01:08:03,815 [INFO] --- Validation episode 113/126 ---
2025-10-25 01:08:03,845 [INFO] --- Validation episode 114/126 ---
2025-10-25 01:08:03,875 [INFO] --- Validation episode 115/126 ---
2025-10-25 01:08:03,898 [INFO] --- Validation episode 116/126 ---
2025-10-25 01:08:03,922 [INFO] --- Validation episode 117/126 ---
2025-10-25 01:08:03,943 [INFO] --- Validation episode 118/126 ---
2025-10-25 01:08:03,965 [INFO] --- Validation episode 119/126 ---
2025-10-25 01:08:03,987 [INFO] --- Validation episode 120/126 ---
2025-10-25 01:08:04,010 [INFO] --- Validation episode 121/126 ---
2025-10-25 01:08:04,034 [INFO] --- Validation episode 122/126 ---
2025-10-25 01:08:04,056 [INFO] --- Validation episode 123/126 ---
2025-10-25 01:08:04,077 [INFO] --- Validation episode 124/126 ---
2025-10-25 01:08:04,099 [INFO] --- Validation episode 125/126 ---
2025-10-25 01:08:04,122 [INFO] --- Validation episode 126/126 ---
2025-10-25 01:08:04,146 [INFO] --- Ep_30000 Validation Results: mean_reward=0.01473, Mean PnL: 149.59, Win rate: 61.64% ---
2025-10-25 01:08:04,146 [INFO] --- Finished Evaluation: Validation ---
2025-10-25 01:08:26,453 [INFO] --- Starting Evaluation: Validation, episodes=126 ---
2025-10-25 01:08:26,454 [INFO] --- Validation episode 1/126 ---
2025-10-25 01:08:26,484 [INFO] --- Validation episode 2/126 ---
2025-10-25 01:08:26,517 [INFO] --- Validation episode 3/126 ---
2025-10-25 01:08:26,549 [INFO] --- Validation episode 4/126 ---
2025-10-25 01:08:26,579 [INFO] --- Validation episode 5/126 ---
2025-10-25 01:08:26,601 [INFO] --- Validation episode 6/126 ---
2025-10-25 01:08:26,625 [INFO] --- Validation episode 7/126 ---
2025-10-25 01:08:26,647 [INFO] --- Validation episode 8/126 ---
2025-10-25 01:08:26,668 [INFO] --- Validation episode 9/126 ---
2025-10-25 01:08:26,690 [INFO] --- Validation episode 10/126 ---
2025-10-25 01:08:26,713 [INFO] --- Validation episode 11/126 ---
2025-10-25 01:08:26,736 [INFO] --- Validation episode 12/126 ---
2025-10-25 01:08:26,759 [INFO] --- Validation episode 13/126 ---
2025-10-25 01:08:26,780 [INFO] --- Validation episode 14/126 ---
2025-10-25 01:08:26,802 [INFO] --- Validation episode 15/126 ---
2025-10-25 01:08:26,825 [INFO] --- Validation episode 16/126 ---
2025-10-25 01:08:26,849 [INFO] --- Validation episode 17/126 ---
2025-10-25 01:08:26,873 [INFO] --- Validation episode 18/126 ---
2025-10-25 01:08:26,894 [INFO] --- Validation episode 19/126 ---
2025-10-25 01:08:26,916 [INFO] --- Validation episode 20/126 ---
2025-10-25 01:08:26,940 [INFO] --- Validation episode 21/126 ---
2025-10-25 01:08:26,962 [INFO] --- Validation episode 22/126 ---
2025-10-25 01:08:26,984 [INFO] --- Validation episode 23/126 ---
2025-10-25 01:08:27,006 [INFO] --- Validation episode 24/126 ---
2025-10-25 01:08:27,027 [INFO] --- Validation episode 25/126 ---
2025-10-25 01:08:27,051 [INFO] --- Validation episode 26/126 ---
2025-10-25 01:08:27,073 [INFO] --- Validation episode 27/126 ---
2025-10-25 01:08:27,097 [INFO] --- Validation episode 28/126 ---
2025-10-25 01:08:27,120 [INFO] --- Validation episode 29/126 ---
2025-10-25 01:08:27,141 [INFO] --- Validation episode 30/126 ---
2025-10-25 01:08:27,163 [INFO] --- Validation episode 31/126 ---
2025-10-25 01:08:27,186 [INFO] --- Validation episode 32/126 ---
2025-10-25 01:08:27,208 [INFO] --- Validation episode 33/126 ---
2025-10-25 01:08:27,230 [INFO] --- Validation episode 34/126 ---
2025-10-25 01:08:27,251 [INFO] --- Validation episode 35/126 ---
2025-10-25 01:08:27,275 [INFO] --- Validation episode 36/126 ---
2025-10-25 01:08:27,298 [INFO] --- Validation episode 37/126 ---
2025-10-25 01:08:27,322 [INFO] --- Validation episode 38/126 ---
2025-10-25 01:08:27,343 [INFO] --- Validation episode 39/126 ---
2025-10-25 01:08:27,366 [INFO] --- Validation episode 40/126 ---
2025-10-25 01:08:27,399 [INFO] --- Validation episode 41/126 ---
2025-10-25 01:08:27,432 [INFO] --- Validation episode 42/126 ---
2025-10-25 01:08:27,462 [INFO] --- Validation episode 43/126 ---
2025-10-25 01:08:27,492 [INFO] --- Validation episode 44/126 ---
2025-10-25 01:08:27,522 [INFO] --- Validation episode 45/126 ---
2025-10-25 01:08:27,544 [INFO] --- Validation episode 46/126 ---
2025-10-25 01:08:27,569 [INFO] --- Validation episode 47/126 ---
2025-10-25 01:08:27,591 [INFO] --- Validation episode 48/126 ---
2025-10-25 01:08:27,613 [INFO] --- Validation episode 49/126 ---
2025-10-25 01:08:27,635 [INFO] --- Validation episode 50/126 ---
2025-10-25 01:08:27,658 [INFO] --- Validation episode 51/126 ---
2025-10-25 01:08:27,682 [INFO] --- Validation episode 52/126 ---
2025-10-25 01:08:27,704 [INFO] --- Validation episode 53/126 ---
2025-10-25 01:08:27,725 [INFO] --- Validation episode 54/126 ---
2025-10-25 01:08:27,747 [INFO] --- Validation episode 55/126 ---
2025-10-25 01:08:27,769 [INFO] --- Validation episode 56/126 ---
2025-10-25 01:08:27,792 [INFO] --- Validation episode 57/126 ---
2025-10-25 01:08:27,816 [INFO] --- Validation episode 58/126 ---
2025-10-25 01:08:27,837 [INFO] --- Validation episode 59/126 ---
2025-10-25 01:08:27,859 [INFO] --- Validation episode 60/126 ---
2025-10-25 01:08:27,880 [INFO] --- Validation episode 61/126 ---
2025-10-25 01:08:27,903 [INFO] --- Validation episode 62/126 ---
2025-10-25 01:08:27,925 [INFO] --- Validation episode 63/126 ---
2025-10-25 01:08:27,946 [INFO] --- Validation episode 64/126 ---
2025-10-25 01:08:27,968 [INFO] --- Validation episode 65/126 ---
2025-10-25 01:08:27,991 [INFO] --- Validation episode 66/126 ---
2025-10-25 01:08:28,013 [INFO] --- Validation episode 67/126 ---
2025-10-25 01:08:28,037 [INFO] --- Validation episode 68/126 ---
2025-10-25 01:08:28,059 [INFO] --- Validation episode 69/126 ---
2025-10-25 01:08:28,080 [INFO] --- Validation episode 70/126 ---
2025-10-25 01:08:28,103 [INFO] --- Validation episode 71/126 ---
2025-10-25 01:08:28,127 [INFO] --- Validation episode 72/126 ---
2025-10-25 01:08:28,149 [INFO] --- Validation episode 73/126 ---
2025-10-25 01:08:28,170 [INFO] --- Validation episode 74/126 ---
2025-10-25 01:08:28,192 [INFO] --- Validation episode 75/126 ---
2025-10-25 01:08:28,225 [INFO] --- Validation episode 76/126 ---
2025-10-25 01:08:28,254 [INFO] --- Validation episode 77/126 ---
2025-10-25 01:08:28,280 [INFO] --- Validation episode 78/126 ---
2025-10-25 01:08:28,306 [INFO] --- Validation episode 79/126 ---
2025-10-25 01:08:28,331 [INFO] --- Validation episode 80/126 ---
2025-10-25 01:08:28,364 [INFO] --- Validation episode 81/126 ---
2025-10-25 01:08:28,397 [INFO] --- Validation episode 82/126 ---
2025-10-25 01:08:28,427 [INFO] --- Validation episode 83/126 ---
2025-10-25 01:08:28,457 [INFO] --- Validation episode 84/126 ---
2025-10-25 01:08:28,488 [INFO] --- Validation episode 85/126 ---
2025-10-25 01:08:28,511 [INFO] --- Validation episode 86/126 ---
2025-10-25 01:08:28,535 [INFO] --- Validation episode 87/126 ---
2025-10-25 01:08:28,558 [INFO] --- Validation episode 88/126 ---
2025-10-25 01:08:28,579 [INFO] --- Validation episode 89/126 ---
2025-10-25 01:08:28,601 [INFO] --- Validation episode 90/126 ---
2025-10-25 01:08:28,624 [INFO] --- Validation episode 91/126 ---
2025-10-25 01:08:28,646 [INFO] --- Validation episode 92/126 ---
2025-10-25 01:08:28,668 [INFO] --- Validation episode 93/126 ---
2025-10-25 01:08:28,689 [INFO] --- Validation episode 94/126 ---
2025-10-25 01:08:28,711 [INFO] --- Validation episode 95/126 ---
2025-10-25 01:08:28,732 [INFO] --- Validation episode 96/126 ---
2025-10-25 01:08:28,757 [INFO] --- Validation episode 97/126 ---
2025-10-25 01:08:28,779 [INFO] --- Validation episode 98/126 ---
2025-10-25 01:08:28,801 [INFO] --- Validation episode 99/126 ---
2025-10-25 01:08:28,822 [INFO] --- Validation episode 100/126 ---
2025-10-25 01:08:28,846 [INFO] --- Validation episode 101/126 ---
2025-10-25 01:08:28,871 [INFO] --- Validation episode 102/126 ---
2025-10-25 01:08:28,893 [INFO] --- Validation episode 103/126 ---
2025-10-25 01:08:28,914 [INFO] --- Validation episode 104/126 ---
2025-10-25 01:08:28,936 [INFO] --- Validation episode 105/126 ---
2025-10-25 01:08:28,959 [INFO] --- Validation episode 106/126 ---
2025-10-25 01:08:28,982 [INFO] --- Validation episode 107/126 ---
2025-10-25 01:08:29,006 [INFO] --- Validation episode 108/126 ---
2025-10-25 01:08:29,027 [INFO] --- Validation episode 109/126 ---
2025-10-25 01:08:29,049 [INFO] --- Validation episode 110/126 ---
2025-10-25 01:08:29,071 [INFO] --- Validation episode 111/126 ---
2025-10-25 01:08:29,094 [INFO] --- Validation episode 112/126 ---
2025-10-25 01:08:29,118 [INFO] --- Validation episode 113/126 ---
2025-10-25 01:08:29,139 [INFO] --- Validation episode 114/126 ---
2025-10-25 01:08:29,161 [INFO] --- Validation episode 115/126 ---
2025-10-25 01:08:29,182 [INFO] --- Validation episode 116/126 ---
2025-10-25 01:08:29,207 [INFO] --- Validation episode 117/126 ---
2025-10-25 01:08:29,230 [INFO] --- Validation episode 118/126 ---
2025-10-25 01:08:29,251 [INFO] --- Validation episode 119/126 ---
2025-10-25 01:08:29,273 [INFO] --- Validation episode 120/126 ---
2025-10-25 01:08:29,296 [INFO] --- Validation episode 121/126 ---
2025-10-25 01:08:29,319 [INFO] --- Validation episode 122/126 ---
2025-10-25 01:08:29,342 [INFO] --- Validation episode 123/126 ---
2025-10-25 01:08:29,365 [INFO] --- Validation episode 124/126 ---
2025-10-25 01:08:29,387 [INFO] --- Validation episode 125/126 ---
2025-10-25 01:08:29,410 [INFO] --- Validation episode 126/126 ---
2025-10-25 01:08:29,433 [INFO] --- Ep_31000 Validation Results: mean_reward=0.01640, Mean PnL: 165.16, Win rate: 57.74% ---
2025-10-25 01:08:29,433 [INFO] --- Finished Evaluation: Validation ---
2025-10-25 01:08:51,795 [INFO] --- Starting Evaluation: Validation, episodes=126 ---
2025-10-25 01:08:51,796 [INFO] --- Validation episode 1/126 ---
2025-10-25 01:08:51,817 [INFO] --- Validation episode 2/126 ---
2025-10-25 01:08:51,842 [INFO] --- Validation episode 3/126 ---
2025-10-25 01:08:51,865 [INFO] --- Validation episode 4/126 ---
2025-10-25 01:08:51,886 [INFO] --- Validation episode 5/126 ---
2025-10-25 01:08:51,908 [INFO] --- Validation episode 6/126 ---
2025-10-25 01:08:51,929 [INFO] --- Validation episode 7/126 ---
2025-10-25 01:08:51,952 [INFO] --- Validation episode 8/126 ---
2025-10-25 01:08:51,976 [INFO] --- Validation episode 9/126 ---
2025-10-25 01:08:51,997 [INFO] --- Validation episode 10/126 ---
2025-10-25 01:08:52,019 [INFO] --- Validation episode 11/126 ---
2025-10-25 01:08:52,041 [INFO] --- Validation episode 12/126 ---
2025-10-25 01:08:52,064 [INFO] --- Validation episode 13/126 ---
2025-10-25 01:08:52,086 [INFO] --- Validation episode 14/126 ---
2025-10-25 01:08:52,107 [INFO] --- Validation episode 15/126 ---
2025-10-25 01:08:52,129 [INFO] --- Validation episode 16/126 ---
2025-10-25 01:08:52,150 [INFO] --- Validation episode 17/126 ---
2025-10-25 01:08:52,175 [INFO] --- Validation episode 18/126 ---
2025-10-25 01:08:52,199 [INFO] --- Validation episode 19/126 ---
2025-10-25 01:08:52,220 [INFO] --- Validation episode 20/126 ---
2025-10-25 01:08:52,242 [INFO] --- Validation episode 21/126 ---
2025-10-25 01:08:52,265 [INFO] --- Validation episode 22/126 ---
2025-10-25 01:08:52,288 [INFO] --- Validation episode 23/126 ---
2025-10-25 01:08:52,311 [INFO] --- Validation episode 24/126 ---
2025-10-25 01:08:52,333 [INFO] --- Validation episode 25/126 ---
2025-10-25 01:08:52,355 [INFO] --- Validation episode 26/126 ---
2025-10-25 01:08:52,379 [INFO] --- Validation episode 27/126 ---
2025-10-25 01:08:52,402 [INFO] --- Validation episode 28/126 ---
2025-10-25 01:08:52,425 [INFO] --- Validation episode 29/126 ---
2025-10-25 01:08:52,447 [INFO] --- Validation episode 30/126 ---
2025-10-25 01:08:52,469 [INFO] --- Validation episode 31/126 ---
2025-10-25 01:08:52,492 [INFO] --- Validation episode 32/126 ---
2025-10-25 01:08:52,515 [INFO] --- Validation episode 33/126 ---
2025-10-25 01:08:52,540 [INFO] --- Validation episode 34/126 ---
2025-10-25 01:08:52,561 [INFO] --- Validation episode 35/126 ---
2025-10-25 01:08:52,583 [INFO] --- Validation episode 36/126 ---
2025-10-25 01:08:52,605 [INFO] --- Validation episode 37/126 ---
2025-10-25 01:08:52,629 [INFO] --- Validation episode 38/126 ---
2025-10-25 01:08:52,651 [INFO] --- Validation episode 39/126 ---
2025-10-25 01:08:52,673 [INFO] --- Validation episode 40/126 ---
2025-10-25 01:08:52,695 [INFO] --- Validation episode 41/126 ---
2025-10-25 01:08:52,716 [INFO] --- Validation episode 42/126 ---
2025-10-25 01:08:52,740 [INFO] --- Validation episode 43/126 ---
2025-10-25 01:08:52,763 [INFO] --- Validation episode 44/126 ---
2025-10-25 01:08:52,785 [INFO] --- Validation episode 45/126 ---
2025-10-25 01:08:52,807 [INFO] --- Validation episode 46/126 ---
2025-10-25 01:08:52,829 [INFO] --- Validation episode 47/126 ---
2025-10-25 01:08:52,852 [INFO] --- Validation episode 48/126 ---
2025-10-25 01:08:52,875 [INFO] --- Validation episode 49/126 ---
2025-10-25 01:08:52,896 [INFO] --- Validation episode 50/126 ---
2025-10-25 01:08:52,917 [INFO] --- Validation episode 51/126 ---
2025-10-25 01:08:52,939 [INFO] --- Validation episode 52/126 ---
2025-10-25 01:08:52,963 [INFO] --- Validation episode 53/126 ---
2025-10-25 01:08:52,984 [INFO] --- Validation episode 54/126 ---
2025-10-25 01:08:53,006 [INFO] --- Validation episode 55/126 ---
2025-10-25 01:08:53,027 [INFO] --- Validation episode 56/126 ---
2025-10-25 01:08:53,051 [INFO] --- Validation episode 57/126 ---
2025-10-25 01:08:53,075 [INFO] --- Validation episode 58/126 ---
2025-10-25 01:08:53,098 [INFO] --- Validation episode 59/126 ---
2025-10-25 01:08:53,119 [INFO] --- Validation episode 60/126 ---
2025-10-25 01:08:53,141 [INFO] --- Validation episode 61/126 ---
2025-10-25 01:08:53,164 [INFO] --- Validation episode 62/126 ---
2025-10-25 01:08:53,188 [INFO] --- Validation episode 63/126 ---
2025-10-25 01:08:53,211 [INFO] --- Validation episode 64/126 ---
2025-10-25 01:08:53,232 [INFO] --- Validation episode 65/126 ---
2025-10-25 01:08:53,254 [INFO] --- Validation episode 66/126 ---
2025-10-25 01:08:53,277 [INFO] --- Validation episode 67/126 ---
2025-10-25 01:08:53,299 [INFO] --- Validation episode 68/126 ---
2025-10-25 01:08:53,323 [INFO] --- Validation episode 69/126 ---
2025-10-25 01:08:53,345 [INFO] --- Validation episode 70/126 ---
2025-10-25 01:08:53,368 [INFO] --- Validation episode 71/126 ---
2025-10-25 01:08:53,390 [INFO] --- Validation episode 72/126 ---
2025-10-25 01:08:53,413 [INFO] --- Validation episode 73/126 ---
2025-10-25 01:08:53,435 [INFO] --- Validation episode 74/126 ---
2025-10-25 01:08:53,457 [INFO] --- Validation episode 75/126 ---
2025-10-25 01:08:53,479 [INFO] --- Validation episode 76/126 ---
2025-10-25 01:08:53,501 [INFO] --- Validation episode 77/126 ---
2025-10-25 01:08:53,525 [INFO] --- Validation episode 78/126 ---
2025-10-25 01:08:53,547 [INFO] --- Validation episode 79/126 ---
2025-10-25 01:08:53,569 [INFO] --- Validation episode 80/126 ---
2025-10-25 01:08:53,591 [INFO] --- Validation episode 81/126 ---
2025-10-25 01:08:53,614 [INFO] --- Validation episode 82/126 ---
2025-10-25 01:08:53,637 [INFO] --- Validation episode 83/126 ---
2025-10-25 01:08:53,662 [INFO] --- Validation episode 84/126 ---
2025-10-25 01:08:53,683 [INFO] --- Validation episode 85/126 ---
2025-10-25 01:08:53,705 [INFO] --- Validation episode 86/126 ---
2025-10-25 01:08:53,728 [INFO] --- Validation episode 87/126 ---
2025-10-25 01:08:53,750 [INFO] --- Validation episode 88/126 ---
2025-10-25 01:08:53,773 [INFO] --- Validation episode 89/126 ---
2025-10-25 01:08:53,794 [INFO] --- Validation episode 90/126 ---
2025-10-25 01:08:53,816 [INFO] --- Validation episode 91/126 ---
2025-10-25 01:08:53,848 [INFO] --- Validation episode 92/126 ---
2025-10-25 01:08:53,882 [INFO] --- Validation episode 93/126 ---
2025-10-25 01:08:53,913 [INFO] --- Validation episode 94/126 ---
2025-10-25 01:08:53,944 [INFO] --- Validation episode 95/126 ---
2025-10-25 01:08:53,974 [INFO] --- Validation episode 96/126 ---
2025-10-25 01:08:53,996 [INFO] --- Validation episode 97/126 ---
2025-10-25 01:08:54,020 [INFO] --- Validation episode 98/126 ---
2025-10-25 01:08:54,044 [INFO] --- Validation episode 99/126 ---
2025-10-25 01:08:54,066 [INFO] --- Validation episode 100/126 ---
2025-10-25 01:08:54,087 [INFO] --- Validation episode 101/126 ---
2025-10-25 01:08:54,109 [INFO] --- Validation episode 102/126 ---
2025-10-25 01:08:54,132 [INFO] --- Validation episode 103/126 ---
2025-10-25 01:08:54,154 [INFO] --- Validation episode 104/126 ---
2025-10-25 01:08:54,175 [INFO] --- Validation episode 105/126 ---
2025-10-25 01:08:54,197 [INFO] --- Validation episode 106/126 ---
2025-10-25 01:08:54,218 [INFO] --- Validation episode 107/126 ---
2025-10-25 01:08:54,242 [INFO] --- Validation episode 108/126 ---
2025-10-25 01:08:54,265 [INFO] --- Validation episode 109/126 ---
2025-10-25 01:08:54,288 [INFO] --- Validation episode 110/126 ---
2025-10-25 01:08:54,309 [INFO] --- Validation episode 111/126 ---
2025-10-25 01:08:54,333 [INFO] --- Validation episode 112/126 ---
2025-10-25 01:08:54,357 [INFO] --- Validation episode 113/126 ---
2025-10-25 01:08:54,379 [INFO] --- Validation episode 114/126 ---
2025-10-25 01:08:54,401 [INFO] --- Validation episode 115/126 ---
2025-10-25 01:08:54,423 [INFO] --- Validation episode 116/126 ---
2025-10-25 01:08:54,446 [INFO] --- Validation episode 117/126 ---
2025-10-25 01:08:54,468 [INFO] --- Validation episode 118/126 ---
2025-10-25 01:08:54,491 [INFO] --- Validation episode 119/126 ---
2025-10-25 01:08:54,512 [INFO] --- Validation episode 120/126 ---
2025-10-25 01:08:54,533 [INFO] --- Validation episode 121/126 ---
2025-10-25 01:08:54,555 [INFO] --- Validation episode 122/126 ---
2025-10-25 01:08:54,579 [INFO] --- Validation episode 123/126 ---
2025-10-25 01:08:54,602 [INFO] --- Validation episode 124/126 ---
2025-10-25 01:08:54,624 [INFO] --- Validation episode 125/126 ---
2025-10-25 01:08:54,646 [INFO] --- Validation episode 126/126 ---
2025-10-25 01:08:54,667 [INFO] --- Ep_32000 Validation Results: mean_reward=0.01550, Mean PnL: 155.84, Win rate: 63.03% ---
2025-10-25 01:08:54,667 [INFO] --- Finished Evaluation: Validation ---
2025-10-25 01:09:17,035 [INFO] --- Starting Evaluation: Validation, episodes=126 ---
2025-10-25 01:09:17,036 [INFO] --- Validation episode 1/126 ---
2025-10-25 01:09:17,058 [INFO] --- Validation episode 2/126 ---
2025-10-25 01:09:17,082 [INFO] --- Validation episode 3/126 ---
2025-10-25 01:09:17,104 [INFO] --- Validation episode 4/126 ---
2025-10-25 01:09:17,126 [INFO] --- Validation episode 5/126 ---
2025-10-25 01:09:17,147 [INFO] --- Validation episode 6/126 ---
2025-10-25 01:09:17,171 [INFO] --- Validation episode 7/126 ---
2025-10-25 01:09:17,194 [INFO] --- Validation episode 8/126 ---
2025-10-25 01:09:17,217 [INFO] --- Validation episode 9/126 ---
2025-10-25 01:09:17,238 [INFO] --- Validation episode 10/126 ---
2025-10-25 01:09:17,259 [INFO] --- Validation episode 11/126 ---
2025-10-25 01:09:17,293 [INFO] --- Validation episode 12/126 ---
2025-10-25 01:09:17,325 [INFO] --- Validation episode 13/126 ---
2025-10-25 01:09:17,356 [INFO] --- Validation episode 14/126 ---
2025-10-25 01:09:17,387 [INFO] --- Validation episode 15/126 ---
2025-10-25 01:09:17,417 [INFO] --- Validation episode 16/126 ---
2025-10-25 01:09:17,446 [INFO] --- Validation episode 17/126 ---
2025-10-25 01:09:17,469 [INFO] --- Validation episode 18/126 ---
2025-10-25 01:09:17,491 [INFO] --- Validation episode 19/126 ---
2025-10-25 01:09:17,512 [INFO] --- Validation episode 20/126 ---
2025-10-25 01:09:17,534 [INFO] --- Validation episode 21/126 ---
2025-10-25 01:09:17,566 [INFO] --- Validation episode 22/126 ---
2025-10-25 01:09:17,599 [INFO] --- Validation episode 23/126 ---
2025-10-25 01:09:17,630 [INFO] --- Validation episode 24/126 ---
2025-10-25 01:09:17,660 [INFO] --- Validation episode 25/126 ---
2025-10-25 01:09:17,691 [INFO] --- Validation episode 26/126 ---
2025-10-25 01:09:17,724 [INFO] --- Validation episode 27/126 ---
2025-10-25 01:09:17,756 [INFO] --- Validation episode 28/126 ---
2025-10-25 01:09:17,786 [INFO] --- Validation episode 29/126 ---
2025-10-25 01:09:17,817 [INFO] --- Validation episode 30/126 ---
2025-10-25 01:09:17,838 [INFO] --- Validation episode 31/126 ---
2025-10-25 01:09:17,861 [INFO] --- Validation episode 32/126 ---
2025-10-25 01:09:17,884 [INFO] --- Validation episode 33/126 ---
2025-10-25 01:09:17,906 [INFO] --- Validation episode 34/126 ---
2025-10-25 01:09:17,928 [INFO] --- Validation episode 35/126 ---
2025-10-25 01:09:17,961 [INFO] --- Validation episode 36/126 ---
2025-10-25 01:09:17,993 [INFO] --- Validation episode 37/126 ---
2025-10-25 01:09:18,024 [INFO] --- Validation episode 38/126 ---
2025-10-25 01:09:18,054 [INFO] --- Validation episode 39/126 ---
2025-10-25 01:09:18,085 [INFO] --- Validation episode 40/126 ---
2025-10-25 01:09:18,119 [INFO] --- Validation episode 41/126 ---
2025-10-25 01:09:18,150 [INFO] --- Validation episode 42/126 ---
2025-10-25 01:09:18,180 [INFO] --- Validation episode 43/126 ---
2025-10-25 01:09:18,204 [INFO] --- Validation episode 44/126 ---
2025-10-25 01:09:18,228 [INFO] --- Validation episode 45/126 ---
2025-10-25 01:09:18,251 [INFO] --- Validation episode 46/126 ---
2025-10-25 01:09:18,272 [INFO] --- Validation episode 47/126 ---
2025-10-25 01:09:18,294 [INFO] --- Validation episode 48/126 ---
2025-10-25 01:09:18,317 [INFO] --- Validation episode 49/126 ---
2025-10-25 01:09:18,340 [INFO] --- Validation episode 50/126 ---
2025-10-25 01:09:18,361 [INFO] --- Validation episode 51/126 ---
2025-10-25 01:09:18,384 [INFO] --- Validation episode 52/126 ---
2025-10-25 01:09:18,406 [INFO] --- Validation episode 53/126 ---
2025-10-25 01:09:18,429 [INFO] --- Validation episode 54/126 ---
2025-10-25 01:09:18,453 [INFO] --- Validation episode 55/126 ---
2025-10-25 01:09:18,475 [INFO] --- Validation episode 56/126 ---
2025-10-25 01:09:18,497 [INFO] --- Validation episode 57/126 ---
2025-10-25 01:09:18,518 [INFO] --- Validation episode 58/126 ---
2025-10-25 01:09:18,540 [INFO] --- Validation episode 59/126 ---
2025-10-25 01:09:18,564 [INFO] --- Validation episode 60/126 ---
2025-10-25 01:09:18,586 [INFO] --- Validation episode 61/126 ---
2025-10-25 01:09:18,607 [INFO] --- Validation episode 62/126 ---
2025-10-25 01:09:18,629 [INFO] --- Validation episode 63/126 ---
2025-10-25 01:09:18,652 [INFO] --- Validation episode 64/126 ---
2025-10-25 01:09:18,675 [INFO] --- Validation episode 65/126 ---
2025-10-25 01:09:18,698 [INFO] --- Validation episode 66/126 ---
2025-10-25 01:09:18,719 [INFO] --- Validation episode 67/126 ---
2025-10-25 01:09:18,741 [INFO] --- Validation episode 68/126 ---
2025-10-25 01:09:18,774 [INFO] --- Validation episode 69/126 ---
2025-10-25 01:09:18,806 [INFO] --- Validation episode 70/126 ---
2025-10-25 01:09:18,837 [INFO] --- Validation episode 71/126 ---
2025-10-25 01:09:18,867 [INFO] --- Validation episode 72/126 ---
2025-10-25 01:09:18,897 [INFO] --- Validation episode 73/126 ---
2025-10-25 01:09:18,919 [INFO] --- Validation episode 74/126 ---
2025-10-25 01:09:18,942 [INFO] --- Validation episode 75/126 ---
2025-10-25 01:09:18,966 [INFO] --- Validation episode 76/126 ---
2025-10-25 01:09:18,989 [INFO] --- Validation episode 77/126 ---
2025-10-25 01:09:19,011 [INFO] --- Validation episode 78/126 ---
2025-10-25 01:09:19,039 [INFO] --- Validation episode 79/126 ---
2025-10-25 01:09:19,071 [INFO] --- Validation episode 80/126 ---
2025-10-25 01:09:19,101 [INFO] --- Validation episode 81/126 ---
2025-10-25 01:09:19,131 [INFO] --- Validation episode 82/126 ---
2025-10-25 01:09:19,162 [INFO] --- Validation episode 83/126 ---
2025-10-25 01:09:19,193 [INFO] --- Validation episode 84/126 ---
2025-10-25 01:09:19,226 [INFO] --- Validation episode 85/126 ---
2025-10-25 01:09:19,256 [INFO] --- Validation episode 86/126 ---
2025-10-25 01:09:19,287 [INFO] --- Validation episode 87/126 ---
2025-10-25 01:09:19,312 [INFO] --- Validation episode 88/126 ---
2025-10-25 01:09:19,344 [INFO] --- Validation episode 89/126 ---
2025-10-25 01:09:19,375 [INFO] --- Validation episode 90/126 ---
2025-10-25 01:09:19,407 [INFO] --- Validation episode 91/126 ---
2025-10-25 01:09:19,434 [INFO] --- Validation episode 92/126 ---
2025-10-25 01:09:19,466 [INFO] --- Validation episode 93/126 ---
2025-10-25 01:09:19,497 [INFO] --- Validation episode 94/126 ---
2025-10-25 01:09:19,527 [INFO] --- Validation episode 95/126 ---
2025-10-25 01:09:19,549 [INFO] --- Validation episode 96/126 ---
2025-10-25 01:09:19,572 [INFO] --- Validation episode 97/126 ---
2025-10-25 01:09:19,595 [INFO] --- Validation episode 98/126 ---
2025-10-25 01:09:19,616 [INFO] --- Validation episode 99/126 ---
2025-10-25 01:09:19,637 [INFO] --- Validation episode 100/126 ---
2025-10-25 01:09:19,661 [INFO] --- Validation episode 101/126 ---
2025-10-25 01:09:19,684 [INFO] --- Validation episode 102/126 ---
2025-10-25 01:09:19,706 [INFO] --- Validation episode 103/126 ---
2025-10-25 01:09:19,728 [INFO] --- Validation episode 104/126 ---
2025-10-25 01:09:19,749 [INFO] --- Validation episode 105/126 ---
2025-10-25 01:09:19,782 [INFO] --- Validation episode 106/126 ---
2025-10-25 01:09:19,814 [INFO] --- Validation episode 107/126 ---
2025-10-25 01:09:19,844 [INFO] --- Validation episode 108/126 ---
2025-10-25 01:09:19,874 [INFO] --- Validation episode 109/126 ---
2025-10-25 01:09:19,904 [INFO] --- Validation episode 110/126 ---
2025-10-25 01:09:19,927 [INFO] --- Validation episode 111/126 ---
2025-10-25 01:09:19,950 [INFO] --- Validation episode 112/126 ---
2025-10-25 01:09:19,973 [INFO] --- Validation episode 113/126 ---
2025-10-25 01:09:19,995 [INFO] --- Validation episode 114/126 ---
2025-10-25 01:09:20,017 [INFO] --- Validation episode 115/126 ---
2025-10-25 01:09:20,049 [INFO] --- Validation episode 116/126 ---
2025-10-25 01:09:20,082 [INFO] --- Validation episode 117/126 ---
2025-10-25 01:09:20,113 [INFO] --- Validation episode 118/126 ---
2025-10-25 01:09:20,144 [INFO] --- Validation episode 119/126 ---
2025-10-25 01:09:20,167 [INFO] --- Validation episode 120/126 ---
2025-10-25 01:09:20,190 [INFO] --- Validation episode 121/126 ---
2025-10-25 01:09:20,213 [INFO] --- Validation episode 122/126 ---
2025-10-25 01:09:20,235 [INFO] --- Validation episode 123/126 ---
2025-10-25 01:09:20,257 [INFO] --- Validation episode 124/126 ---
2025-10-25 01:09:20,279 [INFO] --- Validation episode 125/126 ---
2025-10-25 01:09:20,303 [INFO] --- Validation episode 126/126 ---
2025-10-25 01:09:20,328 [INFO] --- Ep_33000 Validation Results: mean_reward=0.00851, Mean PnL: 86.80, Win rate: 57.01% ---
2025-10-25 01:09:20,328 [INFO] --- Finished Evaluation: Validation ---
2025-10-25 01:09:42,712 [INFO] --- Starting Evaluation: Validation, episodes=126 ---
2025-10-25 01:09:42,712 [INFO] --- Validation episode 1/126 ---
2025-10-25 01:09:42,735 [INFO] --- Validation episode 2/126 ---
2025-10-25 01:09:42,757 [INFO] --- Validation episode 3/126 ---
2025-10-25 01:09:42,779 [INFO] --- Validation episode 4/126 ---
2025-10-25 01:09:42,800 [INFO] --- Validation episode 5/126 ---
2025-10-25 01:09:42,821 [INFO] --- Validation episode 6/126 ---
2025-10-25 01:09:42,853 [INFO] --- Validation episode 7/126 ---
2025-10-25 01:09:42,885 [INFO] --- Validation episode 8/126 ---
2025-10-25 01:09:42,916 [INFO] --- Validation episode 9/126 ---
2025-10-25 01:09:42,946 [INFO] --- Validation episode 10/126 ---
2025-10-25 01:09:42,977 [INFO] --- Validation episode 11/126 ---
2025-10-25 01:09:42,999 [INFO] --- Validation episode 12/126 ---
2025-10-25 01:09:43,022 [INFO] --- Validation episode 13/126 ---
2025-10-25 01:09:43,045 [INFO] --- Validation episode 14/126 ---
2025-10-25 01:09:43,067 [INFO] --- Validation episode 15/126 ---
2025-10-25 01:09:43,089 [INFO] --- Validation episode 16/126 ---
2025-10-25 01:09:43,110 [INFO] --- Validation episode 17/126 ---
2025-10-25 01:09:43,134 [INFO] --- Validation episode 18/126 ---
2025-10-25 01:09:43,157 [INFO] --- Validation episode 19/126 ---
2025-10-25 01:09:43,180 [INFO] --- Validation episode 20/126 ---
2025-10-25 01:09:43,201 [INFO] --- Validation episode 21/126 ---
2025-10-25 01:09:43,223 [INFO] --- Validation episode 22/126 ---
2025-10-25 01:09:43,246 [INFO] --- Validation episode 23/126 ---
2025-10-25 01:09:43,270 [INFO] --- Validation episode 24/126 ---
2025-10-25 01:09:43,291 [INFO] --- Validation episode 25/126 ---
2025-10-25 01:09:43,313 [INFO] --- Validation episode 26/126 ---
2025-10-25 01:09:43,334 [INFO] --- Validation episode 27/126 ---
2025-10-25 01:09:43,358 [INFO] --- Validation episode 28/126 ---
2025-10-25 01:09:43,382 [INFO] --- Validation episode 29/126 ---
2025-10-25 01:09:43,403 [INFO] --- Validation episode 30/126 ---
2025-10-25 01:09:43,426 [INFO] --- Validation episode 31/126 ---
2025-10-25 01:09:43,449 [INFO] --- Validation episode 32/126 ---
2025-10-25 01:09:43,473 [INFO] --- Validation episode 33/126 ---
2025-10-25 01:09:43,495 [INFO] --- Validation episode 34/126 ---
2025-10-25 01:09:43,516 [INFO] --- Validation episode 35/126 ---
2025-10-25 01:09:43,538 [INFO] --- Validation episode 36/126 ---
2025-10-25 01:09:43,559 [INFO] --- Validation episode 37/126 ---
2025-10-25 01:09:43,583 [INFO] --- Validation episode 38/126 ---
2025-10-25 01:09:43,606 [INFO] --- Validation episode 39/126 ---
2025-10-25 01:09:43,627 [INFO] --- Validation episode 40/126 ---
2025-10-25 01:09:43,649 [INFO] --- Validation episode 41/126 ---
2025-10-25 01:09:43,671 [INFO] --- Validation episode 42/126 ---
2025-10-25 01:09:43,695 [INFO] --- Validation episode 43/126 ---
2025-10-25 01:09:43,717 [INFO] --- Validation episode 44/126 ---
2025-10-25 01:09:43,738 [INFO] --- Validation episode 45/126 ---
2025-10-25 01:09:43,760 [INFO] --- Validation episode 46/126 ---
2025-10-25 01:09:43,782 [INFO] --- Validation episode 47/126 ---
2025-10-25 01:09:43,805 [INFO] --- Validation episode 48/126 ---
2025-10-25 01:09:43,828 [INFO] --- Validation episode 49/126 ---
2025-10-25 01:09:43,849 [INFO] --- Validation episode 50/126 ---
2025-10-25 01:09:43,871 [INFO] --- Validation episode 51/126 ---
2025-10-25 01:09:43,904 [INFO] --- Validation episode 52/126 ---
2025-10-25 01:09:43,936 [INFO] --- Validation episode 53/126 ---
2025-10-25 01:09:43,966 [INFO] --- Validation episode 54/126 ---
2025-10-25 01:09:43,996 [INFO] --- Validation episode 55/126 ---
2025-10-25 01:09:44,027 [INFO] --- Validation episode 56/126 ---
2025-10-25 01:09:44,050 [INFO] --- Validation episode 57/126 ---
2025-10-25 01:09:44,073 [INFO] --- Validation episode 58/126 ---
2025-10-25 01:09:44,096 [INFO] --- Validation episode 59/126 ---
2025-10-25 01:09:44,117 [INFO] --- Validation episode 60/126 ---
2025-10-25 01:09:44,139 [INFO] --- Validation episode 61/126 ---
2025-10-25 01:09:44,161 [INFO] --- Validation episode 62/126 ---
2025-10-25 01:09:44,184 [INFO] --- Validation episode 63/126 ---
2025-10-25 01:09:44,206 [INFO] --- Validation episode 64/126 ---
2025-10-25 01:09:44,229 [INFO] --- Validation episode 65/126 ---
2025-10-25 01:09:44,251 [INFO] --- Validation episode 66/126 ---
2025-10-25 01:09:44,274 [INFO] --- Validation episode 67/126 ---
2025-10-25 01:09:44,298 [INFO] --- Validation episode 68/126 ---
2025-10-25 01:09:44,320 [INFO] --- Validation episode 69/126 ---
2025-10-25 01:09:44,342 [INFO] --- Validation episode 70/126 ---
2025-10-25 01:09:44,364 [INFO] --- Validation episode 71/126 ---
2025-10-25 01:09:44,386 [INFO] --- Validation episode 72/126 ---
2025-10-25 01:09:44,409 [INFO] --- Validation episode 73/126 ---
2025-10-25 01:09:44,434 [INFO] --- Validation episode 74/126 ---
2025-10-25 01:09:44,456 [INFO] --- Validation episode 75/126 ---
2025-10-25 01:09:44,478 [INFO] --- Validation episode 76/126 ---
2025-10-25 01:09:44,501 [INFO] --- Validation episode 77/126 ---
2025-10-25 01:09:44,524 [INFO] --- Validation episode 78/126 ---
2025-10-25 01:09:44,546 [INFO] --- Validation episode 79/126 ---
2025-10-25 01:09:44,568 [INFO] --- Validation episode 80/126 ---
2025-10-25 01:09:44,589 [INFO] --- Validation episode 81/126 ---
2025-10-25 01:09:44,611 [INFO] --- Validation episode 82/126 ---
2025-10-25 01:09:44,635 [INFO] --- Validation episode 83/126 ---
2025-10-25 01:09:44,657 [INFO] --- Validation episode 84/126 ---
2025-10-25 01:09:44,678 [INFO] --- Validation episode 85/126 ---
2025-10-25 01:09:44,700 [INFO] --- Validation episode 86/126 ---
2025-10-25 01:09:44,723 [INFO] --- Validation episode 87/126 ---
2025-10-25 01:09:44,747 [INFO] --- Validation episode 88/126 ---
2025-10-25 01:09:44,769 [INFO] --- Validation episode 89/126 ---
2025-10-25 01:09:44,790 [INFO] --- Validation episode 90/126 ---
2025-10-25 01:09:44,812 [INFO] --- Validation episode 91/126 ---
2025-10-25 01:09:44,834 [INFO] --- Validation episode 92/126 ---
2025-10-25 01:09:44,856 [INFO] --- Validation episode 93/126 ---
2025-10-25 01:09:44,877 [INFO] --- Validation episode 94/126 ---
2025-10-25 01:09:44,898 [INFO] --- Validation episode 95/126 ---
2025-10-25 01:09:44,920 [INFO] --- Validation episode 96/126 ---
2025-10-25 01:09:44,945 [INFO] --- Validation episode 97/126 ---
2025-10-25 01:09:44,969 [INFO] --- Validation episode 98/126 ---
2025-10-25 01:09:44,991 [INFO] --- Validation episode 99/126 ---
2025-10-25 01:09:45,012 [INFO] --- Validation episode 100/126 ---
2025-10-25 01:09:45,034 [INFO] --- Validation episode 101/126 ---
2025-10-25 01:09:45,057 [INFO] --- Validation episode 102/126 ---
2025-10-25 01:09:45,080 [INFO] --- Validation episode 103/126 ---
2025-10-25 01:09:45,101 [INFO] --- Validation episode 104/126 ---
2025-10-25 01:09:45,122 [INFO] --- Validation episode 105/126 ---
2025-10-25 01:09:45,144 [INFO] --- Validation episode 106/126 ---
2025-10-25 01:09:45,167 [INFO] --- Validation episode 107/126 ---
2025-10-25 01:09:45,190 [INFO] --- Validation episode 108/126 ---
2025-10-25 01:09:45,211 [INFO] --- Validation episode 109/126 ---
2025-10-25 01:09:45,232 [INFO] --- Validation episode 110/126 ---
2025-10-25 01:09:45,253 [INFO] --- Validation episode 111/126 ---
2025-10-25 01:09:45,275 [INFO] --- Validation episode 112/126 ---
2025-10-25 01:09:45,298 [INFO] --- Validation episode 113/126 ---
2025-10-25 01:09:45,321 [INFO] --- Validation episode 114/126 ---
2025-10-25 01:09:45,343 [INFO] --- Validation episode 115/126 ---
2025-10-25 01:09:45,365 [INFO] --- Validation episode 116/126 ---
2025-10-25 01:09:45,388 [INFO] --- Validation episode 117/126 ---
2025-10-25 01:09:45,410 [INFO] --- Validation episode 118/126 ---
2025-10-25 01:09:45,434 [INFO] --- Validation episode 119/126 ---
2025-10-25 01:09:45,456 [INFO] --- Validation episode 120/126 ---
2025-10-25 01:09:45,478 [INFO] --- Validation episode 121/126 ---
2025-10-25 01:09:45,501 [INFO] --- Validation episode 122/126 ---
2025-10-25 01:09:45,523 [INFO] --- Validation episode 123/126 ---
2025-10-25 01:09:45,547 [INFO] --- Validation episode 124/126 ---
2025-10-25 01:09:45,568 [INFO] --- Validation episode 125/126 ---
2025-10-25 01:09:45,590 [INFO] --- Validation episode 126/126 ---
2025-10-25 01:09:45,611 [INFO] --- Ep_34000 Validation Results: mean_reward=0.01524, Mean PnL: 154.18, Win rate: 60.32% ---
2025-10-25 01:09:45,611 [INFO] --- Finished Evaluation: Validation ---
2025-10-25 01:10:07,969 [INFO] --- Starting Evaluation: Validation, episodes=126 ---
2025-10-25 01:10:07,969 [INFO] --- Validation episode 1/126 ---
2025-10-25 01:10:07,993 [INFO] --- Validation episode 2/126 ---
2025-10-25 01:10:08,015 [INFO] --- Validation episode 3/126 ---
2025-10-25 01:10:08,039 [INFO] --- Validation episode 4/126 ---
2025-10-25 01:10:08,060 [INFO] --- Validation episode 5/126 ---
2025-10-25 01:10:08,082 [INFO] --- Validation episode 6/126 ---
2025-10-25 01:10:08,105 [INFO] --- Validation episode 7/126 ---
2025-10-25 01:10:08,128 [INFO] --- Validation episode 8/126 ---
2025-10-25 01:10:08,150 [INFO] --- Validation episode 9/126 ---
2025-10-25 01:10:08,172 [INFO] --- Validation episode 10/126 ---
2025-10-25 01:10:08,193 [INFO] --- Validation episode 11/126 ---
2025-10-25 01:10:08,215 [INFO] --- Validation episode 12/126 ---
2025-10-25 01:10:08,239 [INFO] --- Validation episode 13/126 ---
2025-10-25 01:10:08,261 [INFO] --- Validation episode 14/126 ---
2025-10-25 01:10:08,284 [INFO] --- Validation episode 15/126 ---
2025-10-25 01:10:08,305 [INFO] --- Validation episode 16/126 ---
2025-10-25 01:10:08,327 [INFO] --- Validation episode 17/126 ---
2025-10-25 01:10:08,351 [INFO] --- Validation episode 18/126 ---
2025-10-25 01:10:08,374 [INFO] --- Validation episode 19/126 ---
2025-10-25 01:10:08,396 [INFO] --- Validation episode 20/126 ---
2025-10-25 01:10:08,418 [INFO] --- Validation episode 21/126 ---
2025-10-25 01:10:08,441 [INFO] --- Validation episode 22/126 ---
2025-10-25 01:10:08,465 [INFO] --- Validation episode 23/126 ---
2025-10-25 01:10:08,488 [INFO] --- Validation episode 24/126 ---
2025-10-25 01:10:08,510 [INFO] --- Validation episode 25/126 ---
2025-10-25 01:10:08,532 [INFO] --- Validation episode 26/126 ---
2025-10-25 01:10:08,555 [INFO] --- Validation episode 27/126 ---
2025-10-25 01:10:08,578 [INFO] --- Validation episode 28/126 ---
2025-10-25 01:10:08,601 [INFO] --- Validation episode 29/126 ---
2025-10-25 01:10:08,624 [INFO] --- Validation episode 30/126 ---
2025-10-25 01:10:08,647 [INFO] --- Validation episode 31/126 ---
2025-10-25 01:10:08,670 [INFO] --- Validation episode 32/126 ---
2025-10-25 01:10:08,693 [INFO] --- Validation episode 33/126 ---
2025-10-25 01:10:08,716 [INFO] --- Validation episode 34/126 ---
2025-10-25 01:10:08,737 [INFO] --- Validation episode 35/126 ---
2025-10-25 01:10:08,759 [INFO] --- Validation episode 36/126 ---
2025-10-25 01:10:08,780 [INFO] --- Validation episode 37/126 ---
2025-10-25 01:10:08,805 [INFO] --- Validation episode 38/126 ---
2025-10-25 01:10:08,827 [INFO] --- Validation episode 39/126 ---
2025-10-25 01:10:08,848 [INFO] --- Validation episode 40/126 ---
2025-10-25 01:10:08,870 [INFO] --- Validation episode 41/126 ---
2025-10-25 01:10:08,893 [INFO] --- Validation episode 42/126 ---
2025-10-25 01:10:08,917 [INFO] --- Validation episode 43/126 ---
2025-10-25 01:10:08,940 [INFO] --- Validation episode 44/126 ---
2025-10-25 01:10:08,961 [INFO] --- Validation episode 45/126 ---
2025-10-25 01:10:08,983 [INFO] --- Validation episode 46/126 ---
2025-10-25 01:10:09,006 [INFO] --- Validation episode 47/126 ---
2025-10-25 01:10:09,028 [INFO] --- Validation episode 48/126 ---
2025-10-25 01:10:09,050 [INFO] --- Validation episode 49/126 ---
2025-10-25 01:10:09,072 [INFO] --- Validation episode 50/126 ---
2025-10-25 01:10:09,093 [INFO] --- Validation episode 51/126 ---
2025-10-25 01:10:09,115 [INFO] --- Validation episode 52/126 ---
2025-10-25 01:10:09,138 [INFO] --- Validation episode 53/126 ---
2025-10-25 01:10:09,161 [INFO] --- Validation episode 54/126 ---
2025-10-25 01:10:09,182 [INFO] --- Validation episode 55/126 ---
2025-10-25 01:10:09,204 [INFO] --- Validation episode 56/126 ---
2025-10-25 01:10:09,227 [INFO] --- Validation episode 57/126 ---
2025-10-25 01:10:09,250 [INFO] --- Validation episode 58/126 ---
2025-10-25 01:10:09,271 [INFO] --- Validation episode 59/126 ---
2025-10-25 01:10:09,292 [INFO] --- Validation episode 60/126 ---
2025-10-25 01:10:09,313 [INFO] --- Validation episode 61/126 ---
2025-10-25 01:10:09,340 [INFO] --- Validation episode 62/126 ---
2025-10-25 01:10:09,372 [INFO] --- Validation episode 63/126 ---
2025-10-25 01:10:09,403 [INFO] --- Validation episode 64/126 ---
2025-10-25 01:10:09,434 [INFO] --- Validation episode 65/126 ---
2025-10-25 01:10:09,466 [INFO] --- Validation episode 66/126 ---
2025-10-25 01:10:09,491 [INFO] --- Validation episode 67/126 ---
2025-10-25 01:10:09,520 [INFO] --- Validation episode 68/126 ---
2025-10-25 01:10:09,547 [INFO] --- Validation episode 69/126 ---
2025-10-25 01:10:09,573 [INFO] --- Validation episode 70/126 ---
2025-10-25 01:10:09,598 [INFO] --- Validation episode 71/126 ---
2025-10-25 01:10:09,621 [INFO] --- Validation episode 72/126 ---
2025-10-25 01:10:09,643 [INFO] --- Validation episode 73/126 ---
2025-10-25 01:10:09,666 [INFO] --- Validation episode 74/126 ---
2025-10-25 01:10:09,687 [INFO] --- Validation episode 75/126 ---
2025-10-25 01:10:09,708 [INFO] --- Validation episode 76/126 ---
2025-10-25 01:10:09,738 [INFO] --- Validation episode 77/126 ---
2025-10-25 01:10:09,771 [INFO] --- Validation episode 78/126 ---
2025-10-25 01:10:09,802 [INFO] --- Validation episode 79/126 ---
2025-10-25 01:10:09,832 [INFO] --- Validation episode 80/126 ---
2025-10-25 01:10:09,863 [INFO] --- Validation episode 81/126 ---
2025-10-25 01:10:09,891 [INFO] --- Validation episode 82/126 ---
2025-10-25 01:10:09,924 [INFO] --- Validation episode 83/126 ---
2025-10-25 01:10:09,955 [INFO] --- Validation episode 84/126 ---
2025-10-25 01:10:09,986 [INFO] --- Validation episode 85/126 ---
2025-10-25 01:10:10,014 [INFO] --- Validation episode 86/126 ---
2025-10-25 01:10:10,047 [INFO] --- Validation episode 87/126 ---
2025-10-25 01:10:10,078 [INFO] --- Validation episode 88/126 ---
2025-10-25 01:10:10,109 [INFO] --- Validation episode 89/126 ---
2025-10-25 01:10:10,132 [INFO] --- Validation episode 90/126 ---
2025-10-25 01:10:10,156 [INFO] --- Validation episode 91/126 ---
2025-10-25 01:10:10,178 [INFO] --- Validation episode 92/126 ---
2025-10-25 01:10:10,199 [INFO] --- Validation episode 93/126 ---
2025-10-25 01:10:10,220 [INFO] --- Validation episode 94/126 ---
2025-10-25 01:10:10,244 [INFO] --- Validation episode 95/126 ---
2025-10-25 01:10:10,267 [INFO] --- Validation episode 96/126 ---
2025-10-25 01:10:10,290 [INFO] --- Validation episode 97/126 ---
2025-10-25 01:10:10,311 [INFO] --- Validation episode 98/126 ---
2025-10-25 01:10:10,333 [INFO] --- Validation episode 99/126 ---
2025-10-25 01:10:10,356 [INFO] --- Validation episode 100/126 ---
2025-10-25 01:10:10,378 [INFO] --- Validation episode 101/126 ---
2025-10-25 01:10:10,401 [INFO] --- Validation episode 102/126 ---
2025-10-25 01:10:10,423 [INFO] --- Validation episode 103/126 ---
2025-10-25 01:10:10,444 [INFO] --- Validation episode 104/126 ---
2025-10-25 01:10:10,469 [INFO] --- Validation episode 105/126 ---
2025-10-25 01:10:10,492 [INFO] --- Validation episode 106/126 ---
2025-10-25 01:10:10,515 [INFO] --- Validation episode 107/126 ---
2025-10-25 01:10:10,537 [INFO] --- Validation episode 108/126 ---
2025-10-25 01:10:10,558 [INFO] --- Validation episode 109/126 ---
2025-10-25 01:10:10,589 [INFO] --- Validation episode 110/126 ---
2025-10-25 01:10:10,622 [INFO] --- Validation episode 111/126 ---
2025-10-25 01:10:10,652 [INFO] --- Validation episode 112/126 ---
2025-10-25 01:10:10,682 [INFO] --- Validation episode 113/126 ---
2025-10-25 01:10:10,713 [INFO] --- Validation episode 114/126 ---
2025-10-25 01:10:10,745 [INFO] --- Validation episode 115/126 ---
2025-10-25 01:10:10,777 [INFO] --- Validation episode 116/126 ---
2025-10-25 01:10:10,808 [INFO] --- Validation episode 117/126 ---
2025-10-25 01:10:10,839 [INFO] --- Validation episode 118/126 ---
2025-10-25 01:10:10,877 [INFO] --- Validation episode 119/126 ---
2025-10-25 01:10:10,910 [INFO] --- Validation episode 120/126 ---
2025-10-25 01:10:10,938 [INFO] --- Validation episode 121/126 ---
2025-10-25 01:10:10,964 [INFO] --- Validation episode 122/126 ---
2025-10-25 01:10:10,985 [INFO] --- Validation episode 123/126 ---
2025-10-25 01:10:11,009 [INFO] --- Validation episode 124/126 ---
2025-10-25 01:10:11,031 [INFO] --- Validation episode 125/126 ---
2025-10-25 01:10:11,052 [INFO] --- Validation episode 126/126 ---
2025-10-25 01:10:11,075 [INFO] --- Ep_35000 Validation Results: mean_reward=0.01399, Mean PnL: 142.62, Win rate: 58.40% ---
2025-10-25 01:10:11,075 [INFO] --- Finished Evaluation: Validation ---
2025-10-25 01:10:33,407 [INFO] --- Starting Evaluation: Validation, episodes=126 ---
2025-10-25 01:10:33,407 [INFO] --- Validation episode 1/126 ---
2025-10-25 01:10:33,431 [INFO] --- Validation episode 2/126 ---
2025-10-25 01:10:33,455 [INFO] --- Validation episode 3/126 ---
2025-10-25 01:10:33,478 [INFO] --- Validation episode 4/126 ---
2025-10-25 01:10:33,500 [INFO] --- Validation episode 5/126 ---
2025-10-25 01:10:33,521 [INFO] --- Validation episode 6/126 ---
2025-10-25 01:10:33,544 [INFO] --- Validation episode 7/126 ---
2025-10-25 01:10:33,566 [INFO] --- Validation episode 8/126 ---
2025-10-25 01:10:33,590 [INFO] --- Validation episode 9/126 ---
2025-10-25 01:10:33,611 [INFO] --- Validation episode 10/126 ---
2025-10-25 01:10:33,633 [INFO] --- Validation episode 11/126 ---
2025-10-25 01:10:33,655 [INFO] --- Validation episode 12/126 ---
2025-10-25 01:10:33,679 [INFO] --- Validation episode 13/126 ---
2025-10-25 01:10:33,703 [INFO] --- Validation episode 14/126 ---
2025-10-25 01:10:33,724 [INFO] --- Validation episode 15/126 ---
2025-10-25 01:10:33,746 [INFO] --- Validation episode 16/126 ---
2025-10-25 01:10:33,767 [INFO] --- Validation episode 17/126 ---
2025-10-25 01:10:33,791 [INFO] --- Validation episode 18/126 ---
2025-10-25 01:10:33,813 [INFO] --- Validation episode 19/126 ---
2025-10-25 01:10:33,834 [INFO] --- Validation episode 20/126 ---
2025-10-25 01:10:33,856 [INFO] --- Validation episode 21/126 ---
2025-10-25 01:10:33,879 [INFO] --- Validation episode 22/126 ---
2025-10-25 01:10:33,902 [INFO] --- Validation episode 23/126 ---
2025-10-25 01:10:33,925 [INFO] --- Validation episode 24/126 ---
2025-10-25 01:10:33,946 [INFO] --- Validation episode 25/126 ---
2025-10-25 01:10:33,968 [INFO] --- Validation episode 26/126 ---
2025-10-25 01:10:33,990 [INFO] --- Validation episode 27/126 ---
2025-10-25 01:10:34,013 [INFO] --- Validation episode 28/126 ---
2025-10-25 01:10:34,037 [INFO] --- Validation episode 29/126 ---
2025-10-25 01:10:34,059 [INFO] --- Validation episode 30/126 ---
2025-10-25 01:10:34,081 [INFO] --- Validation episode 31/126 ---
2025-10-25 01:10:34,106 [INFO] --- Validation episode 32/126 ---
2025-10-25 01:10:34,131 [INFO] --- Validation episode 33/126 ---
2025-10-25 01:10:34,155 [INFO] --- Validation episode 34/126 ---
2025-10-25 01:10:34,177 [INFO] --- Validation episode 35/126 ---
2025-10-25 01:10:34,199 [INFO] --- Validation episode 36/126 ---
2025-10-25 01:10:34,222 [INFO] --- Validation episode 37/126 ---
2025-10-25 01:10:34,245 [INFO] --- Validation episode 38/126 ---
2025-10-25 01:10:34,267 [INFO] --- Validation episode 39/126 ---
2025-10-25 01:10:34,288 [INFO] --- Validation episode 40/126 ---
2025-10-25 01:10:34,311 [INFO] --- Validation episode 41/126 ---
2025-10-25 01:10:34,334 [INFO] --- Validation episode 42/126 ---
2025-10-25 01:10:34,357 [INFO] --- Validation episode 43/126 ---
2025-10-25 01:10:34,379 [INFO] --- Validation episode 44/126 ---
2025-10-25 01:10:34,400 [INFO] --- Validation episode 45/126 ---
2025-10-25 01:10:34,422 [INFO] --- Validation episode 46/126 ---
2025-10-25 01:10:34,445 [INFO] --- Validation episode 47/126 ---
2025-10-25 01:10:34,469 [INFO] --- Validation episode 48/126 ---
2025-10-25 01:10:34,491 [INFO] --- Validation episode 49/126 ---
2025-10-25 01:10:34,513 [INFO] --- Validation episode 50/126 ---
2025-10-25 01:10:34,535 [INFO] --- Validation episode 51/126 ---
2025-10-25 01:10:34,558 [INFO] --- Validation episode 52/126 ---
2025-10-25 01:10:34,580 [INFO] --- Validation episode 53/126 ---
2025-10-25 01:10:34,605 [INFO] --- Validation episode 54/126 ---
2025-10-25 01:10:34,626 [INFO] --- Validation episode 55/126 ---
2025-10-25 01:10:34,648 [INFO] --- Validation episode 56/126 ---
2025-10-25 01:10:34,670 [INFO] --- Validation episode 57/126 ---
2025-10-25 01:10:34,693 [INFO] --- Validation episode 58/126 ---
2025-10-25 01:10:34,716 [INFO] --- Validation episode 59/126 ---
2025-10-25 01:10:34,739 [INFO] --- Validation episode 60/126 ---
2025-10-25 01:10:34,761 [INFO] --- Validation episode 61/126 ---
2025-10-25 01:10:34,782 [INFO] --- Validation episode 62/126 ---
2025-10-25 01:10:34,806 [INFO] --- Validation episode 63/126 ---
2025-10-25 01:10:34,828 [INFO] --- Validation episode 64/126 ---
2025-10-25 01:10:34,851 [INFO] --- Validation episode 65/126 ---
2025-10-25 01:10:34,873 [INFO] --- Validation episode 66/126 ---
2025-10-25 01:10:34,895 [INFO] --- Validation episode 67/126 ---
2025-10-25 01:10:34,919 [INFO] --- Validation episode 68/126 ---
2025-10-25 01:10:34,941 [INFO] --- Validation episode 69/126 ---
2025-10-25 01:10:34,962 [INFO] --- Validation episode 70/126 ---
2025-10-25 01:10:34,984 [INFO] --- Validation episode 71/126 ---
2025-10-25 01:10:35,007 [INFO] --- Validation episode 72/126 ---
2025-10-25 01:10:35,030 [INFO] --- Validation episode 73/126 ---
2025-10-25 01:10:35,053 [INFO] --- Validation episode 74/126 ---
2025-10-25 01:10:35,075 [INFO] --- Validation episode 75/126 ---
2025-10-25 01:10:35,096 [INFO] --- Validation episode 76/126 ---
2025-10-25 01:10:35,117 [INFO] --- Validation episode 77/126 ---
2025-10-25 01:10:35,142 [INFO] --- Validation episode 78/126 ---
2025-10-25 01:10:35,163 [INFO] --- Validation episode 79/126 ---
2025-10-25 01:10:35,184 [INFO] --- Validation episode 80/126 ---
2025-10-25 01:10:35,206 [INFO] --- Validation episode 81/126 ---
2025-10-25 01:10:35,229 [INFO] --- Validation episode 82/126 ---
2025-10-25 01:10:35,251 [INFO] --- Validation episode 83/126 ---
2025-10-25 01:10:35,275 [INFO] --- Validation episode 84/126 ---
2025-10-25 01:10:35,297 [INFO] --- Validation episode 85/126 ---
2025-10-25 01:10:35,318 [INFO] --- Validation episode 86/126 ---
2025-10-25 01:10:35,350 [INFO] --- Validation episode 87/126 ---
2025-10-25 01:10:35,382 [INFO] --- Validation episode 88/126 ---
2025-10-25 01:10:35,413 [INFO] --- Validation episode 89/126 ---
2025-10-25 01:10:35,443 [INFO] --- Validation episode 90/126 ---
2025-10-25 01:10:35,475 [INFO] --- Validation episode 91/126 ---
2025-10-25 01:10:35,497 [INFO] --- Validation episode 92/126 ---
2025-10-25 01:10:35,521 [INFO] --- Validation episode 93/126 ---
2025-10-25 01:10:35,544 [INFO] --- Validation episode 94/126 ---
2025-10-25 01:10:35,567 [INFO] --- Validation episode 95/126 ---
2025-10-25 01:10:35,590 [INFO] --- Validation episode 96/126 ---
2025-10-25 01:10:35,613 [INFO] --- Validation episode 97/126 ---
2025-10-25 01:10:35,635 [INFO] --- Validation episode 98/126 ---
2025-10-25 01:10:35,656 [INFO] --- Validation episode 99/126 ---
2025-10-25 01:10:35,677 [INFO] --- Validation episode 100/126 ---
2025-10-25 01:10:35,698 [INFO] --- Validation episode 101/126 ---
2025-10-25 01:10:35,729 [INFO] --- Validation episode 102/126 ---
2025-10-25 01:10:35,761 [INFO] --- Validation episode 103/126 ---
2025-10-25 01:10:35,792 [INFO] --- Validation episode 104/126 ---
2025-10-25 01:10:35,822 [INFO] --- Validation episode 105/126 ---
2025-10-25 01:10:35,853 [INFO] --- Validation episode 106/126 ---
2025-10-25 01:10:35,876 [INFO] --- Validation episode 107/126 ---
2025-10-25 01:10:35,898 [INFO] --- Validation episode 108/126 ---
2025-10-25 01:10:35,922 [INFO] --- Validation episode 109/126 ---
2025-10-25 01:10:35,943 [INFO] --- Validation episode 110/126 ---
2025-10-25 01:10:35,964 [INFO] --- Validation episode 111/126 ---
2025-10-25 01:10:35,996 [INFO] --- Validation episode 112/126 ---
2025-10-25 01:10:36,030 [INFO] --- Validation episode 113/126 ---
2025-10-25 01:10:36,061 [INFO] --- Validation episode 114/126 ---
2025-10-25 01:10:36,091 [INFO] --- Validation episode 115/126 ---
2025-10-25 01:10:36,121 [INFO] --- Validation episode 116/126 ---
2025-10-25 01:10:36,145 [INFO] --- Validation episode 117/126 ---
2025-10-25 01:10:36,167 [INFO] --- Validation episode 118/126 ---
2025-10-25 01:10:36,190 [INFO] --- Validation episode 119/126 ---
2025-10-25 01:10:36,211 [INFO] --- Validation episode 120/126 ---
2025-10-25 01:10:36,233 [INFO] --- Validation episode 121/126 ---
2025-10-25 01:10:36,265 [INFO] --- Validation episode 122/126 ---
2025-10-25 01:10:36,296 [INFO] --- Validation episode 123/126 ---
2025-10-25 01:10:36,328 [INFO] --- Validation episode 124/126 ---
2025-10-25 01:10:36,358 [INFO] --- Validation episode 125/126 ---
2025-10-25 01:10:36,390 [INFO] --- Validation episode 126/126 ---
2025-10-25 01:10:36,414 [INFO] --- Ep_36000 Validation Results: mean_reward=0.01653, Mean PnL: 167.07, Win rate: 57.39% ---
2025-10-25 01:10:36,414 [INFO] --- Finished Evaluation: Validation ---
2025-10-25 01:10:59,011 [INFO] --- Starting Evaluation: Validation, episodes=126 ---
2025-10-25 01:10:59,012 [INFO] --- Validation episode 1/126 ---
2025-10-25 01:10:59,034 [INFO] --- Validation episode 2/126 ---
2025-10-25 01:10:59,058 [INFO] --- Validation episode 3/126 ---
2025-10-25 01:10:59,082 [INFO] --- Validation episode 4/126 ---
2025-10-25 01:10:59,103 [INFO] --- Validation episode 5/126 ---
2025-10-25 01:10:59,125 [INFO] --- Validation episode 6/126 ---
2025-10-25 01:10:59,148 [INFO] --- Validation episode 7/126 ---
2025-10-25 01:10:59,170 [INFO] --- Validation episode 8/126 ---
2025-10-25 01:10:59,194 [INFO] --- Validation episode 9/126 ---
2025-10-25 01:10:59,215 [INFO] --- Validation episode 10/126 ---
2025-10-25 01:10:59,237 [INFO] --- Validation episode 11/126 ---
2025-10-25 01:10:59,260 [INFO] --- Validation episode 12/126 ---
2025-10-25 01:10:59,283 [INFO] --- Validation episode 13/126 ---
2025-10-25 01:10:59,306 [INFO] --- Validation episode 14/126 ---
2025-10-25 01:10:59,328 [INFO] --- Validation episode 15/126 ---
2025-10-25 01:10:59,350 [INFO] --- Validation episode 16/126 ---
2025-10-25 01:10:59,372 [INFO] --- Validation episode 17/126 ---
2025-10-25 01:10:59,397 [INFO] --- Validation episode 18/126 ---
2025-10-25 01:10:59,420 [INFO] --- Validation episode 19/126 ---
2025-10-25 01:10:59,442 [INFO] --- Validation episode 20/126 ---
2025-10-25 01:10:59,465 [INFO] --- Validation episode 21/126 ---
2025-10-25 01:10:59,488 [INFO] --- Validation episode 22/126 ---
2025-10-25 01:10:59,511 [INFO] --- Validation episode 23/126 ---
2025-10-25 01:10:59,533 [INFO] --- Validation episode 24/126 ---
2025-10-25 01:10:59,555 [INFO] --- Validation episode 25/126 ---
2025-10-25 01:10:59,577 [INFO] --- Validation episode 26/126 ---
2025-10-25 01:10:59,600 [INFO] --- Validation episode 27/126 ---
2025-10-25 01:10:59,623 [INFO] --- Validation episode 28/126 ---
2025-10-25 01:10:59,646 [INFO] --- Validation episode 29/126 ---
2025-10-25 01:10:59,668 [INFO] --- Validation episode 30/126 ---
2025-10-25 01:10:59,690 [INFO] --- Validation episode 31/126 ---
2025-10-25 01:10:59,713 [INFO] --- Validation episode 32/126 ---
2025-10-25 01:10:59,735 [INFO] --- Validation episode 33/126 ---
2025-10-25 01:10:59,758 [INFO] --- Validation episode 34/126 ---
2025-10-25 01:10:59,779 [INFO] --- Validation episode 35/126 ---
2025-10-25 01:10:59,801 [INFO] --- Validation episode 36/126 ---
2025-10-25 01:10:59,830 [INFO] --- Validation episode 37/126 ---
2025-10-25 01:10:59,852 [INFO] --- Validation episode 38/126 ---
2025-10-25 01:10:59,877 [INFO] --- Validation episode 39/126 ---
2025-10-25 01:10:59,899 [INFO] --- Validation episode 40/126 ---
2025-10-25 01:10:59,920 [INFO] --- Validation episode 41/126 ---
2025-10-25 01:10:59,942 [INFO] --- Validation episode 42/126 ---
2025-10-25 01:10:59,966 [INFO] --- Validation episode 43/126 ---
2025-10-25 01:10:59,996 [INFO] --- Validation episode 44/126 ---
2025-10-25 01:11:00,029 [INFO] --- Validation episode 45/126 ---
2025-10-25 01:11:00,052 [INFO] --- Validation episode 46/126 ---
2025-10-25 01:11:00,074 [INFO] --- Validation episode 47/126 ---
2025-10-25 01:11:00,097 [INFO] --- Validation episode 48/126 ---
2025-10-25 01:11:00,120 [INFO] --- Validation episode 49/126 ---
2025-10-25 01:11:00,143 [INFO] --- Validation episode 50/126 ---
2025-10-25 01:11:00,165 [INFO] --- Validation episode 51/126 ---
2025-10-25 01:11:00,188 [INFO] --- Validation episode 52/126 ---
2025-10-25 01:11:00,212 [INFO] --- Validation episode 53/126 ---
2025-10-25 01:11:00,235 [INFO] --- Validation episode 54/126 ---
2025-10-25 01:11:00,256 [INFO] --- Validation episode 55/126 ---
2025-10-25 01:11:00,278 [INFO] --- Validation episode 56/126 ---
2025-10-25 01:11:00,301 [INFO] --- Validation episode 57/126 ---
2025-10-25 01:11:00,323 [INFO] --- Validation episode 58/126 ---
2025-10-25 01:11:00,346 [INFO] --- Validation episode 59/126 ---
2025-10-25 01:11:00,367 [INFO] --- Validation episode 60/126 ---
2025-10-25 01:11:00,389 [INFO] --- Validation episode 61/126 ---
2025-10-25 01:11:00,412 [INFO] --- Validation episode 62/126 ---
2025-10-25 01:11:00,434 [INFO] --- Validation episode 63/126 ---
2025-10-25 01:11:00,456 [INFO] --- Validation episode 64/126 ---
2025-10-25 01:11:00,479 [INFO] --- Validation episode 65/126 ---
2025-10-25 01:11:00,501 [INFO] --- Validation episode 66/126 ---
2025-10-25 01:11:00,523 [INFO] --- Validation episode 67/126 ---
2025-10-25 01:11:00,547 [INFO] --- Validation episode 68/126 ---
2025-10-25 01:11:00,571 [INFO] --- Validation episode 69/126 ---
2025-10-25 01:11:00,593 [INFO] --- Validation episode 70/126 ---
2025-10-25 01:11:00,615 [INFO] --- Validation episode 71/126 ---
2025-10-25 01:11:00,638 [INFO] --- Validation episode 72/126 ---
2025-10-25 01:11:00,663 [INFO] --- Validation episode 73/126 ---
2025-10-25 01:11:00,685 [INFO] --- Validation episode 74/126 ---
2025-10-25 01:11:00,707 [INFO] --- Validation episode 75/126 ---
2025-10-25 01:11:00,728 [INFO] --- Validation episode 76/126 ---
2025-10-25 01:11:00,753 [INFO] --- Validation episode 77/126 ---
2025-10-25 01:11:00,777 [INFO] --- Validation episode 78/126 ---
2025-10-25 01:11:00,799 [INFO] --- Validation episode 79/126 ---
2025-10-25 01:11:00,820 [INFO] --- Validation episode 80/126 ---
2025-10-25 01:11:00,842 [INFO] --- Validation episode 81/126 ---
2025-10-25 01:11:00,865 [INFO] --- Validation episode 82/126 ---
2025-10-25 01:11:00,889 [INFO] --- Validation episode 83/126 ---
2025-10-25 01:11:00,913 [INFO] --- Validation episode 84/126 ---
2025-10-25 01:11:00,935 [INFO] --- Validation episode 85/126 ---
2025-10-25 01:11:00,957 [INFO] --- Validation episode 86/126 ---
2025-10-25 01:11:00,990 [INFO] --- Validation episode 87/126 ---
2025-10-25 01:11:01,022 [INFO] --- Validation episode 88/126 ---
2025-10-25 01:11:01,053 [INFO] --- Validation episode 89/126 ---
2025-10-25 01:11:01,083 [INFO] --- Validation episode 90/126 ---
2025-10-25 01:11:01,114 [INFO] --- Validation episode 91/126 ---
2025-10-25 01:11:01,145 [INFO] --- Validation episode 92/126 ---
2025-10-25 01:11:01,177 [INFO] --- Validation episode 93/126 ---
2025-10-25 01:11:01,209 [INFO] --- Validation episode 94/126 ---
2025-10-25 01:11:01,240 [INFO] --- Validation episode 95/126 ---
2025-10-25 01:11:01,270 [INFO] --- Validation episode 96/126 ---
2025-10-25 01:11:01,292 [INFO] --- Validation episode 97/126 ---
2025-10-25 01:11:01,316 [INFO] --- Validation episode 98/126 ---
2025-10-25 01:11:01,338 [INFO] --- Validation episode 99/126 ---
2025-10-25 01:11:01,359 [INFO] --- Validation episode 100/126 ---
2025-10-25 01:11:01,381 [INFO] --- Validation episode 101/126 ---
2025-10-25 01:11:01,415 [INFO] --- Validation episode 102/126 ---
2025-10-25 01:11:01,447 [INFO] --- Validation episode 103/126 ---
2025-10-25 01:11:01,479 [INFO] --- Validation episode 104/126 ---
2025-10-25 01:11:01,510 [INFO] --- Validation episode 105/126 ---
2025-10-25 01:11:01,532 [INFO] --- Validation episode 106/126 ---
2025-10-25 01:11:01,555 [INFO] --- Validation episode 107/126 ---
2025-10-25 01:11:01,578 [INFO] --- Validation episode 108/126 ---
2025-10-25 01:11:01,599 [INFO] --- Validation episode 109/126 ---
2025-10-25 01:11:01,621 [INFO] --- Validation episode 110/126 ---
2025-10-25 01:11:01,652 [INFO] --- Validation episode 111/126 ---
2025-10-25 01:11:01,684 [INFO] --- Validation episode 112/126 ---
2025-10-25 01:11:01,715 [INFO] --- Validation episode 113/126 ---
2025-10-25 01:11:01,746 [INFO] --- Validation episode 114/126 ---
2025-10-25 01:11:01,769 [INFO] --- Validation episode 115/126 ---
2025-10-25 01:11:01,791 [INFO] --- Validation episode 116/126 ---
2025-10-25 01:11:01,815 [INFO] --- Validation episode 117/126 ---
2025-10-25 01:11:01,836 [INFO] --- Validation episode 118/126 ---
2025-10-25 01:11:01,858 [INFO] --- Validation episode 119/126 ---
2025-10-25 01:11:01,881 [INFO] --- Validation episode 120/126 ---
2025-10-25 01:11:01,904 [INFO] --- Validation episode 121/126 ---
2025-10-25 01:11:01,927 [INFO] --- Validation episode 122/126 ---
2025-10-25 01:11:01,949 [INFO] --- Validation episode 123/126 ---
2025-10-25 01:11:01,970 [INFO] --- Validation episode 124/126 ---
2025-10-25 01:11:01,992 [INFO] --- Validation episode 125/126 ---
2025-10-25 01:11:02,016 [INFO] --- Validation episode 126/126 ---
2025-10-25 01:11:02,039 [INFO] --- Ep_37000 Validation Results: mean_reward=0.01592, Mean PnL: 161.78, Win rate: 59.39% ---
2025-10-25 01:11:02,039 [INFO] --- Finished Evaluation: Validation ---
2025-10-25 01:11:24,496 [INFO] --- Starting Evaluation: Validation, episodes=126 ---
2025-10-25 01:11:24,497 [INFO] --- Validation episode 1/126 ---
2025-10-25 01:11:24,519 [INFO] --- Validation episode 2/126 ---
2025-10-25 01:11:24,543 [INFO] --- Validation episode 3/126 ---
2025-10-25 01:11:24,566 [INFO] --- Validation episode 4/126 ---
2025-10-25 01:11:24,588 [INFO] --- Validation episode 5/126 ---
2025-10-25 01:11:24,610 [INFO] --- Validation episode 6/126 ---
2025-10-25 01:11:24,633 [INFO] --- Validation episode 7/126 ---
2025-10-25 01:11:24,656 [INFO] --- Validation episode 8/126 ---
2025-10-25 01:11:24,678 [INFO] --- Validation episode 9/126 ---
2025-10-25 01:11:24,699 [INFO] --- Validation episode 10/126 ---
2025-10-25 01:11:24,721 [INFO] --- Validation episode 11/126 ---
2025-10-25 01:11:24,742 [INFO] --- Validation episode 12/126 ---
2025-10-25 01:11:24,766 [INFO] --- Validation episode 13/126 ---
2025-10-25 01:11:24,789 [INFO] --- Validation episode 14/126 ---
2025-10-25 01:11:24,811 [INFO] --- Validation episode 15/126 ---
2025-10-25 01:11:24,833 [INFO] --- Validation episode 16/126 ---
2025-10-25 01:11:24,866 [INFO] --- Validation episode 17/126 ---
2025-10-25 01:11:24,899 [INFO] --- Validation episode 18/126 ---
2025-10-25 01:11:24,929 [INFO] --- Validation episode 19/126 ---
2025-10-25 01:11:24,960 [INFO] --- Validation episode 20/126 ---
2025-10-25 01:11:24,990 [INFO] --- Validation episode 21/126 ---
2025-10-25 01:11:25,017 [INFO] --- Validation episode 22/126 ---
2025-10-25 01:11:25,040 [INFO] --- Validation episode 23/126 ---
2025-10-25 01:11:25,064 [INFO] --- Validation episode 24/126 ---
2025-10-25 01:11:25,086 [INFO] --- Validation episode 25/126 ---
2025-10-25 01:11:25,108 [INFO] --- Validation episode 26/126 ---
2025-10-25 01:11:25,130 [INFO] --- Validation episode 27/126 ---
2025-10-25 01:11:25,154 [INFO] --- Validation episode 28/126 ---
2025-10-25 01:11:25,176 [INFO] --- Validation episode 29/126 ---
2025-10-25 01:11:25,198 [INFO] --- Validation episode 30/126 ---
2025-10-25 01:11:25,220 [INFO] --- Validation episode 31/126 ---
2025-10-25 01:11:25,241 [INFO] --- Validation episode 32/126 ---
2025-10-25 01:11:25,264 [INFO] --- Validation episode 33/126 ---
2025-10-25 01:11:25,286 [INFO] --- Validation episode 34/126 ---
2025-10-25 01:11:25,309 [INFO] --- Validation episode 35/126 ---
2025-10-25 01:11:25,330 [INFO] --- Validation episode 36/126 ---
2025-10-25 01:11:25,354 [INFO] --- Validation episode 37/126 ---
2025-10-25 01:11:25,377 [INFO] --- Validation episode 38/126 ---
2025-10-25 01:11:25,400 [INFO] --- Validation episode 39/126 ---
2025-10-25 01:11:25,422 [INFO] --- Validation episode 40/126 ---
2025-10-25 01:11:25,443 [INFO] --- Validation episode 41/126 ---
2025-10-25 01:11:25,465 [INFO] --- Validation episode 42/126 ---
2025-10-25 01:11:25,489 [INFO] --- Validation episode 43/126 ---
2025-10-25 01:11:25,512 [INFO] --- Validation episode 44/126 ---
2025-10-25 01:11:25,535 [INFO] --- Validation episode 45/126 ---
2025-10-25 01:11:25,557 [INFO] --- Validation episode 46/126 ---
2025-10-25 01:11:25,579 [INFO] --- Validation episode 47/126 ---
2025-10-25 01:11:25,602 [INFO] --- Validation episode 48/126 ---
2025-10-25 01:11:25,624 [INFO] --- Validation episode 49/126 ---
2025-10-25 01:11:25,647 [INFO] --- Validation episode 50/126 ---
2025-10-25 01:11:25,669 [INFO] --- Validation episode 51/126 ---
2025-10-25 01:11:25,690 [INFO] --- Validation episode 52/126 ---
2025-10-25 01:11:25,714 [INFO] --- Validation episode 53/126 ---
2025-10-25 01:11:25,737 [INFO] --- Validation episode 54/126 ---
2025-10-25 01:11:25,758 [INFO] --- Validation episode 55/126 ---
2025-10-25 01:11:25,780 [INFO] --- Validation episode 56/126 ---
2025-10-25 01:11:25,803 [INFO] --- Validation episode 57/126 ---
2025-10-25 01:11:25,826 [INFO] --- Validation episode 58/126 ---
2025-10-25 01:11:25,848 [INFO] --- Validation episode 59/126 ---
2025-10-25 01:11:25,870 [INFO] --- Validation episode 60/126 ---
2025-10-25 01:11:25,891 [INFO] --- Validation episode 61/126 ---
2025-10-25 01:11:25,914 [INFO] --- Validation episode 62/126 ---
2025-10-25 01:11:25,937 [INFO] --- Validation episode 63/126 ---
2025-10-25 01:11:25,961 [INFO] --- Validation episode 64/126 ---
2025-10-25 01:11:25,983 [INFO] --- Validation episode 65/126 ---
2025-10-25 01:11:26,005 [INFO] --- Validation episode 66/126 ---
2025-10-25 01:11:26,026 [INFO] --- Validation episode 67/126 ---
2025-10-25 01:11:26,050 [INFO] --- Validation episode 68/126 ---
2025-10-25 01:11:26,072 [INFO] --- Validation episode 69/126 ---
2025-10-25 01:11:26,096 [INFO] --- Validation episode 70/126 ---
2025-10-25 01:11:26,117 [INFO] --- Validation episode 71/126 ---
2025-10-25 01:11:26,151 [INFO] --- Validation episode 72/126 ---
2025-10-25 01:11:26,183 [INFO] --- Validation episode 73/126 ---
2025-10-25 01:11:26,213 [INFO] --- Validation episode 74/126 ---
2025-10-25 01:11:26,243 [INFO] --- Validation episode 75/126 ---
2025-10-25 01:11:26,274 [INFO] --- Validation episode 76/126 ---
2025-10-25 01:11:26,296 [INFO] --- Validation episode 77/126 ---
2025-10-25 01:11:26,318 [INFO] --- Validation episode 78/126 ---
2025-10-25 01:11:26,341 [INFO] --- Validation episode 79/126 ---
2025-10-25 01:11:26,364 [INFO] --- Validation episode 80/126 ---
2025-10-25 01:11:26,386 [INFO] --- Validation episode 81/126 ---
2025-10-25 01:11:26,409 [INFO] --- Validation episode 82/126 ---
2025-10-25 01:11:26,432 [INFO] --- Validation episode 83/126 ---
2025-10-25 01:11:26,455 [INFO] --- Validation episode 84/126 ---
2025-10-25 01:11:26,478 [INFO] --- Validation episode 85/126 ---
2025-10-25 01:11:26,501 [INFO] --- Validation episode 86/126 ---
2025-10-25 01:11:26,532 [INFO] --- Validation episode 87/126 ---
2025-10-25 01:11:26,555 [INFO] --- Validation episode 88/126 ---
2025-10-25 01:11:26,577 [INFO] --- Validation episode 89/126 ---
2025-10-25 01:11:26,599 [INFO] --- Validation episode 90/126 ---
2025-10-25 01:11:26,620 [INFO] --- Validation episode 91/126 ---
2025-10-25 01:11:26,643 [INFO] --- Validation episode 92/126 ---
2025-10-25 01:11:26,666 [INFO] --- Validation episode 93/126 ---
2025-10-25 01:11:26,690 [INFO] --- Validation episode 94/126 ---
2025-10-25 01:11:26,711 [INFO] --- Validation episode 95/126 ---
2025-10-25 01:11:26,733 [INFO] --- Validation episode 96/126 ---
2025-10-25 01:11:26,755 [INFO] --- Validation episode 97/126 ---
2025-10-25 01:11:26,778 [INFO] --- Validation episode 98/126 ---
2025-10-25 01:11:26,800 [INFO] --- Validation episode 99/126 ---
2025-10-25 01:11:26,822 [INFO] --- Validation episode 100/126 ---
2025-10-25 01:11:26,844 [INFO] --- Validation episode 101/126 ---
2025-10-25 01:11:26,875 [INFO] --- Validation episode 102/126 ---
2025-10-25 01:11:26,908 [INFO] --- Validation episode 103/126 ---
2025-10-25 01:11:26,939 [INFO] --- Validation episode 104/126 ---
2025-10-25 01:11:26,969 [INFO] --- Validation episode 105/126 ---
2025-10-25 01:11:27,000 [INFO] --- Validation episode 106/126 ---
2025-10-25 01:11:27,022 [INFO] --- Validation episode 107/126 ---
2025-10-25 01:11:27,045 [INFO] --- Validation episode 108/126 ---
2025-10-25 01:11:27,067 [INFO] --- Validation episode 109/126 ---
2025-10-25 01:11:27,089 [INFO] --- Validation episode 110/126 ---
2025-10-25 01:11:27,111 [INFO] --- Validation episode 111/126 ---
2025-10-25 01:11:27,133 [INFO] --- Validation episode 112/126 ---
2025-10-25 01:11:27,156 [INFO] --- Validation episode 113/126 ---
2025-10-25 01:11:27,179 [INFO] --- Validation episode 114/126 ---
2025-10-25 01:11:27,201 [INFO] --- Validation episode 115/126 ---
2025-10-25 01:11:27,223 [INFO] --- Validation episode 116/126 ---
2025-10-25 01:11:27,244 [INFO] --- Validation episode 117/126 ---
2025-10-25 01:11:27,269 [INFO] --- Validation episode 118/126 ---
2025-10-25 01:11:27,292 [INFO] --- Validation episode 119/126 ---
2025-10-25 01:11:27,314 [INFO] --- Validation episode 120/126 ---
2025-10-25 01:11:27,335 [INFO] --- Validation episode 121/126 ---
2025-10-25 01:11:27,369 [INFO] --- Validation episode 122/126 ---
2025-10-25 01:11:27,402 [INFO] --- Validation episode 123/126 ---
2025-10-25 01:11:27,432 [INFO] --- Validation episode 124/126 ---
2025-10-25 01:11:27,462 [INFO] --- Validation episode 125/126 ---
2025-10-25 01:11:27,494 [INFO] --- Validation episode 126/126 ---
2025-10-25 01:11:27,526 [INFO] --- Ep_38000 Validation Results: mean_reward=0.01370, Mean PnL: 145.78, Win rate: 64.88% ---
2025-10-25 01:11:27,526 [INFO] --- Finished Evaluation: Validation ---
2025-10-25 01:11:49,948 [INFO] --- Starting Evaluation: Validation, episodes=126 ---
2025-10-25 01:11:49,949 [INFO] --- Validation episode 1/126 ---
2025-10-25 01:11:49,971 [INFO] --- Validation episode 2/126 ---
2025-10-25 01:11:49,994 [INFO] --- Validation episode 3/126 ---
2025-10-25 01:11:50,018 [INFO] --- Validation episode 4/126 ---
2025-10-25 01:11:50,039 [INFO] --- Validation episode 5/126 ---
2025-10-25 01:11:50,061 [INFO] --- Validation episode 6/126 ---
2025-10-25 01:11:50,083 [INFO] --- Validation episode 7/126 ---
2025-10-25 01:11:50,107 [INFO] --- Validation episode 8/126 ---
2025-10-25 01:11:50,130 [INFO] --- Validation episode 9/126 ---
2025-10-25 01:11:50,152 [INFO] --- Validation episode 10/126 ---
2025-10-25 01:11:50,173 [INFO] --- Validation episode 11/126 ---
2025-10-25 01:11:50,203 [INFO] --- Validation episode 12/126 ---
2025-10-25 01:11:50,236 [INFO] --- Validation episode 13/126 ---
2025-10-25 01:11:50,265 [INFO] --- Validation episode 14/126 ---
2025-10-25 01:11:50,295 [INFO] --- Validation episode 15/126 ---
2025-10-25 01:11:50,326 [INFO] --- Validation episode 16/126 ---
2025-10-25 01:11:50,350 [INFO] --- Validation episode 17/126 ---
2025-10-25 01:11:50,383 [INFO] --- Validation episode 18/126 ---
2025-10-25 01:11:50,415 [INFO] --- Validation episode 19/126 ---
2025-10-25 01:11:50,445 [INFO] --- Validation episode 20/126 ---
2025-10-25 01:11:50,477 [INFO] --- Validation episode 21/126 ---
2025-10-25 01:11:50,510 [INFO] --- Validation episode 22/126 ---
2025-10-25 01:11:50,543 [INFO] --- Validation episode 23/126 ---
2025-10-25 01:11:50,574 [INFO] --- Validation episode 24/126 ---
2025-10-25 01:11:50,598 [INFO] --- Validation episode 25/126 ---
2025-10-25 01:11:50,620 [INFO] --- Validation episode 26/126 ---
2025-10-25 01:11:50,643 [INFO] --- Validation episode 27/126 ---
2025-10-25 01:11:50,664 [INFO] --- Validation episode 28/126 ---
2025-10-25 01:11:50,685 [INFO] --- Validation episode 29/126 ---
2025-10-25 01:11:50,714 [INFO] --- Validation episode 30/126 ---
2025-10-25 01:11:50,746 [INFO] --- Validation episode 31/126 ---
2025-10-25 01:11:50,778 [INFO] --- Validation episode 32/126 ---
2025-10-25 01:11:50,808 [INFO] --- Validation episode 33/126 ---
2025-10-25 01:11:50,831 [INFO] --- Validation episode 34/126 ---
2025-10-25 01:11:50,855 [INFO] --- Validation episode 35/126 ---
2025-10-25 01:11:50,878 [INFO] --- Validation episode 36/126 ---
2025-10-25 01:11:50,899 [INFO] --- Validation episode 37/126 ---
2025-10-25 01:11:50,921 [INFO] --- Validation episode 38/126 ---
2025-10-25 01:11:50,944 [INFO] --- Validation episode 39/126 ---
2025-10-25 01:11:50,967 [INFO] --- Validation episode 40/126 ---
2025-10-25 01:11:50,990 [INFO] --- Validation episode 41/126 ---
2025-10-25 01:11:51,011 [INFO] --- Validation episode 42/126 ---
2025-10-25 01:11:51,033 [INFO] --- Validation episode 43/126 ---
2025-10-25 01:11:51,064 [INFO] --- Validation episode 44/126 ---
2025-10-25 01:11:51,097 [INFO] --- Validation episode 45/126 ---
2025-10-25 01:11:51,127 [INFO] --- Validation episode 46/126 ---
2025-10-25 01:11:51,157 [INFO] --- Validation episode 47/126 ---
2025-10-25 01:11:51,187 [INFO] --- Validation episode 48/126 ---
2025-10-25 01:11:51,211 [INFO] --- Validation episode 49/126 ---
2025-10-25 01:11:51,236 [INFO] --- Validation episode 50/126 ---
2025-10-25 01:11:51,258 [INFO] --- Validation episode 51/126 ---
2025-10-25 01:11:51,279 [INFO] --- Validation episode 52/126 ---
2025-10-25 01:11:51,301 [INFO] --- Validation episode 53/126 ---
2025-10-25 01:11:51,333 [INFO] --- Validation episode 54/126 ---
2025-10-25 01:11:51,365 [INFO] --- Validation episode 55/126 ---
2025-10-25 01:11:51,395 [INFO] --- Validation episode 56/126 ---
2025-10-25 01:11:51,426 [INFO] --- Validation episode 57/126 ---
2025-10-25 01:11:51,448 [INFO] --- Validation episode 58/126 ---
2025-10-25 01:11:51,471 [INFO] --- Validation episode 59/126 ---
2025-10-25 01:11:51,494 [INFO] --- Validation episode 60/126 ---
2025-10-25 01:11:51,518 [INFO] --- Validation episode 61/126 ---
2025-10-25 01:11:51,541 [INFO] --- Validation episode 62/126 ---
2025-10-25 01:11:51,570 [INFO] --- Validation episode 63/126 ---
2025-10-25 01:11:51,604 [INFO] --- Validation episode 64/126 ---
2025-10-25 01:11:51,635 [INFO] --- Validation episode 65/126 ---
2025-10-25 01:11:51,666 [INFO] --- Validation episode 66/126 ---
2025-10-25 01:11:51,688 [INFO] --- Validation episode 67/126 ---
2025-10-25 01:11:51,710 [INFO] --- Validation episode 68/126 ---
2025-10-25 01:11:51,733 [INFO] --- Validation episode 69/126 ---
2025-10-25 01:11:51,755 [INFO] --- Validation episode 70/126 ---
2025-10-25 01:11:51,776 [INFO] --- Validation episode 71/126 ---
2025-10-25 01:11:51,806 [INFO] --- Validation episode 72/126 ---
2025-10-25 01:11:51,839 [INFO] --- Validation episode 73/126 ---
2025-10-25 01:11:51,871 [INFO] --- Validation episode 74/126 ---
2025-10-25 01:11:51,901 [INFO] --- Validation episode 75/126 ---
2025-10-25 01:11:51,925 [INFO] --- Validation episode 76/126 ---
2025-10-25 01:11:51,948 [INFO] --- Validation episode 77/126 ---
2025-10-25 01:11:51,971 [INFO] --- Validation episode 78/126 ---
2025-10-25 01:11:51,992 [INFO] --- Validation episode 79/126 ---
2025-10-25 01:11:52,013 [INFO] --- Validation episode 80/126 ---
2025-10-25 01:11:52,046 [INFO] --- Validation episode 81/126 ---
2025-10-25 01:11:52,078 [INFO] --- Validation episode 82/126 ---
2025-10-25 01:11:52,108 [INFO] --- Validation episode 83/126 ---
2025-10-25 01:11:52,138 [INFO] --- Validation episode 84/126 ---
2025-10-25 01:11:52,171 [INFO] --- Validation episode 85/126 ---
2025-10-25 01:11:52,203 [INFO] --- Validation episode 86/126 ---
2025-10-25 01:11:52,233 [INFO] --- Validation episode 87/126 ---
2025-10-25 01:11:52,263 [INFO] --- Validation episode 88/126 ---
2025-10-25 01:11:52,288 [INFO] --- Validation episode 89/126 ---
2025-10-25 01:11:52,323 [INFO] --- Validation episode 90/126 ---
2025-10-25 01:11:52,354 [INFO] --- Validation episode 91/126 ---
2025-10-25 01:11:52,384 [INFO] --- Validation episode 92/126 ---
2025-10-25 01:11:52,411 [INFO] --- Validation episode 93/126 ---
2025-10-25 01:11:52,445 [INFO] --- Validation episode 94/126 ---
2025-10-25 01:11:52,477 [INFO] --- Validation episode 95/126 ---
2025-10-25 01:11:52,509 [INFO] --- Validation episode 96/126 ---
2025-10-25 01:11:52,535 [INFO] --- Validation episode 97/126 ---
2025-10-25 01:11:52,557 [INFO] --- Validation episode 98/126 ---
2025-10-25 01:11:52,578 [INFO] --- Validation episode 99/126 ---
2025-10-25 01:11:52,600 [INFO] --- Validation episode 100/126 ---
2025-10-25 01:11:52,621 [INFO] --- Validation episode 101/126 ---
2025-10-25 01:11:52,645 [INFO] --- Validation episode 102/126 ---
2025-10-25 01:11:52,669 [INFO] --- Validation episode 103/126 ---
2025-10-25 01:11:52,690 [INFO] --- Validation episode 104/126 ---
2025-10-25 01:11:52,711 [INFO] --- Validation episode 105/126 ---
2025-10-25 01:11:52,732 [INFO] --- Validation episode 106/126 ---
2025-10-25 01:11:52,764 [INFO] --- Validation episode 107/126 ---
2025-10-25 01:11:52,798 [INFO] --- Validation episode 108/126 ---
2025-10-25 01:11:52,829 [INFO] --- Validation episode 109/126 ---
2025-10-25 01:11:52,860 [INFO] --- Validation episode 110/126 ---
2025-10-25 01:11:52,883 [INFO] --- Validation episode 111/126 ---
2025-10-25 01:11:52,905 [INFO] --- Validation episode 112/126 ---
2025-10-25 01:11:52,927 [INFO] --- Validation episode 113/126 ---
2025-10-25 01:11:52,948 [INFO] --- Validation episode 114/126 ---
2025-10-25 01:11:52,969 [INFO] --- Validation episode 115/126 ---
2025-10-25 01:11:52,996 [INFO] --- Validation episode 116/126 ---
2025-10-25 01:11:53,029 [INFO] --- Validation episode 117/126 ---
2025-10-25 01:11:53,061 [INFO] --- Validation episode 118/126 ---
2025-10-25 01:11:53,091 [INFO] --- Validation episode 119/126 ---
2025-10-25 01:11:53,121 [INFO] --- Validation episode 120/126 ---
2025-10-25 01:11:53,154 [INFO] --- Validation episode 121/126 ---
2025-10-25 01:11:53,184 [INFO] --- Validation episode 122/126 ---
2025-10-25 01:11:53,215 [INFO] --- Validation episode 123/126 ---
2025-10-25 01:11:53,241 [INFO] --- Validation episode 124/126 ---
2025-10-25 01:11:53,274 [INFO] --- Validation episode 125/126 ---
2025-10-25 01:11:53,304 [INFO] --- Validation episode 126/126 ---
2025-10-25 01:11:53,335 [INFO] --- Ep_39000 Validation Results: mean_reward=0.00619, Mean PnL: 62.99, Win rate: 61.57% ---
2025-10-25 01:11:53,335 [INFO] --- Finished Evaluation: Validation ---
2025-10-25 01:12:15,677 [INFO] --- Starting Evaluation: Validation, episodes=126 ---
2025-10-25 01:12:15,677 [INFO] --- Validation episode 1/126 ---
2025-10-25 01:12:15,700 [INFO] --- Validation episode 2/126 ---
2025-10-25 01:12:15,723 [INFO] --- Validation episode 3/126 ---
2025-10-25 01:12:15,746 [INFO] --- Validation episode 4/126 ---
2025-10-25 01:12:15,769 [INFO] --- Validation episode 5/126 ---
2025-10-25 01:12:15,790 [INFO] --- Validation episode 6/126 ---
2025-10-25 01:12:15,813 [INFO] --- Validation episode 7/126 ---
2025-10-25 01:12:15,836 [INFO] --- Validation episode 8/126 ---
2025-10-25 01:12:15,860 [INFO] --- Validation episode 9/126 ---
2025-10-25 01:12:15,881 [INFO] --- Validation episode 10/126 ---
2025-10-25 01:12:15,903 [INFO] --- Validation episode 11/126 ---
2025-10-25 01:12:15,926 [INFO] --- Validation episode 12/126 ---
2025-10-25 01:12:15,950 [INFO] --- Validation episode 13/126 ---
2025-10-25 01:12:15,972 [INFO] --- Validation episode 14/126 ---
2025-10-25 01:12:15,994 [INFO] --- Validation episode 15/126 ---
2025-10-25 01:12:16,015 [INFO] --- Validation episode 16/126 ---
2025-10-25 01:12:16,037 [INFO] --- Validation episode 17/126 ---
2025-10-25 01:12:16,060 [INFO] --- Validation episode 18/126 ---
2025-10-25 01:12:16,082 [INFO] --- Validation episode 19/126 ---
2025-10-25 01:12:16,104 [INFO] --- Validation episode 20/126 ---
2025-10-25 01:12:16,126 [INFO] --- Validation episode 21/126 ---
2025-10-25 01:12:16,159 [INFO] --- Validation episode 22/126 ---
2025-10-25 01:12:16,192 [INFO] --- Validation episode 23/126 ---
2025-10-25 01:12:16,222 [INFO] --- Validation episode 24/126 ---
2025-10-25 01:12:16,252 [INFO] --- Validation episode 25/126 ---
2025-10-25 01:12:16,283 [INFO] --- Validation episode 26/126 ---
2025-10-25 01:12:16,307 [INFO] --- Validation episode 27/126 ---
2025-10-25 01:12:16,330 [INFO] --- Validation episode 28/126 ---
2025-10-25 01:12:16,351 [INFO] --- Validation episode 29/126 ---
2025-10-25 01:12:16,373 [INFO] --- Validation episode 30/126 ---
2025-10-25 01:12:16,395 [INFO] --- Validation episode 31/126 ---
2025-10-25 01:12:16,426 [INFO] --- Validation episode 32/126 ---
2025-10-25 01:12:16,455 [INFO] --- Validation episode 33/126 ---
2025-10-25 01:12:16,481 [INFO] --- Validation episode 34/126 ---
2025-10-25 01:12:16,506 [INFO] --- Validation episode 35/126 ---
2025-10-25 01:12:16,532 [INFO] --- Validation episode 36/126 ---
2025-10-25 01:12:16,564 [INFO] --- Validation episode 37/126 ---
2025-10-25 01:12:16,598 [INFO] --- Validation episode 38/126 ---
2025-10-25 01:12:16,628 [INFO] --- Validation episode 39/126 ---
2025-10-25 01:12:16,659 [INFO] --- Validation episode 40/126 ---
2025-10-25 01:12:16,692 [INFO] --- Validation episode 41/126 ---
2025-10-25 01:12:16,726 [INFO] --- Validation episode 42/126 ---
2025-10-25 01:12:16,756 [INFO] --- Validation episode 43/126 ---
2025-10-25 01:12:16,786 [INFO] --- Validation episode 44/126 ---
2025-10-25 01:12:16,813 [INFO] --- Validation episode 45/126 ---
2025-10-25 01:12:16,846 [INFO] --- Validation episode 46/126 ---
2025-10-25 01:12:16,876 [INFO] --- Validation episode 47/126 ---
2025-10-25 01:12:16,906 [INFO] --- Validation episode 48/126 ---
2025-10-25 01:12:16,935 [INFO] --- Validation episode 49/126 ---
2025-10-25 01:12:16,968 [INFO] --- Validation episode 50/126 ---
2025-10-25 01:12:16,999 [INFO] --- Validation episode 51/126 ---
2025-10-25 01:12:17,029 [INFO] --- Validation episode 52/126 ---
2025-10-25 01:12:17,061 [INFO] --- Validation episode 53/126 ---
2025-10-25 01:12:17,095 [INFO] --- Validation episode 54/126 ---
2025-10-25 01:12:17,126 [INFO] --- Validation episode 55/126 ---
2025-10-25 01:12:17,157 [INFO] --- Validation episode 56/126 ---
2025-10-25 01:12:17,187 [INFO] --- Validation episode 57/126 ---
2025-10-25 01:12:17,218 [INFO] --- Validation episode 58/126 ---
2025-10-25 01:12:17,249 [INFO] --- Validation episode 59/126 ---
2025-10-25 01:12:17,280 [INFO] --- Validation episode 60/126 ---
2025-10-25 01:12:17,310 [INFO] --- Validation episode 61/126 ---
2025-10-25 01:12:17,343 [INFO] --- Validation episode 62/126 ---
2025-10-25 01:12:17,373 [INFO] --- Validation episode 63/126 ---
2025-10-25 01:12:17,403 [INFO] --- Validation episode 64/126 ---
2025-10-25 01:12:17,430 [INFO] --- Validation episode 65/126 ---
2025-10-25 01:12:17,462 [INFO] --- Validation episode 66/126 ---
2025-10-25 01:12:17,494 [INFO] --- Validation episode 67/126 ---
2025-10-25 01:12:17,524 [INFO] --- Validation episode 68/126 ---
2025-10-25 01:12:17,551 [INFO] --- Validation episode 69/126 ---
2025-10-25 01:12:17,575 [INFO] --- Validation episode 70/126 ---
2025-10-25 01:12:17,597 [INFO] --- Validation episode 71/126 ---
2025-10-25 01:12:17,618 [INFO] --- Validation episode 72/126 ---
2025-10-25 01:12:17,640 [INFO] --- Validation episode 73/126 ---
2025-10-25 01:12:17,662 [INFO] --- Validation episode 74/126 ---
2025-10-25 01:12:17,685 [INFO] --- Validation episode 75/126 ---
2025-10-25 01:12:17,709 [INFO] --- Validation episode 76/126 ---
2025-10-25 01:12:17,730 [INFO] --- Validation episode 77/126 ---
2025-10-25 01:12:17,751 [INFO] --- Validation episode 78/126 ---
2025-10-25 01:12:17,775 [INFO] --- Validation episode 79/126 ---
2025-10-25 01:12:17,797 [INFO] --- Validation episode 80/126 ---
2025-10-25 01:12:17,819 [INFO] --- Validation episode 81/126 ---
2025-10-25 01:12:17,841 [INFO] --- Validation episode 82/126 ---
2025-10-25 01:12:17,862 [INFO] --- Validation episode 83/126 ---
2025-10-25 01:12:17,883 [INFO] --- Validation episode 84/126 ---
2025-10-25 01:12:17,908 [INFO] --- Validation episode 85/126 ---
2025-10-25 01:12:17,930 [INFO] --- Validation episode 86/126 ---
2025-10-25 01:12:17,951 [INFO] --- Validation episode 87/126 ---
2025-10-25 01:12:17,972 [INFO] --- Validation episode 88/126 ---
2025-10-25 01:12:17,995 [INFO] --- Validation episode 89/126 ---
2025-10-25 01:12:18,017 [INFO] --- Validation episode 90/126 ---
2025-10-25 01:12:18,040 [INFO] --- Validation episode 91/126 ---
2025-10-25 01:12:18,061 [INFO] --- Validation episode 92/126 ---
2025-10-25 01:12:18,083 [INFO] --- Validation episode 93/126 ---
2025-10-25 01:12:18,115 [INFO] --- Validation episode 94/126 ---
2025-10-25 01:12:18,147 [INFO] --- Validation episode 95/126 ---
2025-10-25 01:12:18,177 [INFO] --- Validation episode 96/126 ---
2025-10-25 01:12:18,207 [INFO] --- Validation episode 97/126 ---
2025-10-25 01:12:18,238 [INFO] --- Validation episode 98/126 ---
2025-10-25 01:12:18,269 [INFO] --- Validation episode 99/126 ---
2025-10-25 01:12:18,301 [INFO] --- Validation episode 100/126 ---
2025-10-25 01:12:18,332 [INFO] --- Validation episode 101/126 ---
2025-10-25 01:12:18,362 [INFO] --- Validation episode 102/126 ---
2025-10-25 01:12:18,394 [INFO] --- Validation episode 103/126 ---
2025-10-25 01:12:18,426 [INFO] --- Validation episode 104/126 ---
2025-10-25 01:12:18,457 [INFO] --- Validation episode 105/126 ---
2025-10-25 01:12:18,487 [INFO] --- Validation episode 106/126 ---
2025-10-25 01:12:18,518 [INFO] --- Validation episode 107/126 ---
2025-10-25 01:12:18,548 [INFO] --- Validation episode 108/126 ---
2025-10-25 01:12:18,571 [INFO] --- Validation episode 109/126 ---
2025-10-25 01:12:18,593 [INFO] --- Validation episode 110/126 ---
2025-10-25 01:12:18,616 [INFO] --- Validation episode 111/126 ---
2025-10-25 01:12:18,639 [INFO] --- Validation episode 112/126 ---
2025-10-25 01:12:18,661 [INFO] --- Validation episode 113/126 ---
2025-10-25 01:12:18,681 [INFO] --- Validation episode 114/126 ---
2025-10-25 01:12:18,703 [INFO] --- Validation episode 115/126 ---
2025-10-25 01:12:18,728 [INFO] --- Validation episode 116/126 ---
2025-10-25 01:12:18,761 [INFO] --- Validation episode 117/126 ---
2025-10-25 01:12:18,793 [INFO] --- Validation episode 118/126 ---
2025-10-25 01:12:18,823 [INFO] --- Validation episode 119/126 ---
2025-10-25 01:12:18,854 [INFO] --- Validation episode 120/126 ---
2025-10-25 01:12:18,887 [INFO] --- Validation episode 121/126 ---
2025-10-25 01:12:18,918 [INFO] --- Validation episode 122/126 ---
2025-10-25 01:12:18,949 [INFO] --- Validation episode 123/126 ---
2025-10-25 01:12:18,972 [INFO] --- Validation episode 124/126 ---
2025-10-25 01:12:19,006 [INFO] --- Validation episode 125/126 ---
2025-10-25 01:12:19,036 [INFO] --- Validation episode 126/126 ---
2025-10-25 01:12:19,067 [INFO] --- Ep_40000 Validation Results: mean_reward=0.00752, Mean PnL: 75.55, Win rate: 57.34% ---
2025-10-25 01:12:19,067 [INFO] --- Finished Evaluation: Validation ---
2025-10-25 01:12:41,484 [INFO] --- Starting Evaluation: Validation, episodes=126 ---
2025-10-25 01:12:41,484 [INFO] --- Validation episode 1/126 ---
2025-10-25 01:12:41,509 [INFO] --- Validation episode 2/126 ---
2025-10-25 01:12:41,531 [INFO] --- Validation episode 3/126 ---
2025-10-25 01:12:41,554 [INFO] --- Validation episode 4/126 ---
2025-10-25 01:12:41,577 [INFO] --- Validation episode 5/126 ---
2025-10-25 01:12:41,599 [INFO] --- Validation episode 6/126 ---
2025-10-25 01:12:41,631 [INFO] --- Validation episode 7/126 ---
2025-10-25 01:12:41,663 [INFO] --- Validation episode 8/126 ---
2025-10-25 01:12:41,694 [INFO] --- Validation episode 9/126 ---
2025-10-25 01:12:41,724 [INFO] --- Validation episode 10/126 ---
2025-10-25 01:12:41,755 [INFO] --- Validation episode 11/126 ---
2025-10-25 01:12:41,777 [INFO] --- Validation episode 12/126 ---
2025-10-25 01:12:41,800 [INFO] --- Validation episode 13/126 ---
2025-10-25 01:12:41,823 [INFO] --- Validation episode 14/126 ---
2025-10-25 01:12:41,844 [INFO] --- Validation episode 15/126 ---
2025-10-25 01:12:41,866 [INFO] --- Validation episode 16/126 ---
2025-10-25 01:12:41,887 [INFO] --- Validation episode 17/126 ---
2025-10-25 01:12:41,913 [INFO] --- Validation episode 18/126 ---
2025-10-25 01:12:41,935 [INFO] --- Validation episode 19/126 ---
2025-10-25 01:12:41,956 [INFO] --- Validation episode 20/126 ---
2025-10-25 01:12:41,978 [INFO] --- Validation episode 21/126 ---
2025-10-25 01:12:42,001 [INFO] --- Validation episode 22/126 ---
2025-10-25 01:12:42,023 [INFO] --- Validation episode 23/126 ---
2025-10-25 01:12:42,044 [INFO] --- Validation episode 24/126 ---
2025-10-25 01:12:42,065 [INFO] --- Validation episode 25/126 ---
2025-10-25 01:12:42,086 [INFO] --- Validation episode 26/126 ---
2025-10-25 01:12:42,117 [INFO] --- Validation episode 27/126 ---
2025-10-25 01:12:42,150 [INFO] --- Validation episode 28/126 ---
2025-10-25 01:12:42,181 [INFO] --- Validation episode 29/126 ---
2025-10-25 01:12:42,211 [INFO] --- Validation episode 30/126 ---
2025-10-25 01:12:42,242 [INFO] --- Validation episode 31/126 ---
2025-10-25 01:12:42,265 [INFO] --- Validation episode 32/126 ---
2025-10-25 01:12:42,288 [INFO] --- Validation episode 33/126 ---
2025-10-25 01:12:42,311 [INFO] --- Validation episode 34/126 ---
2025-10-25 01:12:42,333 [INFO] --- Validation episode 35/126 ---
2025-10-25 01:12:42,355 [INFO] --- Validation episode 36/126 ---
2025-10-25 01:12:42,376 [INFO] --- Validation episode 37/126 ---
2025-10-25 01:12:42,401 [INFO] --- Validation episode 38/126 ---
2025-10-25 01:12:42,423 [INFO] --- Validation episode 39/126 ---
2025-10-25 01:12:42,444 [INFO] --- Validation episode 40/126 ---
2025-10-25 01:12:42,466 [INFO] --- Validation episode 41/126 ---
2025-10-25 01:12:42,488 [INFO] --- Validation episode 42/126 ---
2025-10-25 01:12:42,512 [INFO] --- Validation episode 43/126 ---
2025-10-25 01:12:42,535 [INFO] --- Validation episode 44/126 ---
2025-10-25 01:12:42,556 [INFO] --- Validation episode 45/126 ---
2025-10-25 01:12:42,579 [INFO] --- Validation episode 46/126 ---
2025-10-25 01:12:42,601 [INFO] --- Validation episode 47/126 ---
2025-10-25 01:12:42,625 [INFO] --- Validation episode 48/126 ---
2025-10-25 01:12:42,653 [INFO] --- Validation episode 49/126 ---
2025-10-25 01:12:42,683 [INFO] --- Validation episode 50/126 ---
2025-10-25 01:12:42,713 [INFO] --- Validation episode 51/126 ---
2025-10-25 01:12:42,737 [INFO] --- Validation episode 52/126 ---
2025-10-25 01:12:42,760 [INFO] --- Validation episode 53/126 ---
2025-10-25 01:12:42,783 [INFO] --- Validation episode 54/126 ---
2025-10-25 01:12:42,804 [INFO] --- Validation episode 55/126 ---
2025-10-25 01:12:42,826 [INFO] --- Validation episode 56/126 ---
2025-10-25 01:12:42,848 [INFO] --- Validation episode 57/126 ---
2025-10-25 01:12:42,870 [INFO] --- Validation episode 58/126 ---
2025-10-25 01:12:42,894 [INFO] --- Validation episode 59/126 ---
2025-10-25 01:12:42,915 [INFO] --- Validation episode 60/126 ---
2025-10-25 01:12:42,937 [INFO] --- Validation episode 61/126 ---
2025-10-25 01:12:42,959 [INFO] --- Validation episode 62/126 ---
2025-10-25 01:12:42,982 [INFO] --- Validation episode 63/126 ---
2025-10-25 01:12:43,005 [INFO] --- Validation episode 64/126 ---
2025-10-25 01:12:43,028 [INFO] --- Validation episode 65/126 ---
2025-10-25 01:12:43,049 [INFO] --- Validation episode 66/126 ---
2025-10-25 01:12:43,070 [INFO] --- Validation episode 67/126 ---
2025-10-25 01:12:43,094 [INFO] --- Validation episode 68/126 ---
2025-10-25 01:12:43,117 [INFO] --- Validation episode 69/126 ---
2025-10-25 01:12:43,139 [INFO] --- Validation episode 70/126 ---
2025-10-25 01:12:43,161 [INFO] --- Validation episode 71/126 ---
2025-10-25 01:12:43,185 [INFO] --- Validation episode 72/126 ---
2025-10-25 01:12:43,207 [INFO] --- Validation episode 73/126 ---
2025-10-25 01:12:43,230 [INFO] --- Validation episode 74/126 ---
2025-10-25 01:12:43,251 [INFO] --- Validation episode 75/126 ---
2025-10-25 01:12:43,272 [INFO] --- Validation episode 76/126 ---
2025-10-25 01:12:43,294 [INFO] --- Validation episode 77/126 ---
2025-10-25 01:12:43,317 [INFO] --- Validation episode 78/126 ---
2025-10-25 01:12:43,338 [INFO] --- Validation episode 79/126 ---
2025-10-25 01:12:43,359 [INFO] --- Validation episode 80/126 ---
2025-10-25 01:12:43,380 [INFO] --- Validation episode 81/126 ---
2025-10-25 01:12:43,404 [INFO] --- Validation episode 82/126 ---
2025-10-25 01:12:43,427 [INFO] --- Validation episode 83/126 ---
2025-10-25 01:12:43,450 [INFO] --- Validation episode 84/126 ---
2025-10-25 01:12:43,471 [INFO] --- Validation episode 85/126 ---
2025-10-25 01:12:43,492 [INFO] --- Validation episode 86/126 ---
2025-10-25 01:12:43,515 [INFO] --- Validation episode 87/126 ---
2025-10-25 01:12:43,539 [INFO] --- Validation episode 88/126 ---
2025-10-25 01:12:43,562 [INFO] --- Validation episode 89/126 ---
2025-10-25 01:12:43,584 [INFO] --- Validation episode 90/126 ---
2025-10-25 01:12:43,606 [INFO] --- Validation episode 91/126 ---
2025-10-25 01:12:43,636 [INFO] --- Validation episode 92/126 ---
2025-10-25 01:12:43,670 [INFO] --- Validation episode 93/126 ---
2025-10-25 01:12:43,701 [INFO] --- Validation episode 94/126 ---
2025-10-25 01:12:43,731 [INFO] --- Validation episode 95/126 ---
2025-10-25 01:12:43,762 [INFO] --- Validation episode 96/126 ---
2025-10-25 01:12:43,784 [INFO] --- Validation episode 97/126 ---
2025-10-25 01:12:43,806 [INFO] --- Validation episode 98/126 ---
2025-10-25 01:12:43,830 [INFO] --- Validation episode 99/126 ---
2025-10-25 01:12:43,851 [INFO] --- Validation episode 100/126 ---
2025-10-25 01:12:43,873 [INFO] --- Validation episode 101/126 ---
2025-10-25 01:12:43,905 [INFO] --- Validation episode 102/126 ---
2025-10-25 01:12:43,938 [INFO] --- Validation episode 103/126 ---
2025-10-25 01:12:43,969 [INFO] --- Validation episode 104/126 ---
2025-10-25 01:12:43,999 [INFO] --- Validation episode 105/126 ---
2025-10-25 01:12:44,030 [INFO] --- Validation episode 106/126 ---
2025-10-25 01:12:44,051 [INFO] --- Validation episode 107/126 ---
2025-10-25 01:12:44,075 [INFO] --- Validation episode 108/126 ---
2025-10-25 01:12:44,097 [INFO] --- Validation episode 109/126 ---
2025-10-25 01:12:44,119 [INFO] --- Validation episode 110/126 ---
2025-10-25 01:12:44,140 [INFO] --- Validation episode 111/126 ---
2025-10-25 01:12:44,162 [INFO] --- Validation episode 112/126 ---
2025-10-25 01:12:44,185 [INFO] --- Validation episode 113/126 ---
2025-10-25 01:12:44,208 [INFO] --- Validation episode 114/126 ---
2025-10-25 01:12:44,230 [INFO] --- Validation episode 115/126 ---
2025-10-25 01:12:44,252 [INFO] --- Validation episode 116/126 ---
2025-10-25 01:12:44,273 [INFO] --- Validation episode 117/126 ---
2025-10-25 01:12:44,296 [INFO] --- Validation episode 118/126 ---
2025-10-25 01:12:44,319 [INFO] --- Validation episode 119/126 ---
2025-10-25 01:12:44,340 [INFO] --- Validation episode 120/126 ---
2025-10-25 01:12:44,362 [INFO] --- Validation episode 121/126 ---
2025-10-25 01:12:44,385 [INFO] --- Validation episode 122/126 ---
2025-10-25 01:12:44,407 [INFO] --- Validation episode 123/126 ---
2025-10-25 01:12:44,431 [INFO] --- Validation episode 124/126 ---
2025-10-25 01:12:44,452 [INFO] --- Validation episode 125/126 ---
2025-10-25 01:12:44,474 [INFO] --- Validation episode 126/126 ---
2025-10-25 01:12:44,496 [INFO] --- Ep_41000 Validation Results: mean_reward=0.01473, Mean PnL: 147.85, Win rate: 59.13% ---
2025-10-25 01:12:44,496 [INFO] --- Finished Evaluation: Validation ---
2025-10-25 01:13:06,832 [INFO] --- Starting Evaluation: Validation, episodes=126 ---
2025-10-25 01:13:06,833 [INFO] --- Validation episode 1/126 ---
2025-10-25 01:13:06,855 [INFO] --- Validation episode 2/126 ---
2025-10-25 01:13:06,879 [INFO] --- Validation episode 3/126 ---
2025-10-25 01:13:06,901 [INFO] --- Validation episode 4/126 ---
2025-10-25 01:13:06,924 [INFO] --- Validation episode 5/126 ---
2025-10-25 01:13:06,946 [INFO] --- Validation episode 6/126 ---
2025-10-25 01:13:06,969 [INFO] --- Validation episode 7/126 ---
2025-10-25 01:13:06,991 [INFO] --- Validation episode 8/126 ---
2025-10-25 01:13:07,012 [INFO] --- Validation episode 9/126 ---
2025-10-25 01:13:07,034 [INFO] --- Validation episode 10/126 ---
2025-10-25 01:13:07,055 [INFO] --- Validation episode 11/126 ---
2025-10-25 01:13:07,077 [INFO] --- Validation episode 12/126 ---
2025-10-25 01:13:07,100 [INFO] --- Validation episode 13/126 ---
2025-10-25 01:13:07,123 [INFO] --- Validation episode 14/126 ---
2025-10-25 01:13:07,146 [INFO] --- Validation episode 15/126 ---
2025-10-25 01:13:07,168 [INFO] --- Validation episode 16/126 ---
2025-10-25 01:13:07,191 [INFO] --- Validation episode 17/126 ---
2025-10-25 01:13:07,216 [INFO] --- Validation episode 18/126 ---
2025-10-25 01:13:07,239 [INFO] --- Validation episode 19/126 ---
2025-10-25 01:13:07,260 [INFO] --- Validation episode 20/126 ---
2025-10-25 01:13:07,282 [INFO] --- Validation episode 21/126 ---
2025-10-25 01:13:07,305 [INFO] --- Validation episode 22/126 ---
2025-10-25 01:13:07,328 [INFO] --- Validation episode 23/126 ---
2025-10-25 01:13:07,351 [INFO] --- Validation episode 24/126 ---
2025-10-25 01:13:07,373 [INFO] --- Validation episode 25/126 ---
2025-10-25 01:13:07,394 [INFO] --- Validation episode 26/126 ---
2025-10-25 01:13:07,417 [INFO] --- Validation episode 27/126 ---
2025-10-25 01:13:07,439 [INFO] --- Validation episode 28/126 ---
2025-10-25 01:13:07,461 [INFO] --- Validation episode 29/126 ---
2025-10-25 01:13:07,483 [INFO] --- Validation episode 30/126 ---
2025-10-25 01:13:07,504 [INFO] --- Validation episode 31/126 ---
2025-10-25 01:13:07,528 [INFO] --- Validation episode 32/126 ---
2025-10-25 01:13:07,551 [INFO] --- Validation episode 33/126 ---
2025-10-25 01:13:07,572 [INFO] --- Validation episode 34/126 ---
2025-10-25 01:13:07,594 [INFO] --- Validation episode 35/126 ---
2025-10-25 01:13:07,616 [INFO] --- Validation episode 36/126 ---
2025-10-25 01:13:07,648 [INFO] --- Validation episode 37/126 ---
2025-10-25 01:13:07,680 [INFO] --- Validation episode 38/126 ---
2025-10-25 01:13:07,711 [INFO] --- Validation episode 39/126 ---
2025-10-25 01:13:07,741 [INFO] --- Validation episode 40/126 ---
2025-10-25 01:13:07,772 [INFO] --- Validation episode 41/126 ---
2025-10-25 01:13:07,794 [INFO] --- Validation episode 42/126 ---
2025-10-25 01:13:07,818 [INFO] --- Validation episode 43/126 ---
2025-10-25 01:13:07,840 [INFO] --- Validation episode 44/126 ---
2025-10-25 01:13:07,863 [INFO] --- Validation episode 45/126 ---
2025-10-25 01:13:07,885 [INFO] --- Validation episode 46/126 ---
2025-10-25 01:13:07,908 [INFO] --- Validation episode 47/126 ---
2025-10-25 01:13:07,933 [INFO] --- Validation episode 48/126 ---
2025-10-25 01:13:07,955 [INFO] --- Validation episode 49/126 ---
2025-10-25 01:13:07,976 [INFO] --- Validation episode 50/126 ---
2025-10-25 01:13:07,998 [INFO] --- Validation episode 51/126 ---
2025-10-25 01:13:08,021 [INFO] --- Validation episode 52/126 ---
2025-10-25 01:13:08,044 [INFO] --- Validation episode 53/126 ---
2025-10-25 01:13:08,067 [INFO] --- Validation episode 54/126 ---
2025-10-25 01:13:08,089 [INFO] --- Validation episode 55/126 ---
2025-10-25 01:13:08,110 [INFO] --- Validation episode 56/126 ---
2025-10-25 01:13:08,132 [INFO] --- Validation episode 57/126 ---
2025-10-25 01:13:08,156 [INFO] --- Validation episode 58/126 ---
2025-10-25 01:13:08,178 [INFO] --- Validation episode 59/126 ---
2025-10-25 01:13:08,200 [INFO] --- Validation episode 60/126 ---
2025-10-25 01:13:08,221 [INFO] --- Validation episode 61/126 ---
2025-10-25 01:13:08,245 [INFO] --- Validation episode 62/126 ---
2025-10-25 01:13:08,268 [INFO] --- Validation episode 63/126 ---
2025-10-25 01:13:08,290 [INFO] --- Validation episode 64/126 ---
2025-10-25 01:13:08,312 [INFO] --- Validation episode 65/126 ---
2025-10-25 01:13:08,333 [INFO] --- Validation episode 66/126 ---
2025-10-25 01:13:08,356 [INFO] --- Validation episode 67/126 ---
2025-10-25 01:13:08,379 [INFO] --- Validation episode 68/126 ---
2025-10-25 01:13:08,401 [INFO] --- Validation episode 69/126 ---
2025-10-25 01:13:08,422 [INFO] --- Validation episode 70/126 ---
2025-10-25 01:13:08,444 [INFO] --- Validation episode 71/126 ---
2025-10-25 01:13:08,466 [INFO] --- Validation episode 72/126 ---
2025-10-25 01:13:08,489 [INFO] --- Validation episode 73/126 ---
2025-10-25 01:13:08,512 [INFO] --- Validation episode 74/126 ---
2025-10-25 01:13:08,535 [INFO] --- Validation episode 75/126 ---
2025-10-25 01:13:08,557 [INFO] --- Validation episode 76/126 ---
2025-10-25 01:13:08,579 [INFO] --- Validation episode 77/126 ---
2025-10-25 01:13:08,604 [INFO] --- Validation episode 78/126 ---
2025-10-25 01:13:08,626 [INFO] --- Validation episode 79/126 ---
2025-10-25 01:13:08,648 [INFO] --- Validation episode 80/126 ---
2025-10-25 01:13:08,670 [INFO] --- Validation episode 81/126 ---
2025-10-25 01:13:08,692 [INFO] --- Validation episode 82/126 ---
2025-10-25 01:13:08,715 [INFO] --- Validation episode 83/126 ---
2025-10-25 01:13:08,740 [INFO] --- Validation episode 84/126 ---
2025-10-25 01:13:08,763 [INFO] --- Validation episode 85/126 ---
2025-10-25 01:13:08,785 [INFO] --- Validation episode 86/126 ---
2025-10-25 01:13:08,809 [INFO] --- Validation episode 87/126 ---
2025-10-25 01:13:08,831 [INFO] --- Validation episode 88/126 ---
2025-10-25 01:13:08,855 [INFO] --- Validation episode 89/126 ---
2025-10-25 01:13:08,876 [INFO] --- Validation episode 90/126 ---
2025-10-25 01:13:08,898 [INFO] --- Validation episode 91/126 ---
2025-10-25 01:13:08,921 [INFO] --- Validation episode 92/126 ---
2025-10-25 01:13:08,943 [INFO] --- Validation episode 93/126 ---
2025-10-25 01:13:08,965 [INFO] --- Validation episode 94/126 ---
2025-10-25 01:13:08,987 [INFO] --- Validation episode 95/126 ---
2025-10-25 01:13:09,009 [INFO] --- Validation episode 96/126 ---
2025-10-25 01:13:09,030 [INFO] --- Validation episode 97/126 ---
2025-10-25 01:13:09,053 [INFO] --- Validation episode 98/126 ---
2025-10-25 01:13:09,075 [INFO] --- Validation episode 99/126 ---
2025-10-25 01:13:09,098 [INFO] --- Validation episode 100/126 ---
2025-10-25 01:13:09,120 [INFO] --- Validation episode 101/126 ---
2025-10-25 01:13:09,141 [INFO] --- Validation episode 102/126 ---
2025-10-25 01:13:09,164 [INFO] --- Validation episode 103/126 ---
2025-10-25 01:13:09,187 [INFO] --- Validation episode 104/126 ---
2025-10-25 01:13:09,210 [INFO] --- Validation episode 105/126 ---
2025-10-25 01:13:09,232 [INFO] --- Validation episode 106/126 ---
2025-10-25 01:13:09,255 [INFO] --- Validation episode 107/126 ---
2025-10-25 01:13:09,277 [INFO] --- Validation episode 108/126 ---
2025-10-25 01:13:09,299 [INFO] --- Validation episode 109/126 ---
2025-10-25 01:13:09,321 [INFO] --- Validation episode 110/126 ---
2025-10-25 01:13:09,342 [INFO] --- Validation episode 111/126 ---
2025-10-25 01:13:09,365 [INFO] --- Validation episode 112/126 ---
2025-10-25 01:13:09,389 [INFO] --- Validation episode 113/126 ---
2025-10-25 01:13:09,412 [INFO] --- Validation episode 114/126 ---
2025-10-25 01:13:09,435 [INFO] --- Validation episode 115/126 ---
2025-10-25 01:13:09,456 [INFO] --- Validation episode 116/126 ---
2025-10-25 01:13:09,478 [INFO] --- Validation episode 117/126 ---
2025-10-25 01:13:09,502 [INFO] --- Validation episode 118/126 ---
2025-10-25 01:13:09,524 [INFO] --- Validation episode 119/126 ---
2025-10-25 01:13:09,545 [INFO] --- Validation episode 120/126 ---
2025-10-25 01:13:09,567 [INFO] --- Validation episode 121/126 ---
2025-10-25 01:13:09,594 [INFO] --- Validation episode 122/126 ---
2025-10-25 01:13:09,618 [INFO] --- Validation episode 123/126 ---
2025-10-25 01:13:09,639 [INFO] --- Validation episode 124/126 ---
2025-10-25 01:13:09,660 [INFO] --- Validation episode 125/126 ---
2025-10-25 01:13:09,681 [INFO] --- Validation episode 126/126 ---
2025-10-25 01:13:09,704 [INFO] --- Ep_42000 Validation Results: mean_reward=0.00260, Mean PnL: 27.56, Win rate: 57.34% ---
2025-10-25 01:13:09,704 [INFO] --- Finished Evaluation: Validation ---
2025-10-25 01:13:32,107 [INFO] --- Starting Evaluation: Validation, episodes=126 ---
2025-10-25 01:13:32,108 [INFO] --- Validation episode 1/126 ---
2025-10-25 01:13:32,131 [INFO] --- Validation episode 2/126 ---
2025-10-25 01:13:32,155 [INFO] --- Validation episode 3/126 ---
2025-10-25 01:13:32,178 [INFO] --- Validation episode 4/126 ---
2025-10-25 01:13:32,201 [INFO] --- Validation episode 5/126 ---
2025-10-25 01:13:32,222 [INFO] --- Validation episode 6/126 ---
2025-10-25 01:13:32,244 [INFO] --- Validation episode 7/126 ---
2025-10-25 01:13:32,269 [INFO] --- Validation episode 8/126 ---
2025-10-25 01:13:32,291 [INFO] --- Validation episode 9/126 ---
2025-10-25 01:13:32,312 [INFO] --- Validation episode 10/126 ---
2025-10-25 01:13:32,334 [INFO] --- Validation episode 11/126 ---
2025-10-25 01:13:32,357 [INFO] --- Validation episode 12/126 ---
2025-10-25 01:13:32,379 [INFO] --- Validation episode 13/126 ---
2025-10-25 01:13:32,404 [INFO] --- Validation episode 14/126 ---
2025-10-25 01:13:32,425 [INFO] --- Validation episode 15/126 ---
2025-10-25 01:13:32,447 [INFO] --- Validation episode 16/126 ---
2025-10-25 01:13:32,469 [INFO] --- Validation episode 17/126 ---
2025-10-25 01:13:32,493 [INFO] --- Validation episode 18/126 ---
2025-10-25 01:13:32,515 [INFO] --- Validation episode 19/126 ---
2025-10-25 01:13:32,537 [INFO] --- Validation episode 20/126 ---
2025-10-25 01:13:32,559 [INFO] --- Validation episode 21/126 ---
2025-10-25 01:13:32,582 [INFO] --- Validation episode 22/126 ---
2025-10-25 01:13:32,606 [INFO] --- Validation episode 23/126 ---
2025-10-25 01:13:32,629 [INFO] --- Validation episode 24/126 ---
2025-10-25 01:13:32,651 [INFO] --- Validation episode 25/126 ---
2025-10-25 01:13:32,673 [INFO] --- Validation episode 26/126 ---
2025-10-25 01:13:32,705 [INFO] --- Validation episode 27/126 ---
2025-10-25 01:13:32,737 [INFO] --- Validation episode 28/126 ---
2025-10-25 01:13:32,767 [INFO] --- Validation episode 29/126 ---
2025-10-25 01:13:32,797 [INFO] --- Validation episode 30/126 ---
2025-10-25 01:13:32,828 [INFO] --- Validation episode 31/126 ---
2025-10-25 01:13:32,859 [INFO] --- Validation episode 32/126 ---
2025-10-25 01:13:32,891 [INFO] --- Validation episode 33/126 ---
2025-10-25 01:13:32,922 [INFO] --- Validation episode 34/126 ---
2025-10-25 01:13:32,952 [INFO] --- Validation episode 35/126 ---
2025-10-25 01:13:32,983 [INFO] --- Validation episode 36/126 ---
2025-10-25 01:13:33,009 [INFO] --- Validation episode 37/126 ---
2025-10-25 01:13:33,042 [INFO] --- Validation episode 38/126 ---
2025-10-25 01:13:33,074 [INFO] --- Validation episode 39/126 ---
2025-10-25 01:13:33,104 [INFO] --- Validation episode 40/126 ---
2025-10-25 01:13:33,135 [INFO] --- Validation episode 41/126 ---
2025-10-25 01:13:33,167 [INFO] --- Validation episode 42/126 ---
2025-10-25 01:13:33,197 [INFO] --- Validation episode 43/126 ---
2025-10-25 01:13:33,227 [INFO] --- Validation episode 44/126 ---
2025-10-25 01:13:33,251 [INFO] --- Validation episode 45/126 ---
2025-10-25 01:13:33,285 [INFO] --- Validation episode 46/126 ---
2025-10-25 01:13:33,316 [INFO] --- Validation episode 47/126 ---
2025-10-25 01:13:33,347 [INFO] --- Validation episode 48/126 ---
2025-10-25 01:13:33,369 [INFO] --- Validation episode 49/126 ---
2025-10-25 01:13:33,392 [INFO] --- Validation episode 50/126 ---
2025-10-25 01:13:33,416 [INFO] --- Validation episode 51/126 ---
2025-10-25 01:13:33,438 [INFO] --- Validation episode 52/126 ---
2025-10-25 01:13:33,459 [INFO] --- Validation episode 53/126 ---
2025-10-25 01:13:33,491 [INFO] --- Validation episode 54/126 ---
2025-10-25 01:13:33,524 [INFO] --- Validation episode 55/126 ---
2025-10-25 01:13:33,554 [INFO] --- Validation episode 56/126 ---
2025-10-25 01:13:33,575 [INFO] --- Validation episode 57/126 ---
2025-10-25 01:13:33,607 [INFO] --- Validation episode 58/126 ---
2025-10-25 01:13:33,641 [INFO] --- Validation episode 59/126 ---
2025-10-25 01:13:33,672 [INFO] --- Validation episode 60/126 ---
2025-10-25 01:13:33,702 [INFO] --- Validation episode 61/126 ---
2025-10-25 01:13:33,732 [INFO] --- Validation episode 62/126 ---
2025-10-25 01:13:33,764 [INFO] --- Validation episode 63/126 ---
2025-10-25 01:13:33,795 [INFO] --- Validation episode 64/126 ---
2025-10-25 01:13:33,825 [INFO] --- Validation episode 65/126 ---
2025-10-25 01:13:33,848 [INFO] --- Validation episode 66/126 ---
2025-10-25 01:13:33,872 [INFO] --- Validation episode 67/126 ---
2025-10-25 01:13:33,894 [INFO] --- Validation episode 68/126 ---
2025-10-25 01:13:33,915 [INFO] --- Validation episode 69/126 ---
2025-10-25 01:13:33,936 [INFO] --- Validation episode 70/126 ---
2025-10-25 01:13:33,969 [INFO] --- Validation episode 71/126 ---
2025-10-25 01:13:34,001 [INFO] --- Validation episode 72/126 ---
2025-10-25 01:13:34,031 [INFO] --- Validation episode 73/126 ---
2025-10-25 01:13:34,062 [INFO] --- Validation episode 74/126 ---
2025-10-25 01:13:34,086 [INFO] --- Validation episode 75/126 ---
2025-10-25 01:13:34,121 [INFO] --- Validation episode 76/126 ---
2025-10-25 01:13:34,152 [INFO] --- Validation episode 77/126 ---
2025-10-25 01:13:34,182 [INFO] --- Validation episode 78/126 ---
2025-10-25 01:13:34,210 [INFO] --- Validation episode 79/126 ---
2025-10-25 01:13:34,243 [INFO] --- Validation episode 80/126 ---
2025-10-25 01:13:34,274 [INFO] --- Validation episode 81/126 ---
2025-10-25 01:13:34,304 [INFO] --- Validation episode 82/126 ---
2025-10-25 01:13:34,328 [INFO] --- Validation episode 83/126 ---
2025-10-25 01:13:34,353 [INFO] --- Validation episode 84/126 ---
2025-10-25 01:13:34,376 [INFO] --- Validation episode 85/126 ---
2025-10-25 01:13:34,397 [INFO] --- Validation episode 86/126 ---
2025-10-25 01:13:34,420 [INFO] --- Validation episode 87/126 ---
2025-10-25 01:13:34,447 [INFO] --- Validation episode 88/126 ---
2025-10-25 01:13:34,469 [INFO] --- Validation episode 89/126 ---
2025-10-25 01:13:34,491 [INFO] --- Validation episode 90/126 ---
2025-10-25 01:13:34,512 [INFO] --- Validation episode 91/126 ---
2025-10-25 01:13:34,534 [INFO] --- Validation episode 92/126 ---
2025-10-25 01:13:34,556 [INFO] --- Validation episode 93/126 ---
2025-10-25 01:13:34,579 [INFO] --- Validation episode 94/126 ---
2025-10-25 01:13:34,603 [INFO] --- Validation episode 95/126 ---
2025-10-25 01:13:34,624 [INFO] --- Validation episode 96/126 ---
2025-10-25 01:13:34,646 [INFO] --- Validation episode 97/126 ---
2025-10-25 01:13:34,668 [INFO] --- Validation episode 98/126 ---
2025-10-25 01:13:34,691 [INFO] --- Validation episode 99/126 ---
2025-10-25 01:13:34,713 [INFO] --- Validation episode 100/126 ---
2025-10-25 01:13:34,734 [INFO] --- Validation episode 101/126 ---
2025-10-25 01:13:34,756 [INFO] --- Validation episode 102/126 ---
2025-10-25 01:13:34,787 [INFO] --- Validation episode 103/126 ---
2025-10-25 01:13:34,819 [INFO] --- Validation episode 104/126 ---
2025-10-25 01:13:34,849 [INFO] --- Validation episode 105/126 ---
2025-10-25 01:13:34,879 [INFO] --- Validation episode 106/126 ---
2025-10-25 01:13:34,910 [INFO] --- Validation episode 107/126 ---
2025-10-25 01:13:34,934 [INFO] --- Validation episode 108/126 ---
2025-10-25 01:13:34,966 [INFO] --- Validation episode 109/126 ---
2025-10-25 01:13:34,997 [INFO] --- Validation episode 110/126 ---
2025-10-25 01:13:35,028 [INFO] --- Validation episode 111/126 ---
2025-10-25 01:13:35,052 [INFO] --- Validation episode 112/126 ---
2025-10-25 01:13:35,075 [INFO] --- Validation episode 113/126 ---
2025-10-25 01:13:35,097 [INFO] --- Validation episode 114/126 ---
2025-10-25 01:13:35,118 [INFO] --- Validation episode 115/126 ---
2025-10-25 01:13:35,140 [INFO] --- Validation episode 116/126 ---
2025-10-25 01:13:35,170 [INFO] --- Validation episode 117/126 ---
2025-10-25 01:13:35,203 [INFO] --- Validation episode 118/126 ---
2025-10-25 01:13:35,233 [INFO] --- Validation episode 119/126 ---
2025-10-25 01:13:35,264 [INFO] --- Validation episode 120/126 ---
2025-10-25 01:13:35,288 [INFO] --- Validation episode 121/126 ---
2025-10-25 01:13:35,321 [INFO] --- Validation episode 122/126 ---
2025-10-25 01:13:35,352 [INFO] --- Validation episode 123/126 ---
2025-10-25 01:13:35,383 [INFO] --- Validation episode 124/126 ---
2025-10-25 01:13:35,405 [INFO] --- Validation episode 125/126 ---
2025-10-25 01:13:35,429 [INFO] --- Validation episode 126/126 ---
2025-10-25 01:13:35,451 [INFO] --- Ep_43000 Validation Results: mean_reward=0.00549, Mean PnL: 56.93, Win rate: 55.29% ---
2025-10-25 01:13:35,451 [INFO] --- Finished Evaluation: Validation ---
2025-10-25 01:13:57,864 [INFO] --- Starting Evaluation: Validation, episodes=126 ---
2025-10-25 01:13:57,865 [INFO] --- Validation episode 1/126 ---
2025-10-25 01:13:57,888 [INFO] --- Validation episode 2/126 ---
2025-10-25 01:13:57,911 [INFO] --- Validation episode 3/126 ---
2025-10-25 01:13:57,933 [INFO] --- Validation episode 4/126 ---
2025-10-25 01:13:57,955 [INFO] --- Validation episode 5/126 ---
2025-10-25 01:13:57,977 [INFO] --- Validation episode 6/126 ---
2025-10-25 01:13:57,999 [INFO] --- Validation episode 7/126 ---
2025-10-25 01:13:58,023 [INFO] --- Validation episode 8/126 ---
2025-10-25 01:13:58,045 [INFO] --- Validation episode 9/126 ---
2025-10-25 01:13:58,068 [INFO] --- Validation episode 10/126 ---
2025-10-25 01:13:58,090 [INFO] --- Validation episode 11/126 ---
2025-10-25 01:13:58,113 [INFO] --- Validation episode 12/126 ---
2025-10-25 01:13:58,136 [INFO] --- Validation episode 13/126 ---
2025-10-25 01:13:58,158 [INFO] --- Validation episode 14/126 ---
2025-10-25 01:13:58,179 [INFO] --- Validation episode 15/126 ---
2025-10-25 01:13:58,201 [INFO] --- Validation episode 16/126 ---
2025-10-25 01:13:58,223 [INFO] --- Validation episode 17/126 ---
2025-10-25 01:13:58,246 [INFO] --- Validation episode 18/126 ---
2025-10-25 01:13:58,269 [INFO] --- Validation episode 19/126 ---
2025-10-25 01:13:58,290 [INFO] --- Validation episode 20/126 ---
2025-10-25 01:13:58,311 [INFO] --- Validation episode 21/126 ---
2025-10-25 01:13:58,333 [INFO] --- Validation episode 22/126 ---
2025-10-25 01:13:58,357 [INFO] --- Validation episode 23/126 ---
2025-10-25 01:13:58,379 [INFO] --- Validation episode 24/126 ---
2025-10-25 01:13:58,401 [INFO] --- Validation episode 25/126 ---
2025-10-25 01:13:58,423 [INFO] --- Validation episode 26/126 ---
2025-10-25 01:13:58,445 [INFO] --- Validation episode 27/126 ---
2025-10-25 01:13:58,468 [INFO] --- Validation episode 28/126 ---
2025-10-25 01:13:58,492 [INFO] --- Validation episode 29/126 ---
2025-10-25 01:13:58,514 [INFO] --- Validation episode 30/126 ---
2025-10-25 01:13:58,535 [INFO] --- Validation episode 31/126 ---
2025-10-25 01:13:58,557 [INFO] --- Validation episode 32/126 ---
2025-10-25 01:13:58,580 [INFO] --- Validation episode 33/126 ---
2025-10-25 01:13:58,603 [INFO] --- Validation episode 34/126 ---
2025-10-25 01:13:58,626 [INFO] --- Validation episode 35/126 ---
2025-10-25 01:13:58,648 [INFO] --- Validation episode 36/126 ---
2025-10-25 01:13:58,669 [INFO] --- Validation episode 37/126 ---
2025-10-25 01:13:58,693 [INFO] --- Validation episode 38/126 ---
2025-10-25 01:13:58,716 [INFO] --- Validation episode 39/126 ---
2025-10-25 01:13:58,738 [INFO] --- Validation episode 40/126 ---
2025-10-25 01:13:58,760 [INFO] --- Validation episode 41/126 ---
2025-10-25 01:13:58,783 [INFO] --- Validation episode 42/126 ---
2025-10-25 01:13:58,808 [INFO] --- Validation episode 43/126 ---
2025-10-25 01:13:58,830 [INFO] --- Validation episode 44/126 ---
2025-10-25 01:13:58,852 [INFO] --- Validation episode 45/126 ---
2025-10-25 01:13:58,873 [INFO] --- Validation episode 46/126 ---
2025-10-25 01:13:58,896 [INFO] --- Validation episode 47/126 ---
2025-10-25 01:13:58,919 [INFO] --- Validation episode 48/126 ---
2025-10-25 01:13:58,944 [INFO] --- Validation episode 49/126 ---
2025-10-25 01:13:58,965 [INFO] --- Validation episode 50/126 ---
2025-10-25 01:13:58,986 [INFO] --- Validation episode 51/126 ---
2025-10-25 01:13:59,010 [INFO] --- Validation episode 52/126 ---
2025-10-25 01:13:59,032 [INFO] --- Validation episode 53/126 ---
2025-10-25 01:13:59,054 [INFO] --- Validation episode 54/126 ---
2025-10-25 01:13:59,076 [INFO] --- Validation episode 55/126 ---
2025-10-25 01:13:59,097 [INFO] --- Validation episode 56/126 ---
2025-10-25 01:13:59,119 [INFO] --- Validation episode 57/126 ---
2025-10-25 01:13:59,143 [INFO] --- Validation episode 58/126 ---
2025-10-25 01:13:59,166 [INFO] --- Validation episode 59/126 ---
2025-10-25 01:13:59,188 [INFO] --- Validation episode 60/126 ---
2025-10-25 01:13:59,210 [INFO] --- Validation episode 61/126 ---
2025-10-25 01:13:59,234 [INFO] --- Validation episode 62/126 ---
2025-10-25 01:13:59,259 [INFO] --- Validation episode 63/126 ---
2025-10-25 01:13:59,282 [INFO] --- Validation episode 64/126 ---
2025-10-25 01:13:59,303 [INFO] --- Validation episode 65/126 ---
2025-10-25 01:13:59,325 [INFO] --- Validation episode 66/126 ---
2025-10-25 01:13:59,348 [INFO] --- Validation episode 67/126 ---
2025-10-25 01:13:59,371 [INFO] --- Validation episode 68/126 ---
2025-10-25 01:13:59,394 [INFO] --- Validation episode 69/126 ---
2025-10-25 01:13:59,416 [INFO] --- Validation episode 70/126 ---
2025-10-25 01:13:59,437 [INFO] --- Validation episode 71/126 ---
2025-10-25 01:13:59,461 [INFO] --- Validation episode 72/126 ---
2025-10-25 01:13:59,484 [INFO] --- Validation episode 73/126 ---
2025-10-25 01:13:59,508 [INFO] --- Validation episode 74/126 ---
2025-10-25 01:13:59,529 [INFO] --- Validation episode 75/126 ---
2025-10-25 01:13:59,551 [INFO] --- Validation episode 76/126 ---
2025-10-25 01:13:59,572 [INFO] --- Validation episode 77/126 ---
2025-10-25 01:13:59,596 [INFO] --- Validation episode 78/126 ---
2025-10-25 01:13:59,619 [INFO] --- Validation episode 79/126 ---
2025-10-25 01:13:59,641 [INFO] --- Validation episode 80/126 ---
2025-10-25 01:13:59,663 [INFO] --- Validation episode 81/126 ---
2025-10-25 01:13:59,686 [INFO] --- Validation episode 82/126 ---
2025-10-25 01:13:59,710 [INFO] --- Validation episode 83/126 ---
2025-10-25 01:13:59,732 [INFO] --- Validation episode 84/126 ---
2025-10-25 01:13:59,754 [INFO] --- Validation episode 85/126 ---
2025-10-25 01:13:59,776 [INFO] --- Validation episode 86/126 ---
2025-10-25 01:13:59,799 [INFO] --- Validation episode 87/126 ---
2025-10-25 01:13:59,823 [INFO] --- Validation episode 88/126 ---
2025-10-25 01:13:59,844 [INFO] --- Validation episode 89/126 ---
2025-10-25 01:13:59,865 [INFO] --- Validation episode 90/126 ---
2025-10-25 01:13:59,887 [INFO] --- Validation episode 91/126 ---
2025-10-25 01:13:59,910 [INFO] --- Validation episode 92/126 ---
2025-10-25 01:13:59,932 [INFO] --- Validation episode 93/126 ---
2025-10-25 01:13:59,956 [INFO] --- Validation episode 94/126 ---
2025-10-25 01:13:59,978 [INFO] --- Validation episode 95/126 ---
2025-10-25 01:13:59,999 [INFO] --- Validation episode 96/126 ---
2025-10-25 01:14:00,023 [INFO] --- Validation episode 97/126 ---
2025-10-25 01:14:00,057 [INFO] --- Validation episode 98/126 ---
2025-10-25 01:14:00,087 [INFO] --- Validation episode 99/126 ---
2025-10-25 01:14:00,117 [INFO] --- Validation episode 100/126 ---
2025-10-25 01:14:00,148 [INFO] --- Validation episode 101/126 ---
2025-10-25 01:14:00,169 [INFO] --- Validation episode 102/126 ---
2025-10-25 01:14:00,193 [INFO] --- Validation episode 103/126 ---
2025-10-25 01:14:00,215 [INFO] --- Validation episode 104/126 ---
2025-10-25 01:14:00,237 [INFO] --- Validation episode 105/126 ---
2025-10-25 01:14:00,259 [INFO] --- Validation episode 106/126 ---
2025-10-25 01:14:00,282 [INFO] --- Validation episode 107/126 ---
2025-10-25 01:14:00,306 [INFO] --- Validation episode 108/126 ---
2025-10-25 01:14:00,328 [INFO] --- Validation episode 109/126 ---
2025-10-25 01:14:00,349 [INFO] --- Validation episode 110/126 ---
2025-10-25 01:14:00,371 [INFO] --- Validation episode 111/126 ---
2025-10-25 01:14:00,395 [INFO] --- Validation episode 112/126 ---
2025-10-25 01:14:00,417 [INFO] --- Validation episode 113/126 ---
2025-10-25 01:14:00,440 [INFO] --- Validation episode 114/126 ---
2025-10-25 01:14:00,462 [INFO] --- Validation episode 115/126 ---
2025-10-25 01:14:00,484 [INFO] --- Validation episode 116/126 ---
2025-10-25 01:14:00,506 [INFO] --- Validation episode 117/126 ---
2025-10-25 01:14:00,529 [INFO] --- Validation episode 118/126 ---
2025-10-25 01:14:00,551 [INFO] --- Validation episode 119/126 ---
2025-10-25 01:14:00,574 [INFO] --- Validation episode 120/126 ---
2025-10-25 01:14:00,596 [INFO] --- Validation episode 121/126 ---
2025-10-25 01:14:00,618 [INFO] --- Validation episode 122/126 ---
2025-10-25 01:14:00,643 [INFO] --- Validation episode 123/126 ---
2025-10-25 01:14:00,665 [INFO] --- Validation episode 124/126 ---
2025-10-25 01:14:00,687 [INFO] --- Validation episode 125/126 ---
2025-10-25 01:14:00,709 [INFO] --- Validation episode 126/126 ---
2025-10-25 01:14:00,739 [INFO] --- Ep_44000 Validation Results: mean_reward=0.00577, Mean PnL: 59.63, Win rate: 51.39% ---
2025-10-25 01:14:00,739 [INFO] --- Finished Evaluation: Validation ---
2025-10-25 01:14:23,130 [INFO] --- Starting Evaluation: Validation, episodes=126 ---
2025-10-25 01:14:23,131 [INFO] --- Validation episode 1/126 ---
2025-10-25 01:14:23,154 [INFO] --- Validation episode 2/126 ---
2025-10-25 01:14:23,179 [INFO] --- Validation episode 3/126 ---
2025-10-25 01:14:23,201 [INFO] --- Validation episode 4/126 ---
2025-10-25 01:14:23,224 [INFO] --- Validation episode 5/126 ---
2025-10-25 01:14:23,246 [INFO] --- Validation episode 6/126 ---
2025-10-25 01:14:23,269 [INFO] --- Validation episode 7/126 ---
2025-10-25 01:14:23,292 [INFO] --- Validation episode 8/126 ---
2025-10-25 01:14:23,315 [INFO] --- Validation episode 9/126 ---
2025-10-25 01:14:23,336 [INFO] --- Validation episode 10/126 ---
2025-10-25 01:14:23,358 [INFO] --- Validation episode 11/126 ---
2025-10-25 01:14:23,381 [INFO] --- Validation episode 12/126 ---
2025-10-25 01:14:23,403 [INFO] --- Validation episode 13/126 ---
2025-10-25 01:14:23,424 [INFO] --- Validation episode 14/126 ---
2025-10-25 01:14:23,445 [INFO] --- Validation episode 15/126 ---
2025-10-25 01:14:23,467 [INFO] --- Validation episode 16/126 ---
2025-10-25 01:14:23,488 [INFO] --- Validation episode 17/126 ---
2025-10-25 01:14:23,512 [INFO] --- Validation episode 18/126 ---
2025-10-25 01:14:23,534 [INFO] --- Validation episode 19/126 ---
2025-10-25 01:14:23,557 [INFO] --- Validation episode 20/126 ---
2025-10-25 01:14:23,579 [INFO] --- Validation episode 21/126 ---
2025-10-25 01:14:23,602 [INFO] --- Validation episode 22/126 ---
2025-10-25 01:14:23,626 [INFO] --- Validation episode 23/126 ---
2025-10-25 01:14:23,649 [INFO] --- Validation episode 24/126 ---
2025-10-25 01:14:23,671 [INFO] --- Validation episode 25/126 ---
2025-10-25 01:14:23,693 [INFO] --- Validation episode 26/126 ---
2025-10-25 01:14:23,726 [INFO] --- Validation episode 27/126 ---
2025-10-25 01:14:23,759 [INFO] --- Validation episode 28/126 ---
2025-10-25 01:14:23,789 [INFO] --- Validation episode 29/126 ---
2025-10-25 01:14:23,820 [INFO] --- Validation episode 30/126 ---
2025-10-25 01:14:23,850 [INFO] --- Validation episode 31/126 ---
2025-10-25 01:14:23,881 [INFO] --- Validation episode 32/126 ---
2025-10-25 01:14:23,914 [INFO] --- Validation episode 33/126 ---
2025-10-25 01:14:23,945 [INFO] --- Validation episode 34/126 ---
2025-10-25 01:14:23,975 [INFO] --- Validation episode 35/126 ---
2025-10-25 01:14:24,006 [INFO] --- Validation episode 36/126 ---
2025-10-25 01:14:24,028 [INFO] --- Validation episode 37/126 ---
2025-10-25 01:14:24,050 [INFO] --- Validation episode 38/126 ---
2025-10-25 01:14:24,073 [INFO] --- Validation episode 39/126 ---
2025-10-25 01:14:24,095 [INFO] --- Validation episode 40/126 ---
2025-10-25 01:14:24,117 [INFO] --- Validation episode 41/126 ---
2025-10-25 01:14:24,138 [INFO] --- Validation episode 42/126 ---
2025-10-25 01:14:24,163 [INFO] --- Validation episode 43/126 ---
2025-10-25 01:14:24,186 [INFO] --- Validation episode 44/126 ---
2025-10-25 01:14:24,207 [INFO] --- Validation episode 45/126 ---
2025-10-25 01:14:24,229 [INFO] --- Validation episode 46/126 ---
2025-10-25 01:14:24,251 [INFO] --- Validation episode 47/126 ---
2025-10-25 01:14:24,274 [INFO] --- Validation episode 48/126 ---
2025-10-25 01:14:24,297 [INFO] --- Validation episode 49/126 ---
2025-10-25 01:14:24,318 [INFO] --- Validation episode 50/126 ---
2025-10-25 01:14:24,340 [INFO] --- Validation episode 51/126 ---
2025-10-25 01:14:24,363 [INFO] --- Validation episode 52/126 ---
2025-10-25 01:14:24,385 [INFO] --- Validation episode 53/126 ---
2025-10-25 01:14:24,406 [INFO] --- Validation episode 54/126 ---
2025-10-25 01:14:24,427 [INFO] --- Validation episode 55/126 ---
2025-10-25 01:14:24,447 [INFO] --- Validation episode 56/126 ---
2025-10-25 01:14:24,481 [INFO] --- Validation episode 57/126 ---
2025-10-25 01:14:24,514 [INFO] --- Validation episode 58/126 ---
2025-10-25 01:14:24,544 [INFO] --- Validation episode 59/126 ---
2025-10-25 01:14:24,574 [INFO] --- Validation episode 60/126 ---
2025-10-25 01:14:24,604 [INFO] --- Validation episode 61/126 ---
2025-10-25 01:14:24,628 [INFO] --- Validation episode 62/126 ---
2025-10-25 01:14:24,651 [INFO] --- Validation episode 63/126 ---
2025-10-25 01:14:24,674 [INFO] --- Validation episode 64/126 ---
2025-10-25 01:14:24,695 [INFO] --- Validation episode 65/126 ---
2025-10-25 01:14:24,716 [INFO] --- Validation episode 66/126 ---
2025-10-25 01:14:24,747 [INFO] --- Validation episode 67/126 ---
2025-10-25 01:14:24,781 [INFO] --- Validation episode 68/126 ---
2025-10-25 01:14:24,812 [INFO] --- Validation episode 69/126 ---
2025-10-25 01:14:24,842 [INFO] --- Validation episode 70/126 ---
2025-10-25 01:14:24,872 [INFO] --- Validation episode 71/126 ---
2025-10-25 01:14:24,894 [INFO] --- Validation episode 72/126 ---
2025-10-25 01:14:24,918 [INFO] --- Validation episode 73/126 ---
2025-10-25 01:14:24,941 [INFO] --- Validation episode 74/126 ---
2025-10-25 01:14:24,963 [INFO] --- Validation episode 75/126 ---
2025-10-25 01:14:24,984 [INFO] --- Validation episode 76/126 ---
2025-10-25 01:14:25,014 [INFO] --- Validation episode 77/126 ---
2025-10-25 01:14:25,048 [INFO] --- Validation episode 78/126 ---
2025-10-25 01:14:25,079 [INFO] --- Validation episode 79/126 ---
2025-10-25 01:14:25,109 [INFO] --- Validation episode 80/126 ---
2025-10-25 01:14:25,139 [INFO] --- Validation episode 81/126 ---
2025-10-25 01:14:25,162 [INFO] --- Validation episode 82/126 ---
2025-10-25 01:14:25,184 [INFO] --- Validation episode 83/126 ---
2025-10-25 01:14:25,206 [INFO] --- Validation episode 84/126 ---
2025-10-25 01:14:25,229 [INFO] --- Validation episode 85/126 ---
2025-10-25 01:14:25,251 [INFO] --- Validation episode 86/126 ---
2025-10-25 01:14:25,280 [INFO] --- Validation episode 87/126 ---
2025-10-25 01:14:25,313 [INFO] --- Validation episode 88/126 ---
2025-10-25 01:14:25,344 [INFO] --- Validation episode 89/126 ---
2025-10-25 01:14:25,374 [INFO] --- Validation episode 90/126 ---
2025-10-25 01:14:25,404 [INFO] --- Validation episode 91/126 ---
2025-10-25 01:14:25,428 [INFO] --- Validation episode 92/126 ---
2025-10-25 01:14:25,462 [INFO] --- Validation episode 93/126 ---
2025-10-25 01:14:25,493 [INFO] --- Validation episode 94/126 ---
2025-10-25 01:14:25,523 [INFO] --- Validation episode 95/126 ---
2025-10-25 01:14:25,555 [INFO] --- Validation episode 96/126 ---
2025-10-25 01:14:25,587 [INFO] --- Validation episode 97/126 ---
2025-10-25 01:14:25,619 [INFO] --- Validation episode 98/126 ---
2025-10-25 01:14:25,651 [INFO] --- Validation episode 99/126 ---
2025-10-25 01:14:25,674 [INFO] --- Validation episode 100/126 ---
2025-10-25 01:14:25,697 [INFO] --- Validation episode 101/126 ---
2025-10-25 01:14:25,719 [INFO] --- Validation episode 102/126 ---
2025-10-25 01:14:25,741 [INFO] --- Validation episode 103/126 ---
2025-10-25 01:14:25,763 [INFO] --- Validation episode 104/126 ---
2025-10-25 01:14:25,792 [INFO] --- Validation episode 105/126 ---
2025-10-25 01:14:25,824 [INFO] --- Validation episode 106/126 ---
2025-10-25 01:14:25,855 [INFO] --- Validation episode 107/126 ---
2025-10-25 01:14:25,885 [INFO] --- Validation episode 108/126 ---
2025-10-25 01:14:25,915 [INFO] --- Validation episode 109/126 ---
2025-10-25 01:14:25,948 [INFO] --- Validation episode 110/126 ---
2025-10-25 01:14:25,979 [INFO] --- Validation episode 111/126 ---
2025-10-25 01:14:26,009 [INFO] --- Validation episode 112/126 ---
2025-10-25 01:14:26,035 [INFO] --- Validation episode 113/126 ---
2025-10-25 01:14:26,069 [INFO] --- Validation episode 114/126 ---
2025-10-25 01:14:26,099 [INFO] --- Validation episode 115/126 ---
2025-10-25 01:14:26,129 [INFO] --- Validation episode 116/126 ---
2025-10-25 01:14:26,157 [INFO] --- Validation episode 117/126 ---
2025-10-25 01:14:26,181 [INFO] --- Validation episode 118/126 ---
2025-10-25 01:14:26,202 [INFO] --- Validation episode 119/126 ---
2025-10-25 01:14:26,222 [INFO] --- Validation episode 120/126 ---
2025-10-25 01:14:26,243 [INFO] --- Validation episode 121/126 ---
2025-10-25 01:14:26,265 [INFO] --- Validation episode 122/126 ---
2025-10-25 01:14:26,287 [INFO] --- Validation episode 123/126 ---
2025-10-25 01:14:26,311 [INFO] --- Validation episode 124/126 ---
2025-10-25 01:14:26,333 [INFO] --- Validation episode 125/126 ---
2025-10-25 01:14:26,354 [INFO] --- Validation episode 126/126 ---
2025-10-25 01:14:26,386 [INFO] --- Ep_45000 Validation Results: mean_reward=0.00138, Mean PnL: 14.81, Win rate: 62.43% ---
2025-10-25 01:14:26,386 [INFO] --- Finished Evaluation: Validation ---
2025-10-25 01:14:48,724 [INFO] --- Starting Evaluation: Validation, episodes=126 ---
2025-10-25 01:14:48,724 [INFO] --- Validation episode 1/126 ---
2025-10-25 01:14:48,747 [INFO] --- Validation episode 2/126 ---
2025-10-25 01:14:48,769 [INFO] --- Validation episode 3/126 ---
2025-10-25 01:14:48,792 [INFO] --- Validation episode 4/126 ---
2025-10-25 01:14:48,814 [INFO] --- Validation episode 5/126 ---
2025-10-25 01:14:48,836 [INFO] --- Validation episode 6/126 ---
2025-10-25 01:14:48,859 [INFO] --- Validation episode 7/126 ---
2025-10-25 01:14:48,883 [INFO] --- Validation episode 8/126 ---
2025-10-25 01:14:48,904 [INFO] --- Validation episode 9/126 ---
2025-10-25 01:14:48,926 [INFO] --- Validation episode 10/126 ---
2025-10-25 01:14:48,947 [INFO] --- Validation episode 11/126 ---
2025-10-25 01:14:48,970 [INFO] --- Validation episode 12/126 ---
2025-10-25 01:14:48,993 [INFO] --- Validation episode 13/126 ---
2025-10-25 01:14:49,016 [INFO] --- Validation episode 14/126 ---
2025-10-25 01:14:49,038 [INFO] --- Validation episode 15/126 ---
2025-10-25 01:14:49,059 [INFO] --- Validation episode 16/126 ---
2025-10-25 01:14:49,082 [INFO] --- Validation episode 17/126 ---
2025-10-25 01:14:49,105 [INFO] --- Validation episode 18/126 ---
2025-10-25 01:14:49,127 [INFO] --- Validation episode 19/126 ---
2025-10-25 01:14:49,148 [INFO] --- Validation episode 20/126 ---
2025-10-25 01:14:49,170 [INFO] --- Validation episode 21/126 ---
2025-10-25 01:14:49,191 [INFO] --- Validation episode 22/126 ---
2025-10-25 01:14:49,216 [INFO] --- Validation episode 23/126 ---
2025-10-25 01:14:49,238 [INFO] --- Validation episode 24/126 ---
2025-10-25 01:14:49,261 [INFO] --- Validation episode 25/126 ---
2025-10-25 01:14:49,282 [INFO] --- Validation episode 26/126 ---
2025-10-25 01:14:49,305 [INFO] --- Validation episode 27/126 ---
2025-10-25 01:14:49,327 [INFO] --- Validation episode 28/126 ---
2025-10-25 01:14:49,350 [INFO] --- Validation episode 29/126 ---
2025-10-25 01:14:49,372 [INFO] --- Validation episode 30/126 ---
2025-10-25 01:14:49,393 [INFO] --- Validation episode 31/126 ---
2025-10-25 01:14:49,416 [INFO] --- Validation episode 32/126 ---
2025-10-25 01:14:49,438 [INFO] --- Validation episode 33/126 ---
2025-10-25 01:14:49,461 [INFO] --- Validation episode 34/126 ---
2025-10-25 01:14:49,482 [INFO] --- Validation episode 35/126 ---
2025-10-25 01:14:49,504 [INFO] --- Validation episode 36/126 ---
2025-10-25 01:14:49,526 [INFO] --- Validation episode 37/126 ---
2025-10-25 01:14:49,550 [INFO] --- Validation episode 38/126 ---
2025-10-25 01:14:49,572 [INFO] --- Validation episode 39/126 ---
2025-10-25 01:14:49,594 [INFO] --- Validation episode 40/126 ---
2025-10-25 01:14:49,615 [INFO] --- Validation episode 41/126 ---
2025-10-25 01:14:49,638 [INFO] --- Validation episode 42/126 ---
2025-10-25 01:14:49,662 [INFO] --- Validation episode 43/126 ---
2025-10-25 01:14:49,684 [INFO] --- Validation episode 44/126 ---
2025-10-25 01:14:49,705 [INFO] --- Validation episode 45/126 ---
2025-10-25 01:14:49,727 [INFO] --- Validation episode 46/126 ---
2025-10-25 01:14:49,749 [INFO] --- Validation episode 47/126 ---
2025-10-25 01:14:49,772 [INFO] --- Validation episode 48/126 ---
2025-10-25 01:14:49,793 [INFO] --- Validation episode 49/126 ---
2025-10-25 01:14:49,816 [INFO] --- Validation episode 50/126 ---
2025-10-25 01:14:49,837 [INFO] --- Validation episode 51/126 ---
2025-10-25 01:14:49,858 [INFO] --- Validation episode 52/126 ---
2025-10-25 01:14:49,882 [INFO] --- Validation episode 53/126 ---
2025-10-25 01:14:49,904 [INFO] --- Validation episode 54/126 ---
2025-10-25 01:14:49,927 [INFO] --- Validation episode 55/126 ---
2025-10-25 01:14:49,948 [INFO] --- Validation episode 56/126 ---
2025-10-25 01:14:49,971 [INFO] --- Validation episode 57/126 ---
2025-10-25 01:14:49,994 [INFO] --- Validation episode 58/126 ---
2025-10-25 01:14:50,016 [INFO] --- Validation episode 59/126 ---
2025-10-25 01:14:50,037 [INFO] --- Validation episode 60/126 ---
2025-10-25 01:14:50,059 [INFO] --- Validation episode 61/126 ---
2025-10-25 01:14:50,082 [INFO] --- Validation episode 62/126 ---
2025-10-25 01:14:50,106 [INFO] --- Validation episode 63/126 ---
2025-10-25 01:14:50,127 [INFO] --- Validation episode 64/126 ---
2025-10-25 01:14:50,148 [INFO] --- Validation episode 65/126 ---
2025-10-25 01:14:50,170 [INFO] --- Validation episode 66/126 ---
2025-10-25 01:14:50,203 [INFO] --- Validation episode 67/126 ---
2025-10-25 01:14:50,236 [INFO] --- Validation episode 68/126 ---
2025-10-25 01:14:50,260 [INFO] --- Validation episode 69/126 ---
2025-10-25 01:14:50,281 [INFO] --- Validation episode 70/126 ---
2025-10-25 01:14:50,302 [INFO] --- Validation episode 71/126 ---
2025-10-25 01:14:50,335 [INFO] --- Validation episode 72/126 ---
2025-10-25 01:14:50,368 [INFO] --- Validation episode 73/126 ---
2025-10-25 01:14:50,399 [INFO] --- Validation episode 74/126 ---
2025-10-25 01:14:50,430 [INFO] --- Validation episode 75/126 ---
2025-10-25 01:14:50,460 [INFO] --- Validation episode 76/126 ---
2025-10-25 01:14:50,485 [INFO] --- Validation episode 77/126 ---
2025-10-25 01:14:50,518 [INFO] --- Validation episode 78/126 ---
2025-10-25 01:14:50,550 [INFO] --- Validation episode 79/126 ---
2025-10-25 01:14:50,581 [INFO] --- Validation episode 80/126 ---
2025-10-25 01:14:50,613 [INFO] --- Validation episode 81/126 ---
2025-10-25 01:14:50,642 [INFO] --- Validation episode 82/126 ---
2025-10-25 01:14:50,665 [INFO] --- Validation episode 83/126 ---
2025-10-25 01:14:50,686 [INFO] --- Validation episode 84/126 ---
2025-10-25 01:14:50,709 [INFO] --- Validation episode 85/126 ---
2025-10-25 01:14:50,731 [INFO] --- Validation episode 86/126 ---
2025-10-25 01:14:50,753 [INFO] --- Validation episode 87/126 ---
2025-10-25 01:14:50,773 [INFO] --- Validation episode 88/126 ---
2025-10-25 01:14:50,795 [INFO] --- Validation episode 89/126 ---
2025-10-25 01:14:50,816 [INFO] --- Validation episode 90/126 ---
2025-10-25 01:14:50,839 [INFO] --- Validation episode 91/126 ---
2025-10-25 01:14:50,862 [INFO] --- Validation episode 92/126 ---
2025-10-25 01:14:50,884 [INFO] --- Validation episode 93/126 ---
2025-10-25 01:14:50,906 [INFO] --- Validation episode 94/126 ---
2025-10-25 01:14:50,927 [INFO] --- Validation episode 95/126 ---
2025-10-25 01:14:50,950 [INFO] --- Validation episode 96/126 ---
2025-10-25 01:14:50,972 [INFO] --- Validation episode 97/126 ---
2025-10-25 01:14:50,994 [INFO] --- Validation episode 98/126 ---
2025-10-25 01:14:51,016 [INFO] --- Validation episode 99/126 ---
2025-10-25 01:14:51,040 [INFO] --- Validation episode 100/126 ---
2025-10-25 01:14:51,062 [INFO] --- Validation episode 101/126 ---
2025-10-25 01:14:51,086 [INFO] --- Validation episode 102/126 ---
2025-10-25 01:14:51,107 [INFO] --- Validation episode 103/126 ---
2025-10-25 01:14:51,129 [INFO] --- Validation episode 104/126 ---
2025-10-25 01:14:51,152 [INFO] --- Validation episode 105/126 ---
2025-10-25 01:14:51,175 [INFO] --- Validation episode 106/126 ---
2025-10-25 01:14:51,198 [INFO] --- Validation episode 107/126 ---
2025-10-25 01:14:51,219 [INFO] --- Validation episode 108/126 ---
2025-10-25 01:14:51,241 [INFO] --- Validation episode 109/126 ---
2025-10-25 01:14:51,270 [INFO] --- Validation episode 110/126 ---
2025-10-25 01:14:51,302 [INFO] --- Validation episode 111/126 ---
2025-10-25 01:14:51,334 [INFO] --- Validation episode 112/126 ---
2025-10-25 01:14:51,364 [INFO] --- Validation episode 113/126 ---
2025-10-25 01:14:51,394 [INFO] --- Validation episode 114/126 ---
2025-10-25 01:14:51,419 [INFO] --- Validation episode 115/126 ---
2025-10-25 01:14:51,452 [INFO] --- Validation episode 116/126 ---
2025-10-25 01:14:51,484 [INFO] --- Validation episode 117/126 ---
2025-10-25 01:14:51,514 [INFO] --- Validation episode 118/126 ---
2025-10-25 01:14:51,544 [INFO] --- Validation episode 119/126 ---
2025-10-25 01:14:51,575 [INFO] --- Validation episode 120/126 ---
2025-10-25 01:14:51,608 [INFO] --- Validation episode 121/126 ---
2025-10-25 01:14:51,640 [INFO] --- Validation episode 122/126 ---
2025-10-25 01:14:51,672 [INFO] --- Validation episode 123/126 ---
2025-10-25 01:14:51,694 [INFO] --- Validation episode 124/126 ---
2025-10-25 01:14:51,717 [INFO] --- Validation episode 125/126 ---
2025-10-25 01:14:51,739 [INFO] --- Validation episode 126/126 ---
2025-10-25 01:14:51,762 [INFO] --- Ep_46000 Validation Results: mean_reward=0.00315, Mean PnL: 32.57, Win rate: 57.08% ---
2025-10-25 01:14:51,762 [INFO] --- Finished Evaluation: Validation ---
2025-10-25 01:15:14,189 [INFO] --- Starting Evaluation: Validation, episodes=126 ---
2025-10-25 01:15:14,189 [INFO] --- Validation episode 1/126 ---
2025-10-25 01:15:14,222 [INFO] --- Validation episode 2/126 ---
2025-10-25 01:15:14,255 [INFO] --- Validation episode 3/126 ---
2025-10-25 01:15:14,285 [INFO] --- Validation episode 4/126 ---
2025-10-25 01:15:14,316 [INFO] --- Validation episode 5/126 ---
2025-10-25 01:15:14,342 [INFO] --- Validation episode 6/126 ---
2025-10-25 01:15:14,364 [INFO] --- Validation episode 7/126 ---
2025-10-25 01:15:14,386 [INFO] --- Validation episode 8/126 ---
2025-10-25 01:15:14,407 [INFO] --- Validation episode 9/126 ---
2025-10-25 01:15:14,428 [INFO] --- Validation episode 10/126 ---
2025-10-25 01:15:14,455 [INFO] --- Validation episode 11/126 ---
2025-10-25 01:15:14,478 [INFO] --- Validation episode 12/126 ---
2025-10-25 01:15:14,501 [INFO] --- Validation episode 13/126 ---
2025-10-25 01:15:14,522 [INFO] --- Validation episode 14/126 ---
2025-10-25 01:15:14,543 [INFO] --- Validation episode 15/126 ---
2025-10-25 01:15:14,564 [INFO] --- Validation episode 16/126 ---
2025-10-25 01:15:14,589 [INFO] --- Validation episode 17/126 ---
2025-10-25 01:15:14,612 [INFO] --- Validation episode 18/126 ---
2025-10-25 01:15:14,634 [INFO] --- Validation episode 19/126 ---
2025-10-25 01:15:14,656 [INFO] --- Validation episode 20/126 ---
2025-10-25 01:15:14,679 [INFO] --- Validation episode 21/126 ---
2025-10-25 01:15:14,702 [INFO] --- Validation episode 22/126 ---
2025-10-25 01:15:14,724 [INFO] --- Validation episode 23/126 ---
2025-10-25 01:15:14,745 [INFO] --- Validation episode 24/126 ---
2025-10-25 01:15:14,767 [INFO] --- Validation episode 25/126 ---
2025-10-25 01:15:14,789 [INFO] --- Validation episode 26/126 ---
2025-10-25 01:15:14,811 [INFO] --- Validation episode 27/126 ---
2025-10-25 01:15:14,834 [INFO] --- Validation episode 28/126 ---
2025-10-25 01:15:14,855 [INFO] --- Validation episode 29/126 ---
2025-10-25 01:15:14,877 [INFO] --- Validation episode 30/126 ---
2025-10-25 01:15:14,905 [INFO] --- Validation episode 31/126 ---
2025-10-25 01:15:14,928 [INFO] --- Validation episode 32/126 ---
2025-10-25 01:15:14,951 [INFO] --- Validation episode 33/126 ---
2025-10-25 01:15:14,972 [INFO] --- Validation episode 34/126 ---
2025-10-25 01:15:14,994 [INFO] --- Validation episode 35/126 ---
2025-10-25 01:15:15,016 [INFO] --- Validation episode 36/126 ---
2025-10-25 01:15:15,039 [INFO] --- Validation episode 37/126 ---
2025-10-25 01:15:15,061 [INFO] --- Validation episode 38/126 ---
2025-10-25 01:15:15,083 [INFO] --- Validation episode 39/126 ---
2025-10-25 01:15:15,105 [INFO] --- Validation episode 40/126 ---
2025-10-25 01:15:15,128 [INFO] --- Validation episode 41/126 ---
2025-10-25 01:15:15,152 [INFO] --- Validation episode 42/126 ---
2025-10-25 01:15:15,175 [INFO] --- Validation episode 43/126 ---
2025-10-25 01:15:15,197 [INFO] --- Validation episode 44/126 ---
2025-10-25 01:15:15,219 [INFO] --- Validation episode 45/126 ---
2025-10-25 01:15:15,243 [INFO] --- Validation episode 46/126 ---
2025-10-25 01:15:15,266 [INFO] --- Validation episode 47/126 ---
2025-10-25 01:15:15,289 [INFO] --- Validation episode 48/126 ---
2025-10-25 01:15:15,310 [INFO] --- Validation episode 49/126 ---
2025-10-25 01:15:15,331 [INFO] --- Validation episode 50/126 ---
2025-10-25 01:15:15,354 [INFO] --- Validation episode 51/126 ---
2025-10-25 01:15:15,377 [INFO] --- Validation episode 52/126 ---
2025-10-25 01:15:15,400 [INFO] --- Validation episode 53/126 ---
2025-10-25 01:15:15,421 [INFO] --- Validation episode 54/126 ---
2025-10-25 01:15:15,443 [INFO] --- Validation episode 55/126 ---
2025-10-25 01:15:15,464 [INFO] --- Validation episode 56/126 ---
2025-10-25 01:15:15,489 [INFO] --- Validation episode 57/126 ---
2025-10-25 01:15:15,512 [INFO] --- Validation episode 58/126 ---
2025-10-25 01:15:15,534 [INFO] --- Validation episode 59/126 ---
2025-10-25 01:15:15,556 [INFO] --- Validation episode 60/126 ---
2025-10-25 01:15:15,589 [INFO] --- Validation episode 61/126 ---
2025-10-25 01:15:15,622 [INFO] --- Validation episode 62/126 ---
2025-10-25 01:15:15,654 [INFO] --- Validation episode 63/126 ---
2025-10-25 01:15:15,685 [INFO] --- Validation episode 64/126 ---
2025-10-25 01:15:15,716 [INFO] --- Validation episode 65/126 ---
2025-10-25 01:15:15,739 [INFO] --- Validation episode 66/126 ---
2025-10-25 01:15:15,762 [INFO] --- Validation episode 67/126 ---
2025-10-25 01:15:15,786 [INFO] --- Validation episode 68/126 ---
2025-10-25 01:15:15,808 [INFO] --- Validation episode 69/126 ---
2025-10-25 01:15:15,830 [INFO] --- Validation episode 70/126 ---
2025-10-25 01:15:15,851 [INFO] --- Validation episode 71/126 ---
2025-10-25 01:15:15,874 [INFO] --- Validation episode 72/126 ---
2025-10-25 01:15:15,897 [INFO] --- Validation episode 73/126 ---
2025-10-25 01:15:15,920 [INFO] --- Validation episode 74/126 ---
2025-10-25 01:15:15,942 [INFO] --- Validation episode 75/126 ---
2025-10-25 01:15:15,963 [INFO] --- Validation episode 76/126 ---
2025-10-25 01:15:15,986 [INFO] --- Validation episode 77/126 ---
2025-10-25 01:15:16,010 [INFO] --- Validation episode 78/126 ---
2025-10-25 01:15:16,031 [INFO] --- Validation episode 79/126 ---
2025-10-25 01:15:16,053 [INFO] --- Validation episode 80/126 ---
2025-10-25 01:15:16,076 [INFO] --- Validation episode 81/126 ---
2025-10-25 01:15:16,097 [INFO] --- Validation episode 82/126 ---
2025-10-25 01:15:16,120 [INFO] --- Validation episode 83/126 ---
2025-10-25 01:15:16,142 [INFO] --- Validation episode 84/126 ---
2025-10-25 01:15:16,165 [INFO] --- Validation episode 85/126 ---
2025-10-25 01:15:16,189 [INFO] --- Validation episode 86/126 ---
2025-10-25 01:15:16,211 [INFO] --- Validation episode 87/126 ---
2025-10-25 01:15:16,232 [INFO] --- Validation episode 88/126 ---
2025-10-25 01:15:16,253 [INFO] --- Validation episode 89/126 ---
2025-10-25 01:15:16,274 [INFO] --- Validation episode 90/126 ---
2025-10-25 01:15:16,306 [INFO] --- Validation episode 91/126 ---
2025-10-25 01:15:16,339 [INFO] --- Validation episode 92/126 ---
2025-10-25 01:15:16,369 [INFO] --- Validation episode 93/126 ---
2025-10-25 01:15:16,399 [INFO] --- Validation episode 94/126 ---
2025-10-25 01:15:16,430 [INFO] --- Validation episode 95/126 ---
2025-10-25 01:15:16,455 [INFO] --- Validation episode 96/126 ---
2025-10-25 01:15:16,488 [INFO] --- Validation episode 97/126 ---
2025-10-25 01:15:16,519 [INFO] --- Validation episode 98/126 ---
2025-10-25 01:15:16,549 [INFO] --- Validation episode 99/126 ---
2025-10-25 01:15:16,579 [INFO] --- Validation episode 100/126 ---
2025-10-25 01:15:16,610 [INFO] --- Validation episode 101/126 ---
2025-10-25 01:15:16,643 [INFO] --- Validation episode 102/126 ---
2025-10-25 01:15:16,675 [INFO] --- Validation episode 103/126 ---
2025-10-25 01:15:16,706 [INFO] --- Validation episode 104/126 ---
2025-10-25 01:15:16,730 [INFO] --- Validation episode 105/126 ---
2025-10-25 01:15:16,753 [INFO] --- Validation episode 106/126 ---
2025-10-25 01:15:16,777 [INFO] --- Validation episode 107/126 ---
2025-10-25 01:15:16,799 [INFO] --- Validation episode 108/126 ---
2025-10-25 01:15:16,821 [INFO] --- Validation episode 109/126 ---
2025-10-25 01:15:16,850 [INFO] --- Validation episode 110/126 ---
2025-10-25 01:15:16,882 [INFO] --- Validation episode 111/126 ---
2025-10-25 01:15:16,913 [INFO] --- Validation episode 112/126 ---
2025-10-25 01:15:16,943 [INFO] --- Validation episode 113/126 ---
2025-10-25 01:15:16,974 [INFO] --- Validation episode 114/126 ---
2025-10-25 01:15:17,007 [INFO] --- Validation episode 115/126 ---
2025-10-25 01:15:17,037 [INFO] --- Validation episode 116/126 ---
2025-10-25 01:15:17,068 [INFO] --- Validation episode 117/126 ---
2025-10-25 01:15:17,094 [INFO] --- Validation episode 118/126 ---
2025-10-25 01:15:17,127 [INFO] --- Validation episode 119/126 ---
2025-10-25 01:15:17,159 [INFO] --- Validation episode 120/126 ---
2025-10-25 01:15:17,190 [INFO] --- Validation episode 121/126 ---
2025-10-25 01:15:17,219 [INFO] --- Validation episode 122/126 ---
2025-10-25 01:15:17,251 [INFO] --- Validation episode 123/126 ---
2025-10-25 01:15:17,281 [INFO] --- Validation episode 124/126 ---
2025-10-25 01:15:17,312 [INFO] --- Validation episode 125/126 ---
2025-10-25 01:15:17,336 [INFO] --- Validation episode 126/126 ---
2025-10-25 01:15:17,368 [INFO] --- Ep_47000 Validation Results: mean_reward=-0.00156, Mean PnL: -13.73, Win rate: 51.52% ---
2025-10-25 01:15:17,368 [INFO] --- Finished Evaluation: Validation ---
2025-10-25 01:15:39,781 [INFO] --- Starting Evaluation: Validation, episodes=126 ---
2025-10-25 01:15:39,781 [INFO] --- Validation episode 1/126 ---
2025-10-25 01:15:39,804 [INFO] --- Validation episode 2/126 ---
2025-10-25 01:15:39,827 [INFO] --- Validation episode 3/126 ---
2025-10-25 01:15:39,849 [INFO] --- Validation episode 4/126 ---
2025-10-25 01:15:39,872 [INFO] --- Validation episode 5/126 ---
2025-10-25 01:15:39,894 [INFO] --- Validation episode 6/126 ---
2025-10-25 01:15:39,915 [INFO] --- Validation episode 7/126 ---
2025-10-25 01:15:39,939 [INFO] --- Validation episode 8/126 ---
2025-10-25 01:15:39,962 [INFO] --- Validation episode 9/126 ---
2025-10-25 01:15:39,984 [INFO] --- Validation episode 10/126 ---
2025-10-25 01:15:40,006 [INFO] --- Validation episode 11/126 ---
2025-10-25 01:15:40,029 [INFO] --- Validation episode 12/126 ---
2025-10-25 01:15:40,052 [INFO] --- Validation episode 13/126 ---
2025-10-25 01:15:40,074 [INFO] --- Validation episode 14/126 ---
2025-10-25 01:15:40,095 [INFO] --- Validation episode 15/126 ---
2025-10-25 01:15:40,116 [INFO] --- Validation episode 16/126 ---
2025-10-25 01:15:40,138 [INFO] --- Validation episode 17/126 ---
2025-10-25 01:15:40,161 [INFO] --- Validation episode 18/126 ---
2025-10-25 01:15:40,184 [INFO] --- Validation episode 19/126 ---
2025-10-25 01:15:40,206 [INFO] --- Validation episode 20/126 ---
2025-10-25 01:15:40,227 [INFO] --- Validation episode 21/126 ---
2025-10-25 01:15:40,250 [INFO] --- Validation episode 22/126 ---
2025-10-25 01:15:40,273 [INFO] --- Validation episode 23/126 ---
2025-10-25 01:15:40,296 [INFO] --- Validation episode 24/126 ---
2025-10-25 01:15:40,317 [INFO] --- Validation episode 25/126 ---
2025-10-25 01:15:40,339 [INFO] --- Validation episode 26/126 ---
2025-10-25 01:15:40,361 [INFO] --- Validation episode 27/126 ---
2025-10-25 01:15:40,385 [INFO] --- Validation episode 28/126 ---
2025-10-25 01:15:40,417 [INFO] --- Validation episode 29/126 ---
2025-10-25 01:15:40,442 [INFO] --- Validation episode 30/126 ---
2025-10-25 01:15:40,466 [INFO] --- Validation episode 31/126 ---
2025-10-25 01:15:40,489 [INFO] --- Validation episode 32/126 ---
2025-10-25 01:15:40,513 [INFO] --- Validation episode 33/126 ---
2025-10-25 01:15:40,535 [INFO] --- Validation episode 34/126 ---
2025-10-25 01:15:40,557 [INFO] --- Validation episode 35/126 ---
2025-10-25 01:15:40,579 [INFO] --- Validation episode 36/126 ---
2025-10-25 01:15:40,601 [INFO] --- Validation episode 37/126 ---
2025-10-25 01:15:40,625 [INFO] --- Validation episode 38/126 ---
2025-10-25 01:15:40,649 [INFO] --- Validation episode 39/126 ---
2025-10-25 01:15:40,672 [INFO] --- Validation episode 40/126 ---
2025-10-25 01:15:40,694 [INFO] --- Validation episode 41/126 ---
2025-10-25 01:15:40,717 [INFO] --- Validation episode 42/126 ---
2025-10-25 01:15:40,741 [INFO] --- Validation episode 43/126 ---
2025-10-25 01:15:40,763 [INFO] --- Validation episode 44/126 ---
2025-10-25 01:15:40,785 [INFO] --- Validation episode 45/126 ---
2025-10-25 01:15:40,807 [INFO] --- Validation episode 46/126 ---
2025-10-25 01:15:40,830 [INFO] --- Validation episode 47/126 ---
2025-10-25 01:15:40,852 [INFO] --- Validation episode 48/126 ---
2025-10-25 01:15:40,873 [INFO] --- Validation episode 49/126 ---
2025-10-25 01:15:40,895 [INFO] --- Validation episode 50/126 ---
2025-10-25 01:15:40,916 [INFO] --- Validation episode 51/126 ---
2025-10-25 01:15:40,938 [INFO] --- Validation episode 52/126 ---
2025-10-25 01:15:40,961 [INFO] --- Validation episode 53/126 ---
2025-10-25 01:15:40,984 [INFO] --- Validation episode 54/126 ---
2025-10-25 01:15:41,006 [INFO] --- Validation episode 55/126 ---
2025-10-25 01:15:41,027 [INFO] --- Validation episode 56/126 ---
2025-10-25 01:15:41,049 [INFO] --- Validation episode 57/126 ---
2025-10-25 01:15:41,074 [INFO] --- Validation episode 58/126 ---
2025-10-25 01:15:41,097 [INFO] --- Validation episode 59/126 ---
2025-10-25 01:15:41,119 [INFO] --- Validation episode 60/126 ---
2025-10-25 01:15:41,140 [INFO] --- Validation episode 61/126 ---
2025-10-25 01:15:41,164 [INFO] --- Validation episode 62/126 ---
2025-10-25 01:15:41,187 [INFO] --- Validation episode 63/126 ---
2025-10-25 01:15:41,210 [INFO] --- Validation episode 64/126 ---
2025-10-25 01:15:41,231 [INFO] --- Validation episode 65/126 ---
2025-10-25 01:15:41,253 [INFO] --- Validation episode 66/126 ---
2025-10-25 01:15:41,275 [INFO] --- Validation episode 67/126 ---
2025-10-25 01:15:41,299 [INFO] --- Validation episode 68/126 ---
2025-10-25 01:15:41,322 [INFO] --- Validation episode 69/126 ---
2025-10-25 01:15:41,343 [INFO] --- Validation episode 70/126 ---
2025-10-25 01:15:41,365 [INFO] --- Validation episode 71/126 ---
2025-10-25 01:15:41,387 [INFO] --- Validation episode 72/126 ---
2025-10-25 01:15:41,411 [INFO] --- Validation episode 73/126 ---
2025-10-25 01:15:41,433 [INFO] --- Validation episode 74/126 ---
2025-10-25 01:15:41,455 [INFO] --- Validation episode 75/126 ---
2025-10-25 01:15:41,476 [INFO] --- Validation episode 76/126 ---
2025-10-25 01:15:41,510 [INFO] --- Validation episode 77/126 ---
2025-10-25 01:15:41,543 [INFO] --- Validation episode 78/126 ---
2025-10-25 01:15:41,573 [INFO] --- Validation episode 79/126 ---
2025-10-25 01:15:41,603 [INFO] --- Validation episode 80/126 ---
2025-10-25 01:15:41,634 [INFO] --- Validation episode 81/126 ---
2025-10-25 01:15:41,657 [INFO] --- Validation episode 82/126 ---
2025-10-25 01:15:41,681 [INFO] --- Validation episode 83/126 ---
2025-10-25 01:15:41,703 [INFO] --- Validation episode 84/126 ---
2025-10-25 01:15:41,725 [INFO] --- Validation episode 85/126 ---
2025-10-25 01:15:41,747 [INFO] --- Validation episode 86/126 ---
2025-10-25 01:15:41,779 [INFO] --- Validation episode 87/126 ---
2025-10-25 01:15:41,813 [INFO] --- Validation episode 88/126 ---
2025-10-25 01:15:41,843 [INFO] --- Validation episode 89/126 ---
2025-10-25 01:15:41,873 [INFO] --- Validation episode 90/126 ---
2025-10-25 01:15:41,904 [INFO] --- Validation episode 91/126 ---
2025-10-25 01:15:41,925 [INFO] --- Validation episode 92/126 ---
2025-10-25 01:15:41,948 [INFO] --- Validation episode 93/126 ---
2025-10-25 01:15:41,971 [INFO] --- Validation episode 94/126 ---
2025-10-25 01:15:41,993 [INFO] --- Validation episode 95/126 ---
2025-10-25 01:15:42,014 [INFO] --- Validation episode 96/126 ---
2025-10-25 01:15:42,036 [INFO] --- Validation episode 97/126 ---
2025-10-25 01:15:42,060 [INFO] --- Validation episode 98/126 ---
2025-10-25 01:15:42,083 [INFO] --- Validation episode 99/126 ---
2025-10-25 01:15:42,105 [INFO] --- Validation episode 100/126 ---
2025-10-25 01:15:42,127 [INFO] --- Validation episode 101/126 ---
2025-10-25 01:15:42,150 [INFO] --- Validation episode 102/126 ---
2025-10-25 01:15:42,172 [INFO] --- Validation episode 103/126 ---
2025-10-25 01:15:42,196 [INFO] --- Validation episode 104/126 ---
2025-10-25 01:15:42,217 [INFO] --- Validation episode 105/126 ---
2025-10-25 01:15:42,239 [INFO] --- Validation episode 106/126 ---
2025-10-25 01:15:42,262 [INFO] --- Validation episode 107/126 ---
2025-10-25 01:15:42,284 [INFO] --- Validation episode 108/126 ---
2025-10-25 01:15:42,309 [INFO] --- Validation episode 109/126 ---
2025-10-25 01:15:42,330 [INFO] --- Validation episode 110/126 ---
2025-10-25 01:15:42,351 [INFO] --- Validation episode 111/126 ---
2025-10-25 01:15:42,373 [INFO] --- Validation episode 112/126 ---
2025-10-25 01:15:42,396 [INFO] --- Validation episode 113/126 ---
2025-10-25 01:15:42,417 [INFO] --- Validation episode 114/126 ---
2025-10-25 01:15:42,438 [INFO] --- Validation episode 115/126 ---
2025-10-25 01:15:42,460 [INFO] --- Validation episode 116/126 ---
2025-10-25 01:15:42,483 [INFO] --- Validation episode 117/126 ---
2025-10-25 01:15:42,508 [INFO] --- Validation episode 118/126 ---
2025-10-25 01:15:42,528 [INFO] --- Validation episode 119/126 ---
2025-10-25 01:15:42,550 [INFO] --- Validation episode 120/126 ---
2025-10-25 01:15:42,571 [INFO] --- Validation episode 121/126 ---
2025-10-25 01:15:42,603 [INFO] --- Validation episode 122/126 ---
2025-10-25 01:15:42,635 [INFO] --- Validation episode 123/126 ---
2025-10-25 01:15:42,667 [INFO] --- Validation episode 124/126 ---
2025-10-25 01:15:42,698 [INFO] --- Validation episode 125/126 ---
2025-10-25 01:15:42,729 [INFO] --- Validation episode 126/126 ---
2025-10-25 01:15:42,750 [INFO] --- Ep_48000 Validation Results: mean_reward=0.01202, Mean PnL: 121.22, Win rate: 59.33% ---
2025-10-25 01:15:42,751 [INFO] --- Finished Evaluation: Validation ---
2025-10-25 01:16:05,236 [INFO] --- Starting Evaluation: Validation, episodes=126 ---
2025-10-25 01:16:05,236 [INFO] --- Validation episode 1/126 ---
2025-10-25 01:16:05,258 [INFO] --- Validation episode 2/126 ---
2025-10-25 01:16:05,281 [INFO] --- Validation episode 3/126 ---
2025-10-25 01:16:05,304 [INFO] --- Validation episode 4/126 ---
2025-10-25 01:16:05,327 [INFO] --- Validation episode 5/126 ---
2025-10-25 01:16:05,349 [INFO] --- Validation episode 6/126 ---
2025-10-25 01:16:05,370 [INFO] --- Validation episode 7/126 ---
2025-10-25 01:16:05,394 [INFO] --- Validation episode 8/126 ---
2025-10-25 01:16:05,417 [INFO] --- Validation episode 9/126 ---
2025-10-25 01:16:05,440 [INFO] --- Validation episode 10/126 ---
2025-10-25 01:16:05,462 [INFO] --- Validation episode 11/126 ---
2025-10-25 01:16:05,484 [INFO] --- Validation episode 12/126 ---
2025-10-25 01:16:05,507 [INFO] --- Validation episode 13/126 ---
2025-10-25 01:16:05,531 [INFO] --- Validation episode 14/126 ---
2025-10-25 01:16:05,552 [INFO] --- Validation episode 15/126 ---
2025-10-25 01:16:05,574 [INFO] --- Validation episode 16/126 ---
2025-10-25 01:16:05,596 [INFO] --- Validation episode 17/126 ---
2025-10-25 01:16:05,619 [INFO] --- Validation episode 18/126 ---
2025-10-25 01:16:05,644 [INFO] --- Validation episode 19/126 ---
2025-10-25 01:16:05,666 [INFO] --- Validation episode 20/126 ---
2025-10-25 01:16:05,688 [INFO] --- Validation episode 21/126 ---
2025-10-25 01:16:05,709 [INFO] --- Validation episode 22/126 ---
2025-10-25 01:16:05,733 [INFO] --- Validation episode 23/126 ---
2025-10-25 01:16:05,757 [INFO] --- Validation episode 24/126 ---
2025-10-25 01:16:05,778 [INFO] --- Validation episode 25/126 ---
2025-10-25 01:16:05,800 [INFO] --- Validation episode 26/126 ---
2025-10-25 01:16:05,824 [INFO] --- Validation episode 27/126 ---
2025-10-25 01:16:05,848 [INFO] --- Validation episode 28/126 ---
2025-10-25 01:16:05,871 [INFO] --- Validation episode 29/126 ---
2025-10-25 01:16:05,892 [INFO] --- Validation episode 30/126 ---
2025-10-25 01:16:05,914 [INFO] --- Validation episode 31/126 ---
2025-10-25 01:16:05,936 [INFO] --- Validation episode 32/126 ---
2025-10-25 01:16:05,959 [INFO] --- Validation episode 33/126 ---
2025-10-25 01:16:05,983 [INFO] --- Validation episode 34/126 ---
2025-10-25 01:16:06,004 [INFO] --- Validation episode 35/126 ---
2025-10-25 01:16:06,025 [INFO] --- Validation episode 36/126 ---
2025-10-25 01:16:06,048 [INFO] --- Validation episode 37/126 ---
2025-10-25 01:16:06,070 [INFO] --- Validation episode 38/126 ---
2025-10-25 01:16:06,094 [INFO] --- Validation episode 39/126 ---
2025-10-25 01:16:06,115 [INFO] --- Validation episode 40/126 ---
2025-10-25 01:16:06,137 [INFO] --- Validation episode 41/126 ---
2025-10-25 01:16:06,159 [INFO] --- Validation episode 42/126 ---
2025-10-25 01:16:06,182 [INFO] --- Validation episode 43/126 ---
2025-10-25 01:16:06,205 [INFO] --- Validation episode 44/126 ---
2025-10-25 01:16:06,227 [INFO] --- Validation episode 45/126 ---
2025-10-25 01:16:06,249 [INFO] --- Validation episode 46/126 ---
2025-10-25 01:16:06,272 [INFO] --- Validation episode 47/126 ---
2025-10-25 01:16:06,296 [INFO] --- Validation episode 48/126 ---
2025-10-25 01:16:06,319 [INFO] --- Validation episode 49/126 ---
2025-10-25 01:16:06,341 [INFO] --- Validation episode 50/126 ---
2025-10-25 01:16:06,362 [INFO] --- Validation episode 51/126 ---
2025-10-25 01:16:06,385 [INFO] --- Validation episode 52/126 ---
2025-10-25 01:16:06,407 [INFO] --- Validation episode 53/126 ---
2025-10-25 01:16:06,431 [INFO] --- Validation episode 54/126 ---
2025-10-25 01:16:06,452 [INFO] --- Validation episode 55/126 ---
2025-10-25 01:16:06,474 [INFO] --- Validation episode 56/126 ---
2025-10-25 01:16:06,496 [INFO] --- Validation episode 57/126 ---
2025-10-25 01:16:06,520 [INFO] --- Validation episode 58/126 ---
2025-10-25 01:16:06,542 [INFO] --- Validation episode 59/126 ---
2025-10-25 01:16:06,564 [INFO] --- Validation episode 60/126 ---
2025-10-25 01:16:06,585 [INFO] --- Validation episode 61/126 ---
2025-10-25 01:16:06,617 [INFO] --- Validation episode 62/126 ---
2025-10-25 01:16:06,651 [INFO] --- Validation episode 63/126 ---
2025-10-25 01:16:06,683 [INFO] --- Validation episode 64/126 ---
2025-10-25 01:16:06,713 [INFO] --- Validation episode 65/126 ---
2025-10-25 01:16:06,744 [INFO] --- Validation episode 66/126 ---
2025-10-25 01:16:06,776 [INFO] --- Validation episode 67/126 ---
2025-10-25 01:16:06,808 [INFO] --- Validation episode 68/126 ---
2025-10-25 01:16:06,838 [INFO] --- Validation episode 69/126 ---
2025-10-25 01:16:06,868 [INFO] --- Validation episode 70/126 ---
2025-10-25 01:16:06,899 [INFO] --- Validation episode 71/126 ---
2025-10-25 01:16:06,921 [INFO] --- Validation episode 72/126 ---
2025-10-25 01:16:06,945 [INFO] --- Validation episode 73/126 ---
2025-10-25 01:16:06,968 [INFO] --- Validation episode 74/126 ---
2025-10-25 01:16:06,990 [INFO] --- Validation episode 75/126 ---
2025-10-25 01:16:07,012 [INFO] --- Validation episode 76/126 ---
2025-10-25 01:16:07,035 [INFO] --- Validation episode 77/126 ---
2025-10-25 01:16:07,057 [INFO] --- Validation episode 78/126 ---
2025-10-25 01:16:07,084 [INFO] --- Validation episode 79/126 ---
2025-10-25 01:16:07,109 [INFO] --- Validation episode 80/126 ---
2025-10-25 01:16:07,131 [INFO] --- Validation episode 81/126 ---
2025-10-25 01:16:07,153 [INFO] --- Validation episode 82/126 ---
2025-10-25 01:16:07,176 [INFO] --- Validation episode 83/126 ---
2025-10-25 01:16:07,199 [INFO] --- Validation episode 84/126 ---
2025-10-25 01:16:07,220 [INFO] --- Validation episode 85/126 ---
2025-10-25 01:16:07,243 [INFO] --- Validation episode 86/126 ---
2025-10-25 01:16:07,275 [INFO] --- Validation episode 87/126 ---
2025-10-25 01:16:07,307 [INFO] --- Validation episode 88/126 ---
2025-10-25 01:16:07,338 [INFO] --- Validation episode 89/126 ---
2025-10-25 01:16:07,368 [INFO] --- Validation episode 90/126 ---
2025-10-25 01:16:07,399 [INFO] --- Validation episode 91/126 ---
2025-10-25 01:16:07,432 [INFO] --- Validation episode 92/126 ---
2025-10-25 01:16:07,464 [INFO] --- Validation episode 93/126 ---
2025-10-25 01:16:07,494 [INFO] --- Validation episode 94/126 ---
2025-10-25 01:16:07,525 [INFO] --- Validation episode 95/126 ---
2025-10-25 01:16:07,548 [INFO] --- Validation episode 96/126 ---
2025-10-25 01:16:07,570 [INFO] --- Validation episode 97/126 ---
2025-10-25 01:16:07,594 [INFO] --- Validation episode 98/126 ---
2025-10-25 01:16:07,615 [INFO] --- Validation episode 99/126 ---
2025-10-25 01:16:07,637 [INFO] --- Validation episode 100/126 ---
2025-10-25 01:16:07,658 [INFO] --- Validation episode 101/126 ---
2025-10-25 01:16:07,684 [INFO] --- Validation episode 102/126 ---
2025-10-25 01:16:07,707 [INFO] --- Validation episode 103/126 ---
2025-10-25 01:16:07,728 [INFO] --- Validation episode 104/126 ---
2025-10-25 01:16:07,750 [INFO] --- Validation episode 105/126 ---
2025-10-25 01:16:07,783 [INFO] --- Validation episode 106/126 ---
2025-10-25 01:16:07,815 [INFO] --- Validation episode 107/126 ---
2025-10-25 01:16:07,845 [INFO] --- Validation episode 108/126 ---
2025-10-25 01:16:07,875 [INFO] --- Validation episode 109/126 ---
2025-10-25 01:16:07,906 [INFO] --- Validation episode 110/126 ---
2025-10-25 01:16:07,928 [INFO] --- Validation episode 111/126 ---
2025-10-25 01:16:07,951 [INFO] --- Validation episode 112/126 ---
2025-10-25 01:16:07,974 [INFO] --- Validation episode 113/126 ---
2025-10-25 01:16:07,997 [INFO] --- Validation episode 114/126 ---
2025-10-25 01:16:08,019 [INFO] --- Validation episode 115/126 ---
2025-10-25 01:16:08,048 [INFO] --- Validation episode 116/126 ---
2025-10-25 01:16:08,080 [INFO] --- Validation episode 117/126 ---
2025-10-25 01:16:08,112 [INFO] --- Validation episode 118/126 ---
2025-10-25 01:16:08,142 [INFO] --- Validation episode 119/126 ---
2025-10-25 01:16:08,165 [INFO] --- Validation episode 120/126 ---
2025-10-25 01:16:08,188 [INFO] --- Validation episode 121/126 ---
2025-10-25 01:16:08,210 [INFO] --- Validation episode 122/126 ---
2025-10-25 01:16:08,231 [INFO] --- Validation episode 123/126 ---
2025-10-25 01:16:08,253 [INFO] --- Validation episode 124/126 ---
2025-10-25 01:16:08,283 [INFO] --- Validation episode 125/126 ---
2025-10-25 01:16:08,316 [INFO] --- Validation episode 126/126 ---
2025-10-25 01:16:08,347 [INFO] --- Ep_49000 Validation Results: mean_reward=0.00601, Mean PnL: 60.69, Win rate: 60.85% ---
2025-10-25 01:16:08,347 [INFO] --- Finished Evaluation: Validation ---
2025-10-25 01:16:30,730 [INFO] --- Starting Evaluation: Validation, episodes=126 ---
2025-10-25 01:16:30,731 [INFO] --- Validation episode 1/126 ---
2025-10-25 01:16:30,753 [INFO] --- Validation episode 2/126 ---
2025-10-25 01:16:30,776 [INFO] --- Validation episode 3/126 ---
2025-10-25 01:16:30,800 [INFO] --- Validation episode 4/126 ---
2025-10-25 01:16:30,821 [INFO] --- Validation episode 5/126 ---
2025-10-25 01:16:30,843 [INFO] --- Validation episode 6/126 ---
2025-10-25 01:16:30,865 [INFO] --- Validation episode 7/126 ---
2025-10-25 01:16:30,888 [INFO] --- Validation episode 8/126 ---
2025-10-25 01:16:30,911 [INFO] --- Validation episode 9/126 ---
2025-10-25 01:16:30,932 [INFO] --- Validation episode 10/126 ---
2025-10-25 01:16:30,954 [INFO] --- Validation episode 11/126 ---
2025-10-25 01:16:30,975 [INFO] --- Validation episode 12/126 ---
2025-10-25 01:16:30,998 [INFO] --- Validation episode 13/126 ---
2025-10-25 01:16:31,020 [INFO] --- Validation episode 14/126 ---
2025-10-25 01:16:31,043 [INFO] --- Validation episode 15/126 ---
2025-10-25 01:16:31,064 [INFO] --- Validation episode 16/126 ---
2025-10-25 01:16:31,088 [INFO] --- Validation episode 17/126 ---
2025-10-25 01:16:31,118 [INFO] --- Validation episode 18/126 ---
2025-10-25 01:16:31,148 [INFO] --- Validation episode 19/126 ---
2025-10-25 01:16:31,178 [INFO] --- Validation episode 20/126 ---
2025-10-25 01:16:31,208 [INFO] --- Validation episode 21/126 ---
2025-10-25 01:16:31,231 [INFO] --- Validation episode 22/126 ---
2025-10-25 01:16:31,254 [INFO] --- Validation episode 23/126 ---
2025-10-25 01:16:31,276 [INFO] --- Validation episode 24/126 ---
2025-10-25 01:16:31,298 [INFO] --- Validation episode 25/126 ---
2025-10-25 01:16:31,319 [INFO] --- Validation episode 26/126 ---
2025-10-25 01:16:31,352 [INFO] --- Validation episode 27/126 ---
2025-10-25 01:16:31,384 [INFO] --- Validation episode 28/126 ---
2025-10-25 01:16:31,415 [INFO] --- Validation episode 29/126 ---
2025-10-25 01:16:31,445 [INFO] --- Validation episode 30/126 ---
2025-10-25 01:16:31,476 [INFO] --- Validation episode 31/126 ---
2025-10-25 01:16:31,499 [INFO] --- Validation episode 32/126 ---
2025-10-25 01:16:31,522 [INFO] --- Validation episode 33/126 ---
2025-10-25 01:16:31,545 [INFO] --- Validation episode 34/126 ---
2025-10-25 01:16:31,567 [INFO] --- Validation episode 35/126 ---
2025-10-25 01:16:31,589 [INFO] --- Validation episode 36/126 ---
2025-10-25 01:16:31,610 [INFO] --- Validation episode 37/126 ---
2025-10-25 01:16:31,635 [INFO] --- Validation episode 38/126 ---
2025-10-25 01:16:31,657 [INFO] --- Validation episode 39/126 ---
2025-10-25 01:16:31,680 [INFO] --- Validation episode 40/126 ---
2025-10-25 01:16:31,702 [INFO] --- Validation episode 41/126 ---
2025-10-25 01:16:31,735 [INFO] --- Validation episode 42/126 ---
2025-10-25 01:16:31,766 [INFO] --- Validation episode 43/126 ---
2025-10-25 01:16:31,796 [INFO] --- Validation episode 44/126 ---
2025-10-25 01:16:31,826 [INFO] --- Validation episode 45/126 ---
2025-10-25 01:16:31,857 [INFO] --- Validation episode 46/126 ---
2025-10-25 01:16:31,879 [INFO] --- Validation episode 47/126 ---
2025-10-25 01:16:31,902 [INFO] --- Validation episode 48/126 ---
2025-10-25 01:16:31,925 [INFO] --- Validation episode 49/126 ---
2025-10-25 01:16:31,947 [INFO] --- Validation episode 50/126 ---
2025-10-25 01:16:31,969 [INFO] --- Validation episode 51/126 ---
2025-10-25 01:16:31,998 [INFO] --- Validation episode 52/126 ---
2025-10-25 01:16:32,031 [INFO] --- Validation episode 53/126 ---
2025-10-25 01:16:32,063 [INFO] --- Validation episode 54/126 ---
2025-10-25 01:16:32,093 [INFO] --- Validation episode 55/126 ---
2025-10-25 01:16:32,124 [INFO] --- Validation episode 56/126 ---
2025-10-25 01:16:32,147 [INFO] --- Validation episode 57/126 ---
2025-10-25 01:16:32,179 [INFO] --- Validation episode 58/126 ---
2025-10-25 01:16:32,211 [INFO] --- Validation episode 59/126 ---
2025-10-25 01:16:32,242 [INFO] --- Validation episode 60/126 ---
2025-10-25 01:16:32,273 [INFO] --- Validation episode 61/126 ---
2025-10-25 01:16:32,304 [INFO] --- Validation episode 62/126 ---
2025-10-25 01:16:32,334 [INFO] --- Validation episode 63/126 ---
2025-10-25 01:16:32,365 [INFO] --- Validation episode 64/126 ---
2025-10-25 01:16:32,396 [INFO] --- Validation episode 65/126 ---
2025-10-25 01:16:32,429 [INFO] --- Validation episode 66/126 ---
2025-10-25 01:16:32,459 [INFO] --- Validation episode 67/126 ---
2025-10-25 01:16:32,490 [INFO] --- Validation episode 68/126 ---
2025-10-25 01:16:32,512 [INFO] --- Validation episode 69/126 ---
2025-10-25 01:16:32,535 [INFO] --- Validation episode 70/126 ---
2025-10-25 01:16:32,556 [INFO] --- Validation episode 71/126 ---
2025-10-25 01:16:32,578 [INFO] --- Validation episode 72/126 ---
2025-10-25 01:16:32,599 [INFO] --- Validation episode 73/126 ---
2025-10-25 01:16:32,631 [INFO] --- Validation episode 74/126 ---
2025-10-25 01:16:32,661 [INFO] --- Validation episode 75/126 ---
2025-10-25 01:16:32,683 [INFO] --- Validation episode 76/126 ---
2025-10-25 01:16:32,706 [INFO] --- Validation episode 77/126 ---
2025-10-25 01:16:32,727 [INFO] --- Validation episode 78/126 ---
2025-10-25 01:16:32,751 [INFO] --- Validation episode 79/126 ---
2025-10-25 01:16:32,773 [INFO] --- Validation episode 80/126 ---
2025-10-25 01:16:32,795 [INFO] --- Validation episode 81/126 ---
2025-10-25 01:16:32,817 [INFO] --- Validation episode 82/126 ---
2025-10-25 01:16:32,844 [INFO] --- Validation episode 83/126 ---
2025-10-25 01:16:32,874 [INFO] --- Validation episode 84/126 ---
2025-10-25 01:16:32,905 [INFO] --- Validation episode 85/126 ---
2025-10-25 01:16:32,935 [INFO] --- Validation episode 86/126 ---
2025-10-25 01:16:32,959 [INFO] --- Validation episode 87/126 ---
2025-10-25 01:16:32,983 [INFO] --- Validation episode 88/126 ---
2025-10-25 01:16:33,005 [INFO] --- Validation episode 89/126 ---
2025-10-25 01:16:33,026 [INFO] --- Validation episode 90/126 ---
2025-10-25 01:16:33,048 [INFO] --- Validation episode 91/126 ---
2025-10-25 01:16:33,075 [INFO] --- Validation episode 92/126 ---
2025-10-25 01:16:33,109 [INFO] --- Validation episode 93/126 ---
2025-10-25 01:16:33,140 [INFO] --- Validation episode 94/126 ---
2025-10-25 01:16:33,169 [INFO] --- Validation episode 95/126 ---
2025-10-25 01:16:33,200 [INFO] --- Validation episode 96/126 ---
2025-10-25 01:16:33,232 [INFO] --- Validation episode 97/126 ---
2025-10-25 01:16:33,264 [INFO] --- Validation episode 98/126 ---
2025-10-25 01:16:33,294 [INFO] --- Validation episode 99/126 ---
2025-10-25 01:16:33,325 [INFO] --- Validation episode 100/126 ---
2025-10-25 01:16:33,347 [INFO] --- Validation episode 101/126 ---
2025-10-25 01:16:33,372 [INFO] --- Validation episode 102/126 ---
2025-10-25 01:16:33,395 [INFO] --- Validation episode 103/126 ---
2025-10-25 01:16:33,417 [INFO] --- Validation episode 104/126 ---
2025-10-25 01:16:33,439 [INFO] --- Validation episode 105/126 ---
2025-10-25 01:16:33,461 [INFO] --- Validation episode 106/126 ---
2025-10-25 01:16:33,485 [INFO] --- Validation episode 107/126 ---
2025-10-25 01:16:33,507 [INFO] --- Validation episode 108/126 ---
2025-10-25 01:16:33,528 [INFO] --- Validation episode 109/126 ---
2025-10-25 01:16:33,549 [INFO] --- Validation episode 110/126 ---
2025-10-25 01:16:33,582 [INFO] --- Validation episode 111/126 ---
2025-10-25 01:16:33,615 [INFO] --- Validation episode 112/126 ---
2025-10-25 01:16:33,646 [INFO] --- Validation episode 113/126 ---
2025-10-25 01:16:33,676 [INFO] --- Validation episode 114/126 ---
2025-10-25 01:16:33,707 [INFO] --- Validation episode 115/126 ---
2025-10-25 01:16:33,731 [INFO] --- Validation episode 116/126 ---
2025-10-25 01:16:33,763 [INFO] --- Validation episode 117/126 ---
2025-10-25 01:16:33,795 [INFO] --- Validation episode 118/126 ---
2025-10-25 01:16:33,826 [INFO] --- Validation episode 119/126 ---
2025-10-25 01:16:33,857 [INFO] --- Validation episode 120/126 ---
2025-10-25 01:16:33,890 [INFO] --- Validation episode 121/126 ---
2025-10-25 01:16:33,921 [INFO] --- Validation episode 122/126 ---
2025-10-25 01:16:33,951 [INFO] --- Validation episode 123/126 ---
2025-10-25 01:16:33,981 [INFO] --- Validation episode 124/126 ---
2025-10-25 01:16:34,012 [INFO] --- Validation episode 125/126 ---
2025-10-25 01:16:34,044 [INFO] --- Validation episode 126/126 ---
2025-10-25 01:16:34,075 [INFO] --- Ep_50000 Validation Results: mean_reward=0.01469, Mean PnL: 147.95, Win rate: 62.17% ---
2025-10-25 01:16:34,075 [INFO] --- Finished Evaluation: Validation ---
2025-10-25 01:16:56,488 [INFO] --- Starting Evaluation: Validation, episodes=126 ---
2025-10-25 01:16:56,489 [INFO] --- Validation episode 1/126 ---
2025-10-25 01:16:56,513 [INFO] --- Validation episode 2/126 ---
2025-10-25 01:16:56,535 [INFO] --- Validation episode 3/126 ---
2025-10-25 01:16:56,559 [INFO] --- Validation episode 4/126 ---
2025-10-25 01:16:56,580 [INFO] --- Validation episode 5/126 ---
2025-10-25 01:16:56,601 [INFO] --- Validation episode 6/126 ---
2025-10-25 01:16:56,625 [INFO] --- Validation episode 7/126 ---
2025-10-25 01:16:56,648 [INFO] --- Validation episode 8/126 ---
2025-10-25 01:16:56,671 [INFO] --- Validation episode 9/126 ---
2025-10-25 01:16:56,693 [INFO] --- Validation episode 10/126 ---
2025-10-25 01:16:56,715 [INFO] --- Validation episode 11/126 ---
2025-10-25 01:16:56,738 [INFO] --- Validation episode 12/126 ---
2025-10-25 01:16:56,761 [INFO] --- Validation episode 13/126 ---
2025-10-25 01:16:56,785 [INFO] --- Validation episode 14/126 ---
2025-10-25 01:16:56,807 [INFO] --- Validation episode 15/126 ---
2025-10-25 01:16:56,828 [INFO] --- Validation episode 16/126 ---
2025-10-25 01:16:56,850 [INFO] --- Validation episode 17/126 ---
2025-10-25 01:16:56,873 [INFO] --- Validation episode 18/126 ---
2025-10-25 01:16:56,897 [INFO] --- Validation episode 19/126 ---
2025-10-25 01:16:56,919 [INFO] --- Validation episode 20/126 ---
2025-10-25 01:16:56,941 [INFO] --- Validation episode 21/126 ---
2025-10-25 01:16:56,965 [INFO] --- Validation episode 22/126 ---
2025-10-25 01:16:56,989 [INFO] --- Validation episode 23/126 ---
2025-10-25 01:16:57,012 [INFO] --- Validation episode 24/126 ---
2025-10-25 01:16:57,033 [INFO] --- Validation episode 25/126 ---
2025-10-25 01:16:57,055 [INFO] --- Validation episode 26/126 ---
2025-10-25 01:16:57,078 [INFO] --- Validation episode 27/126 ---
2025-10-25 01:16:57,102 [INFO] --- Validation episode 28/126 ---
2025-10-25 01:16:57,122 [INFO] --- Validation episode 29/126 ---
2025-10-25 01:16:57,143 [INFO] --- Validation episode 30/126 ---
2025-10-25 01:16:57,164 [INFO] --- Validation episode 31/126 ---
2025-10-25 01:16:57,196 [INFO] --- Validation episode 32/126 ---
2025-10-25 01:16:57,228 [INFO] --- Validation episode 33/126 ---
2025-10-25 01:16:57,259 [INFO] --- Validation episode 34/126 ---
2025-10-25 01:16:57,289 [INFO] --- Validation episode 35/126 ---
2025-10-25 01:16:57,320 [INFO] --- Validation episode 36/126 ---
2025-10-25 01:16:57,342 [INFO] --- Validation episode 37/126 ---
2025-10-25 01:16:57,364 [INFO] --- Validation episode 38/126 ---
2025-10-25 01:16:57,388 [INFO] --- Validation episode 39/126 ---
2025-10-25 01:16:57,410 [INFO] --- Validation episode 40/126 ---
2025-10-25 01:16:57,432 [INFO] --- Validation episode 41/126 ---
2025-10-25 01:16:57,463 [INFO] --- Validation episode 42/126 ---
2025-10-25 01:16:57,495 [INFO] --- Validation episode 43/126 ---
2025-10-25 01:16:57,526 [INFO] --- Validation episode 44/126 ---
2025-10-25 01:16:57,557 [INFO] --- Validation episode 45/126 ---
2025-10-25 01:16:57,587 [INFO] --- Validation episode 46/126 ---
2025-10-25 01:16:57,619 [INFO] --- Validation episode 47/126 ---
2025-10-25 01:16:57,653 [INFO] --- Validation episode 48/126 ---
2025-10-25 01:16:57,683 [INFO] --- Validation episode 49/126 ---
2025-10-25 01:16:57,715 [INFO] --- Validation episode 50/126 ---
2025-10-25 01:16:57,747 [INFO] --- Validation episode 51/126 ---
2025-10-25 01:16:57,781 [INFO] --- Validation episode 52/126 ---
2025-10-25 01:16:57,811 [INFO] --- Validation episode 53/126 ---
2025-10-25 01:16:57,842 [INFO] --- Validation episode 54/126 ---
2025-10-25 01:16:57,865 [INFO] --- Validation episode 55/126 ---
2025-10-25 01:16:57,889 [INFO] --- Validation episode 56/126 ---
2025-10-25 01:16:57,912 [INFO] --- Validation episode 57/126 ---
2025-10-25 01:16:57,933 [INFO] --- Validation episode 58/126 ---
2025-10-25 01:16:57,955 [INFO] --- Validation episode 59/126 ---
2025-10-25 01:16:57,978 [INFO] --- Validation episode 60/126 ---
2025-10-25 01:16:58,002 [INFO] --- Validation episode 61/126 ---
2025-10-25 01:16:58,025 [INFO] --- Validation episode 62/126 ---
2025-10-25 01:16:58,046 [INFO] --- Validation episode 63/126 ---
2025-10-25 01:16:58,068 [INFO] --- Validation episode 64/126 ---
2025-10-25 01:16:58,091 [INFO] --- Validation episode 65/126 ---
2025-10-25 01:16:58,113 [INFO] --- Validation episode 66/126 ---
2025-10-25 01:16:58,136 [INFO] --- Validation episode 67/126 ---
2025-10-25 01:16:58,157 [INFO] --- Validation episode 68/126 ---
2025-10-25 01:16:58,178 [INFO] --- Validation episode 69/126 ---
2025-10-25 01:16:58,200 [INFO] --- Validation episode 70/126 ---
2025-10-25 01:16:58,224 [INFO] --- Validation episode 71/126 ---
2025-10-25 01:16:58,246 [INFO] --- Validation episode 72/126 ---
2025-10-25 01:16:58,268 [INFO] --- Validation episode 73/126 ---
2025-10-25 01:16:58,289 [INFO] --- Validation episode 74/126 ---
2025-10-25 01:16:58,312 [INFO] --- Validation episode 75/126 ---
2025-10-25 01:16:58,337 [INFO] --- Validation episode 76/126 ---
2025-10-25 01:16:58,358 [INFO] --- Validation episode 77/126 ---
2025-10-25 01:16:58,379 [INFO] --- Validation episode 78/126 ---
2025-10-25 01:16:58,401 [INFO] --- Validation episode 79/126 ---
2025-10-25 01:16:58,424 [INFO] --- Validation episode 80/126 ---
2025-10-25 01:16:58,447 [INFO] --- Validation episode 81/126 ---
2025-10-25 01:16:58,469 [INFO] --- Validation episode 82/126 ---
2025-10-25 01:16:58,490 [INFO] --- Validation episode 83/126 ---
2025-10-25 01:16:58,512 [INFO] --- Validation episode 84/126 ---
2025-10-25 01:16:58,543 [INFO] --- Validation episode 85/126 ---
2025-10-25 01:16:58,577 [INFO] --- Validation episode 86/126 ---
2025-10-25 01:16:58,608 [INFO] --- Validation episode 87/126 ---
2025-10-25 01:16:58,638 [INFO] --- Validation episode 88/126 ---
2025-10-25 01:16:58,669 [INFO] --- Validation episode 89/126 ---
2025-10-25 01:16:58,702 [INFO] --- Validation episode 90/126 ---
2025-10-25 01:16:58,734 [INFO] --- Validation episode 91/126 ---
2025-10-25 01:16:58,765 [INFO] --- Validation episode 92/126 ---
2025-10-25 01:16:58,795 [INFO] --- Validation episode 93/126 ---
2025-10-25 01:16:58,825 [INFO] --- Validation episode 94/126 ---
2025-10-25 01:16:58,849 [INFO] --- Validation episode 95/126 ---
2025-10-25 01:16:58,873 [INFO] --- Validation episode 96/126 ---
2025-10-25 01:16:58,895 [INFO] --- Validation episode 97/126 ---
2025-10-25 01:16:58,917 [INFO] --- Validation episode 98/126 ---
2025-10-25 01:16:58,939 [INFO] --- Validation episode 99/126 ---
2025-10-25 01:16:58,962 [INFO] --- Validation episode 100/126 ---
2025-10-25 01:16:58,986 [INFO] --- Validation episode 101/126 ---
2025-10-25 01:16:59,007 [INFO] --- Validation episode 102/126 ---
2025-10-25 01:16:59,029 [INFO] --- Validation episode 103/126 ---
2025-10-25 01:16:59,050 [INFO] --- Validation episode 104/126 ---
2025-10-25 01:16:59,073 [INFO] --- Validation episode 105/126 ---
2025-10-25 01:16:59,096 [INFO] --- Validation episode 106/126 ---
2025-10-25 01:16:59,118 [INFO] --- Validation episode 107/126 ---
2025-10-25 01:16:59,139 [INFO] --- Validation episode 108/126 ---
2025-10-25 01:16:59,161 [INFO] --- Validation episode 109/126 ---
2025-10-25 01:16:59,184 [INFO] --- Validation episode 110/126 ---
2025-10-25 01:16:59,208 [INFO] --- Validation episode 111/126 ---
2025-10-25 01:16:59,231 [INFO] --- Validation episode 112/126 ---
2025-10-25 01:16:59,253 [INFO] --- Validation episode 113/126 ---
2025-10-25 01:16:59,274 [INFO] --- Validation episode 114/126 ---
2025-10-25 01:16:59,297 [INFO] --- Validation episode 115/126 ---
2025-10-25 01:16:59,321 [INFO] --- Validation episode 116/126 ---
2025-10-25 01:16:59,342 [INFO] --- Validation episode 117/126 ---
2025-10-25 01:16:59,363 [INFO] --- Validation episode 118/126 ---
2025-10-25 01:16:59,385 [INFO] --- Validation episode 119/126 ---
2025-10-25 01:16:59,408 [INFO] --- Validation episode 120/126 ---
2025-10-25 01:16:59,431 [INFO] --- Validation episode 121/126 ---
2025-10-25 01:16:59,455 [INFO] --- Validation episode 122/126 ---
2025-10-25 01:16:59,476 [INFO] --- Validation episode 123/126 ---
2025-10-25 01:16:59,498 [INFO] --- Validation episode 124/126 ---
2025-10-25 01:16:59,519 [INFO] --- Validation episode 125/126 ---
2025-10-25 01:16:59,542 [INFO] --- Validation episode 126/126 ---
2025-10-25 01:16:59,566 [INFO] --- Ep_51000 Validation Results: mean_reward=0.01369, Mean PnL: 138.84, Win rate: 57.62% ---
2025-10-25 01:16:59,566 [INFO] --- Finished Evaluation: Validation ---
2025-10-25 01:17:21,955 [INFO] --- Starting Evaluation: Validation, episodes=126 ---
2025-10-25 01:17:21,956 [INFO] --- Validation episode 1/126 ---
2025-10-25 01:17:21,983 [INFO] --- Validation episode 2/126 ---
2025-10-25 01:17:22,006 [INFO] --- Validation episode 3/126 ---
2025-10-25 01:17:22,026 [INFO] --- Validation episode 4/126 ---
2025-10-25 01:17:22,047 [INFO] --- Validation episode 5/126 ---
2025-10-25 01:17:22,068 [INFO] --- Validation episode 6/126 ---
2025-10-25 01:17:22,094 [INFO] --- Validation episode 7/126 ---
2025-10-25 01:17:22,127 [INFO] --- Validation episode 8/126 ---
2025-10-25 01:17:22,157 [INFO] --- Validation episode 9/126 ---
2025-10-25 01:17:22,187 [INFO] --- Validation episode 10/126 ---
2025-10-25 01:17:22,218 [INFO] --- Validation episode 11/126 ---
2025-10-25 01:17:22,250 [INFO] --- Validation episode 12/126 ---
2025-10-25 01:17:22,282 [INFO] --- Validation episode 13/126 ---
2025-10-25 01:17:22,313 [INFO] --- Validation episode 14/126 ---
2025-10-25 01:17:22,344 [INFO] --- Validation episode 15/126 ---
2025-10-25 01:17:22,373 [INFO] --- Validation episode 16/126 ---
2025-10-25 01:17:22,406 [INFO] --- Validation episode 17/126 ---
2025-10-25 01:17:22,436 [INFO] --- Validation episode 18/126 ---
2025-10-25 01:17:22,467 [INFO] --- Validation episode 19/126 ---
2025-10-25 01:17:22,491 [INFO] --- Validation episode 20/126 ---
2025-10-25 01:17:22,524 [INFO] --- Validation episode 21/126 ---
2025-10-25 01:17:22,554 [INFO] --- Validation episode 22/126 ---
2025-10-25 01:17:22,584 [INFO] --- Validation episode 23/126 ---
2025-10-25 01:17:22,608 [INFO] --- Validation episode 24/126 ---
2025-10-25 01:17:22,641 [INFO] --- Validation episode 25/126 ---
2025-10-25 01:17:22,672 [INFO] --- Validation episode 26/126 ---
2025-10-25 01:17:22,705 [INFO] --- Validation episode 27/126 ---
2025-10-25 01:17:22,732 [INFO] --- Validation episode 28/126 ---
2025-10-25 01:17:22,765 [INFO] --- Validation episode 29/126 ---
2025-10-25 01:17:22,797 [INFO] --- Validation episode 30/126 ---
2025-10-25 01:17:22,828 [INFO] --- Validation episode 31/126 ---
2025-10-25 01:17:22,858 [INFO] --- Validation episode 32/126 ---
2025-10-25 01:17:22,891 [INFO] --- Validation episode 33/126 ---
2025-10-25 01:17:22,922 [INFO] --- Validation episode 34/126 ---
2025-10-25 01:17:22,953 [INFO] --- Validation episode 35/126 ---
2025-10-25 01:17:22,981 [INFO] --- Validation episode 36/126 ---
2025-10-25 01:17:23,012 [INFO] --- Validation episode 37/126 ---
2025-10-25 01:17:23,043 [INFO] --- Validation episode 38/126 ---
2025-10-25 01:17:23,073 [INFO] --- Validation episode 39/126 ---
2025-10-25 01:17:23,096 [INFO] --- Validation episode 40/126 ---
2025-10-25 01:17:23,118 [INFO] --- Validation episode 41/126 ---
2025-10-25 01:17:23,140 [INFO] --- Validation episode 42/126 ---
2025-10-25 01:17:23,161 [INFO] --- Validation episode 43/126 ---
2025-10-25 01:17:23,182 [INFO] --- Validation episode 44/126 ---
2025-10-25 01:17:23,212 [INFO] --- Validation episode 45/126 ---
2025-10-25 01:17:23,245 [INFO] --- Validation episode 46/126 ---
2025-10-25 01:17:23,276 [INFO] --- Validation episode 47/126 ---
2025-10-25 01:17:23,306 [INFO] --- Validation episode 48/126 ---
2025-10-25 01:17:23,330 [INFO] --- Validation episode 49/126 ---
2025-10-25 01:17:23,353 [INFO] --- Validation episode 50/126 ---
2025-10-25 01:17:23,375 [INFO] --- Validation episode 51/126 ---
2025-10-25 01:17:23,396 [INFO] --- Validation episode 52/126 ---
2025-10-25 01:17:23,418 [INFO] --- Validation episode 53/126 ---
2025-10-25 01:17:23,443 [INFO] --- Validation episode 54/126 ---
2025-10-25 01:17:23,476 [INFO] --- Validation episode 55/126 ---
2025-10-25 01:17:23,508 [INFO] --- Validation episode 56/126 ---
2025-10-25 01:17:23,538 [INFO] --- Validation episode 57/126 ---
2025-10-25 01:17:23,566 [INFO] --- Validation episode 58/126 ---
2025-10-25 01:17:23,599 [INFO] --- Validation episode 59/126 ---
2025-10-25 01:17:23,626 [INFO] --- Validation episode 60/126 ---
2025-10-25 01:17:23,648 [INFO] --- Validation episode 61/126 ---
2025-10-25 01:17:23,679 [INFO] --- Validation episode 62/126 ---
2025-10-25 01:17:23,713 [INFO] --- Validation episode 63/126 ---
2025-10-25 01:17:23,744 [INFO] --- Validation episode 64/126 ---
2025-10-25 01:17:23,774 [INFO] --- Validation episode 65/126 ---
2025-10-25 01:17:23,801 [INFO] --- Validation episode 66/126 ---
2025-10-25 01:17:23,834 [INFO] --- Validation episode 67/126 ---
2025-10-25 01:17:23,866 [INFO] --- Validation episode 68/126 ---
2025-10-25 01:17:23,896 [INFO] --- Validation episode 69/126 ---
2025-10-25 01:17:23,926 [INFO] --- Validation episode 70/126 ---
2025-10-25 01:17:23,959 [INFO] --- Validation episode 71/126 ---
2025-10-25 01:17:23,990 [INFO] --- Validation episode 72/126 ---
2025-10-25 01:17:24,021 [INFO] --- Validation episode 73/126 ---
2025-10-25 01:17:24,045 [INFO] --- Validation episode 74/126 ---
2025-10-25 01:17:24,078 [INFO] --- Validation episode 75/126 ---
2025-10-25 01:17:24,109 [INFO] --- Validation episode 76/126 ---
2025-10-25 01:17:24,139 [INFO] --- Validation episode 77/126 ---
2025-10-25 01:17:24,162 [INFO] --- Validation episode 78/126 ---
2025-10-25 01:17:24,184 [INFO] --- Validation episode 79/126 ---
2025-10-25 01:17:24,207 [INFO] --- Validation episode 80/126 ---
2025-10-25 01:17:24,228 [INFO] --- Validation episode 81/126 ---
2025-10-25 01:17:24,249 [INFO] --- Validation episode 82/126 ---
2025-10-25 01:17:24,281 [INFO] --- Validation episode 83/126 ---
2025-10-25 01:17:24,313 [INFO] --- Validation episode 84/126 ---
2025-10-25 01:17:24,344 [INFO] --- Validation episode 85/126 ---
2025-10-25 01:17:24,375 [INFO] --- Validation episode 86/126 ---
2025-10-25 01:17:24,407 [INFO] --- Validation episode 87/126 ---
2025-10-25 01:17:24,437 [INFO] --- Validation episode 88/126 ---
2025-10-25 01:17:24,467 [INFO] --- Validation episode 89/126 ---
2025-10-25 01:17:24,497 [INFO] --- Validation episode 90/126 ---
2025-10-25 01:17:24,520 [INFO] --- Validation episode 91/126 ---
2025-10-25 01:17:24,543 [INFO] --- Validation episode 92/126 ---
2025-10-25 01:17:24,565 [INFO] --- Validation episode 93/126 ---
2025-10-25 01:17:24,588 [INFO] --- Validation episode 94/126 ---
2025-10-25 01:17:24,610 [INFO] --- Validation episode 95/126 ---
2025-10-25 01:17:24,633 [INFO] --- Validation episode 96/126 ---
2025-10-25 01:17:24,656 [INFO] --- Validation episode 97/126 ---
2025-10-25 01:17:24,677 [INFO] --- Validation episode 98/126 ---
2025-10-25 01:17:24,699 [INFO] --- Validation episode 99/126 ---
2025-10-25 01:17:24,721 [INFO] --- Validation episode 100/126 ---
2025-10-25 01:17:24,743 [INFO] --- Validation episode 101/126 ---
2025-10-25 01:17:24,766 [INFO] --- Validation episode 102/126 ---
2025-10-25 01:17:24,789 [INFO] --- Validation episode 103/126 ---
2025-10-25 01:17:24,811 [INFO] --- Validation episode 104/126 ---
2025-10-25 01:17:24,833 [INFO] --- Validation episode 105/126 ---
2025-10-25 01:17:24,863 [INFO] --- Validation episode 106/126 ---
2025-10-25 01:17:24,895 [INFO] --- Validation episode 107/126 ---
2025-10-25 01:17:24,925 [INFO] --- Validation episode 108/126 ---
2025-10-25 01:17:24,956 [INFO] --- Validation episode 109/126 ---
2025-10-25 01:17:24,987 [INFO] --- Validation episode 110/126 ---
2025-10-25 01:17:25,012 [INFO] --- Validation episode 111/126 ---
2025-10-25 01:17:25,045 [INFO] --- Validation episode 112/126 ---
2025-10-25 01:17:25,076 [INFO] --- Validation episode 113/126 ---
2025-10-25 01:17:25,107 [INFO] --- Validation episode 114/126 ---
2025-10-25 01:17:25,133 [INFO] --- Validation episode 115/126 ---
2025-10-25 01:17:25,166 [INFO] --- Validation episode 116/126 ---
2025-10-25 01:17:25,197 [INFO] --- Validation episode 117/126 ---
2025-10-25 01:17:25,227 [INFO] --- Validation episode 118/126 ---
2025-10-25 01:17:25,253 [INFO] --- Validation episode 119/126 ---
2025-10-25 01:17:25,281 [INFO] --- Validation episode 120/126 ---
2025-10-25 01:17:25,308 [INFO] --- Validation episode 121/126 ---
2025-10-25 01:17:25,334 [INFO] --- Validation episode 122/126 ---
2025-10-25 01:17:25,355 [INFO] --- Validation episode 123/126 ---
2025-10-25 01:17:25,378 [INFO] --- Validation episode 124/126 ---
2025-10-25 01:17:25,400 [INFO] --- Validation episode 125/126 ---
2025-10-25 01:17:25,422 [INFO] --- Validation episode 126/126 ---
2025-10-25 01:17:25,444 [INFO] --- Ep_52000 Validation Results: mean_reward=0.00251, Mean PnL: 27.68, Win rate: 55.95% ---
2025-10-25 01:17:25,444 [INFO] --- Finished Evaluation: Validation ---
2025-10-25 01:17:47,780 [INFO] --- Starting Evaluation: Validation, episodes=126 ---
2025-10-25 01:17:47,781 [INFO] --- Validation episode 1/126 ---
2025-10-25 01:17:47,815 [INFO] --- Validation episode 2/126 ---
2025-10-25 01:17:47,847 [INFO] --- Validation episode 3/126 ---
2025-10-25 01:17:47,877 [INFO] --- Validation episode 4/126 ---
2025-10-25 01:17:47,908 [INFO] --- Validation episode 5/126 ---
2025-10-25 01:17:47,941 [INFO] --- Validation episode 6/126 ---
2025-10-25 01:17:47,973 [INFO] --- Validation episode 7/126 ---
2025-10-25 01:17:48,004 [INFO] --- Validation episode 8/126 ---
2025-10-25 01:17:48,035 [INFO] --- Validation episode 9/126 ---
2025-10-25 01:17:48,057 [INFO] --- Validation episode 10/126 ---
2025-10-25 01:17:48,080 [INFO] --- Validation episode 11/126 ---
2025-10-25 01:17:48,103 [INFO] --- Validation episode 12/126 ---
2025-10-25 01:17:48,125 [INFO] --- Validation episode 13/126 ---
2025-10-25 01:17:48,147 [INFO] --- Validation episode 14/126 ---
2025-10-25 01:17:48,171 [INFO] --- Validation episode 15/126 ---
2025-10-25 01:17:48,194 [INFO] --- Validation episode 16/126 ---
2025-10-25 01:17:48,216 [INFO] --- Validation episode 17/126 ---
2025-10-25 01:17:48,237 [INFO] --- Validation episode 18/126 ---
2025-10-25 01:17:48,259 [INFO] --- Validation episode 19/126 ---
2025-10-25 01:17:48,282 [INFO] --- Validation episode 20/126 ---
2025-10-25 01:17:48,304 [INFO] --- Validation episode 21/126 ---
2025-10-25 01:17:48,326 [INFO] --- Validation episode 22/126 ---
2025-10-25 01:17:48,346 [INFO] --- Validation episode 23/126 ---
2025-10-25 01:17:48,367 [INFO] --- Validation episode 24/126 ---
2025-10-25 01:17:48,398 [INFO] --- Validation episode 25/126 ---
2025-10-25 01:17:48,430 [INFO] --- Validation episode 26/126 ---
2025-10-25 01:17:48,461 [INFO] --- Validation episode 27/126 ---
2025-10-25 01:17:48,491 [INFO] --- Validation episode 28/126 ---
2025-10-25 01:17:48,522 [INFO] --- Validation episode 29/126 ---
2025-10-25 01:17:48,553 [INFO] --- Validation episode 30/126 ---
2025-10-25 01:17:48,586 [INFO] --- Validation episode 31/126 ---
2025-10-25 01:17:48,617 [INFO] --- Validation episode 32/126 ---
2025-10-25 01:17:48,647 [INFO] --- Validation episode 33/126 ---
2025-10-25 01:17:48,670 [INFO] --- Validation episode 34/126 ---
2025-10-25 01:17:48,693 [INFO] --- Validation episode 35/126 ---
2025-10-25 01:17:48,716 [INFO] --- Validation episode 36/126 ---
2025-10-25 01:17:48,738 [INFO] --- Validation episode 37/126 ---
2025-10-25 01:17:48,759 [INFO] --- Validation episode 38/126 ---
2025-10-25 01:17:48,785 [INFO] --- Validation episode 39/126 ---
2025-10-25 01:17:48,818 [INFO] --- Validation episode 40/126 ---
2025-10-25 01:17:48,850 [INFO] --- Validation episode 41/126 ---
2025-10-25 01:17:48,880 [INFO] --- Validation episode 42/126 ---
2025-10-25 01:17:48,910 [INFO] --- Validation episode 43/126 ---
2025-10-25 01:17:48,942 [INFO] --- Validation episode 44/126 ---
2025-10-25 01:17:48,973 [INFO] --- Validation episode 45/126 ---
2025-10-25 01:17:49,003 [INFO] --- Validation episode 46/126 ---
2025-10-25 01:17:49,033 [INFO] --- Validation episode 47/126 ---
2025-10-25 01:17:49,065 [INFO] --- Validation episode 48/126 ---
2025-10-25 01:17:49,096 [INFO] --- Validation episode 49/126 ---
2025-10-25 01:17:49,126 [INFO] --- Validation episode 50/126 ---
2025-10-25 01:17:49,149 [INFO] --- Validation episode 51/126 ---
2025-10-25 01:17:49,171 [INFO] --- Validation episode 52/126 ---
2025-10-25 01:17:49,194 [INFO] --- Validation episode 53/126 ---
2025-10-25 01:17:49,216 [INFO] --- Validation episode 54/126 ---
2025-10-25 01:17:49,238 [INFO] --- Validation episode 55/126 ---
2025-10-25 01:17:49,259 [INFO] --- Validation episode 56/126 ---
2025-10-25 01:17:49,284 [INFO] --- Validation episode 57/126 ---
2025-10-25 01:17:49,306 [INFO] --- Validation episode 58/126 ---
2025-10-25 01:17:49,328 [INFO] --- Validation episode 59/126 ---
2025-10-25 01:17:49,349 [INFO] --- Validation episode 60/126 ---
2025-10-25 01:17:49,373 [INFO] --- Validation episode 61/126 ---
2025-10-25 01:17:49,396 [INFO] --- Validation episode 62/126 ---
2025-10-25 01:17:49,419 [INFO] --- Validation episode 63/126 ---
2025-10-25 01:17:49,440 [INFO] --- Validation episode 64/126 ---
2025-10-25 01:17:49,462 [INFO] --- Validation episode 65/126 ---
2025-10-25 01:17:49,484 [INFO] --- Validation episode 66/126 ---
2025-10-25 01:17:49,506 [INFO] --- Validation episode 67/126 ---
2025-10-25 01:17:49,529 [INFO] --- Validation episode 68/126 ---
2025-10-25 01:17:49,550 [INFO] --- Validation episode 69/126 ---
2025-10-25 01:17:49,572 [INFO] --- Validation episode 70/126 ---
2025-10-25 01:17:49,594 [INFO] --- Validation episode 71/126 ---
2025-10-25 01:17:49,618 [INFO] --- Validation episode 72/126 ---
2025-10-25 01:17:49,640 [INFO] --- Validation episode 73/126 ---
2025-10-25 01:17:49,661 [INFO] --- Validation episode 74/126 ---
2025-10-25 01:17:49,683 [INFO] --- Validation episode 75/126 ---
2025-10-25 01:17:49,706 [INFO] --- Validation episode 76/126 ---
2025-10-25 01:17:49,730 [INFO] --- Validation episode 77/126 ---
2025-10-25 01:17:49,753 [INFO] --- Validation episode 78/126 ---
2025-10-25 01:17:49,776 [INFO] --- Validation episode 79/126 ---
2025-10-25 01:17:49,797 [INFO] --- Validation episode 80/126 ---
2025-10-25 01:17:49,820 [INFO] --- Validation episode 81/126 ---
2025-10-25 01:17:49,842 [INFO] --- Validation episode 82/126 ---
2025-10-25 01:17:49,865 [INFO] --- Validation episode 83/126 ---
2025-10-25 01:17:49,886 [INFO] --- Validation episode 84/126 ---
2025-10-25 01:17:49,908 [INFO] --- Validation episode 85/126 ---
2025-10-25 01:17:49,940 [INFO] --- Validation episode 86/126 ---
2025-10-25 01:17:49,972 [INFO] --- Validation episode 87/126 ---
2025-10-25 01:17:50,002 [INFO] --- Validation episode 88/126 ---
2025-10-25 01:17:50,032 [INFO] --- Validation episode 89/126 ---
2025-10-25 01:17:50,063 [INFO] --- Validation episode 90/126 ---
2025-10-25 01:17:50,085 [INFO] --- Validation episode 91/126 ---
2025-10-25 01:17:50,108 [INFO] --- Validation episode 92/126 ---
2025-10-25 01:17:50,131 [INFO] --- Validation episode 93/126 ---
2025-10-25 01:17:50,153 [INFO] --- Validation episode 94/126 ---
2025-10-25 01:17:50,174 [INFO] --- Validation episode 95/126 ---
2025-10-25 01:17:50,207 [INFO] --- Validation episode 96/126 ---
2025-10-25 01:17:50,237 [INFO] --- Validation episode 97/126 ---
2025-10-25 01:17:50,259 [INFO] --- Validation episode 98/126 ---
2025-10-25 01:17:50,280 [INFO] --- Validation episode 99/126 ---
2025-10-25 01:17:50,302 [INFO] --- Validation episode 100/126 ---
2025-10-25 01:17:50,325 [INFO] --- Validation episode 101/126 ---
2025-10-25 01:17:50,350 [INFO] --- Validation episode 102/126 ---
2025-10-25 01:17:50,372 [INFO] --- Validation episode 103/126 ---
2025-10-25 01:17:50,393 [INFO] --- Validation episode 104/126 ---
2025-10-25 01:17:50,415 [INFO] --- Validation episode 105/126 ---
2025-10-25 01:17:50,437 [INFO] --- Validation episode 106/126 ---
2025-10-25 01:17:50,460 [INFO] --- Validation episode 107/126 ---
2025-10-25 01:17:50,482 [INFO] --- Validation episode 108/126 ---
2025-10-25 01:17:50,503 [INFO] --- Validation episode 109/126 ---
2025-10-25 01:17:50,525 [INFO] --- Validation episode 110/126 ---
2025-10-25 01:17:50,548 [INFO] --- Validation episode 111/126 ---
2025-10-25 01:17:50,571 [INFO] --- Validation episode 112/126 ---
2025-10-25 01:17:50,595 [INFO] --- Validation episode 113/126 ---
2025-10-25 01:17:50,616 [INFO] --- Validation episode 114/126 ---
2025-10-25 01:17:50,638 [INFO] --- Validation episode 115/126 ---
2025-10-25 01:17:50,659 [INFO] --- Validation episode 116/126 ---
2025-10-25 01:17:50,683 [INFO] --- Validation episode 117/126 ---
2025-10-25 01:17:50,708 [INFO] --- Validation episode 118/126 ---
2025-10-25 01:17:50,730 [INFO] --- Validation episode 119/126 ---
2025-10-25 01:17:50,752 [INFO] --- Validation episode 120/126 ---
2025-10-25 01:17:50,773 [INFO] --- Validation episode 121/126 ---
2025-10-25 01:17:50,798 [INFO] --- Validation episode 122/126 ---
2025-10-25 01:17:50,820 [INFO] --- Validation episode 123/126 ---
2025-10-25 01:17:50,843 [INFO] --- Validation episode 124/126 ---
2025-10-25 01:17:50,864 [INFO] --- Validation episode 125/126 ---
2025-10-25 01:17:50,887 [INFO] --- Validation episode 126/126 ---
2025-10-25 01:17:50,910 [INFO] --- Ep_53000 Validation Results: mean_reward=0.00814, Mean PnL: 92.91, Win rate: 59.92% ---
2025-10-25 01:17:50,910 [INFO] --- Finished Evaluation: Validation ---
2025-10-25 01:18:13,290 [INFO] --- Starting Evaluation: Validation, episodes=126 ---
2025-10-25 01:18:13,290 [INFO] --- Validation episode 1/126 ---
2025-10-25 01:18:13,312 [INFO] --- Validation episode 2/126 ---
2025-10-25 01:18:13,335 [INFO] --- Validation episode 3/126 ---
2025-10-25 01:18:13,357 [INFO] --- Validation episode 4/126 ---
2025-10-25 01:18:13,379 [INFO] --- Validation episode 5/126 ---
2025-10-25 01:18:13,400 [INFO] --- Validation episode 6/126 ---
2025-10-25 01:18:13,423 [INFO] --- Validation episode 7/126 ---
2025-10-25 01:18:13,445 [INFO] --- Validation episode 8/126 ---
2025-10-25 01:18:13,466 [INFO] --- Validation episode 9/126 ---
2025-10-25 01:18:13,488 [INFO] --- Validation episode 10/126 ---
2025-10-25 01:18:13,509 [INFO] --- Validation episode 11/126 ---
2025-10-25 01:18:13,540 [INFO] --- Validation episode 12/126 ---
2025-10-25 01:18:13,573 [INFO] --- Validation episode 13/126 ---
2025-10-25 01:18:13,604 [INFO] --- Validation episode 14/126 ---
2025-10-25 01:18:13,634 [INFO] --- Validation episode 15/126 ---
2025-10-25 01:18:13,664 [INFO] --- Validation episode 16/126 ---
2025-10-25 01:18:13,687 [INFO] --- Validation episode 17/126 ---
2025-10-25 01:18:13,710 [INFO] --- Validation episode 18/126 ---
2025-10-25 01:18:13,734 [INFO] --- Validation episode 19/126 ---
2025-10-25 01:18:13,757 [INFO] --- Validation episode 20/126 ---
2025-10-25 01:18:13,779 [INFO] --- Validation episode 21/126 ---
2025-10-25 01:18:13,802 [INFO] --- Validation episode 22/126 ---
2025-10-25 01:18:13,825 [INFO] --- Validation episode 23/126 ---
2025-10-25 01:18:13,848 [INFO] --- Validation episode 24/126 ---
2025-10-25 01:18:13,869 [INFO] --- Validation episode 25/126 ---
2025-10-25 01:18:13,891 [INFO] --- Validation episode 26/126 ---
2025-10-25 01:18:13,912 [INFO] --- Validation episode 27/126 ---
2025-10-25 01:18:13,936 [INFO] --- Validation episode 28/126 ---
2025-10-25 01:18:13,959 [INFO] --- Validation episode 29/126 ---
2025-10-25 01:18:13,982 [INFO] --- Validation episode 30/126 ---
2025-10-25 01:18:14,003 [INFO] --- Validation episode 31/126 ---
2025-10-25 01:18:14,026 [INFO] --- Validation episode 32/126 ---
2025-10-25 01:18:14,049 [INFO] --- Validation episode 33/126 ---
2025-10-25 01:18:14,072 [INFO] --- Validation episode 34/126 ---
2025-10-25 01:18:14,094 [INFO] --- Validation episode 35/126 ---
2025-10-25 01:18:14,115 [INFO] --- Validation episode 36/126 ---
2025-10-25 01:18:14,138 [INFO] --- Validation episode 37/126 ---
2025-10-25 01:18:14,161 [INFO] --- Validation episode 38/126 ---
2025-10-25 01:18:14,184 [INFO] --- Validation episode 39/126 ---
2025-10-25 01:18:14,205 [INFO] --- Validation episode 40/126 ---
2025-10-25 01:18:14,227 [INFO] --- Validation episode 41/126 ---
2025-10-25 01:18:14,249 [INFO] --- Validation episode 42/126 ---
2025-10-25 01:18:14,270 [INFO] --- Validation episode 43/126 ---
2025-10-25 01:18:14,292 [INFO] --- Validation episode 44/126 ---
2025-10-25 01:18:14,314 [INFO] --- Validation episode 45/126 ---
2025-10-25 01:18:14,336 [INFO] --- Validation episode 46/126 ---
2025-10-25 01:18:14,359 [INFO] --- Validation episode 47/126 ---
2025-10-25 01:18:14,382 [INFO] --- Validation episode 48/126 ---
2025-10-25 01:18:14,406 [INFO] --- Validation episode 49/126 ---
2025-10-25 01:18:14,427 [INFO] --- Validation episode 50/126 ---
2025-10-25 01:18:14,449 [INFO] --- Validation episode 51/126 ---
2025-10-25 01:18:14,481 [INFO] --- Validation episode 52/126 ---
2025-10-25 01:18:14,513 [INFO] --- Validation episode 53/126 ---
2025-10-25 01:18:14,543 [INFO] --- Validation episode 54/126 ---
2025-10-25 01:18:14,573 [INFO] --- Validation episode 55/126 ---
2025-10-25 01:18:14,604 [INFO] --- Validation episode 56/126 ---
2025-10-25 01:18:14,625 [INFO] --- Validation episode 57/126 ---
2025-10-25 01:18:14,649 [INFO] --- Validation episode 58/126 ---
2025-10-25 01:18:14,672 [INFO] --- Validation episode 59/126 ---
2025-10-25 01:18:14,694 [INFO] --- Validation episode 60/126 ---
2025-10-25 01:18:14,716 [INFO] --- Validation episode 61/126 ---
2025-10-25 01:18:14,740 [INFO] --- Validation episode 62/126 ---
2025-10-25 01:18:14,764 [INFO] --- Validation episode 63/126 ---
2025-10-25 01:18:14,786 [INFO] --- Validation episode 64/126 ---
2025-10-25 01:18:14,807 [INFO] --- Validation episode 65/126 ---
2025-10-25 01:18:14,829 [INFO] --- Validation episode 66/126 ---
2025-10-25 01:18:14,851 [INFO] --- Validation episode 67/126 ---
2025-10-25 01:18:14,879 [INFO] --- Validation episode 68/126 ---
2025-10-25 01:18:14,911 [INFO] --- Validation episode 69/126 ---
2025-10-25 01:18:14,941 [INFO] --- Validation episode 70/126 ---
2025-10-25 01:18:14,971 [INFO] --- Validation episode 71/126 ---
2025-10-25 01:18:14,993 [INFO] --- Validation episode 72/126 ---
2025-10-25 01:18:15,016 [INFO] --- Validation episode 73/126 ---
2025-10-25 01:18:15,039 [INFO] --- Validation episode 74/126 ---
2025-10-25 01:18:15,061 [INFO] --- Validation episode 75/126 ---
2025-10-25 01:18:15,083 [INFO] --- Validation episode 76/126 ---
2025-10-25 01:18:15,107 [INFO] --- Validation episode 77/126 ---
2025-10-25 01:18:15,130 [INFO] --- Validation episode 78/126 ---
2025-10-25 01:18:15,152 [INFO] --- Validation episode 79/126 ---
2025-10-25 01:18:15,173 [INFO] --- Validation episode 80/126 ---
2025-10-25 01:18:15,195 [INFO] --- Validation episode 81/126 ---
2025-10-25 01:18:15,216 [INFO] --- Validation episode 82/126 ---
2025-10-25 01:18:15,239 [INFO] --- Validation episode 83/126 ---
2025-10-25 01:18:15,262 [INFO] --- Validation episode 84/126 ---
2025-10-25 01:18:15,284 [INFO] --- Validation episode 85/126 ---
2025-10-25 01:18:15,306 [INFO] --- Validation episode 86/126 ---
2025-10-25 01:18:15,327 [INFO] --- Validation episode 87/126 ---
2025-10-25 01:18:15,351 [INFO] --- Validation episode 88/126 ---
2025-10-25 01:18:15,374 [INFO] --- Validation episode 89/126 ---
2025-10-25 01:18:15,396 [INFO] --- Validation episode 90/126 ---
2025-10-25 01:18:15,418 [INFO] --- Validation episode 91/126 ---
2025-10-25 01:18:15,442 [INFO] --- Validation episode 92/126 ---
2025-10-25 01:18:15,465 [INFO] --- Validation episode 93/126 ---
2025-10-25 01:18:15,488 [INFO] --- Validation episode 94/126 ---
2025-10-25 01:18:15,509 [INFO] --- Validation episode 95/126 ---
2025-10-25 01:18:15,531 [INFO] --- Validation episode 96/126 ---
2025-10-25 01:18:15,554 [INFO] --- Validation episode 97/126 ---
2025-10-25 01:18:15,577 [INFO] --- Validation episode 98/126 ---
2025-10-25 01:18:15,599 [INFO] --- Validation episode 99/126 ---
2025-10-25 01:18:15,620 [INFO] --- Validation episode 100/126 ---
2025-10-25 01:18:15,642 [INFO] --- Validation episode 101/126 ---
2025-10-25 01:18:15,663 [INFO] --- Validation episode 102/126 ---
2025-10-25 01:18:15,686 [INFO] --- Validation episode 103/126 ---
2025-10-25 01:18:15,708 [INFO] --- Validation episode 104/126 ---
2025-10-25 01:18:15,729 [INFO] --- Validation episode 105/126 ---
2025-10-25 01:18:15,752 [INFO] --- Validation episode 106/126 ---
2025-10-25 01:18:15,775 [INFO] --- Validation episode 107/126 ---
2025-10-25 01:18:15,799 [INFO] --- Validation episode 108/126 ---
2025-10-25 01:18:15,821 [INFO] --- Validation episode 109/126 ---
2025-10-25 01:18:15,842 [INFO] --- Validation episode 110/126 ---
2025-10-25 01:18:15,864 [INFO] --- Validation episode 111/126 ---
2025-10-25 01:18:15,886 [INFO] --- Validation episode 112/126 ---
2025-10-25 01:18:15,909 [INFO] --- Validation episode 113/126 ---
2025-10-25 01:18:15,932 [INFO] --- Validation episode 114/126 ---
2025-10-25 01:18:15,954 [INFO] --- Validation episode 115/126 ---
2025-10-25 01:18:15,975 [INFO] --- Validation episode 116/126 ---
2025-10-25 01:18:15,997 [INFO] --- Validation episode 117/126 ---
2025-10-25 01:18:16,021 [INFO] --- Validation episode 118/126 ---
2025-10-25 01:18:16,044 [INFO] --- Validation episode 119/126 ---
2025-10-25 01:18:16,067 [INFO] --- Validation episode 120/126 ---
2025-10-25 01:18:16,088 [INFO] --- Validation episode 121/126 ---
2025-10-25 01:18:16,112 [INFO] --- Validation episode 122/126 ---
2025-10-25 01:18:16,135 [INFO] --- Validation episode 123/126 ---
2025-10-25 01:18:16,157 [INFO] --- Validation episode 124/126 ---
2025-10-25 01:18:16,178 [INFO] --- Validation episode 125/126 ---
2025-10-25 01:18:16,200 [INFO] --- Validation episode 126/126 ---
2025-10-25 01:18:16,223 [INFO] --- Ep_54000 Validation Results: mean_reward=0.00894, Mean PnL: 90.78, Win rate: 62.70% ---
2025-10-25 01:18:16,223 [INFO] --- Finished Evaluation: Validation ---
2025-10-25 01:18:38,610 [INFO] --- Starting Evaluation: Validation, episodes=126 ---
2025-10-25 01:18:38,611 [INFO] --- Validation episode 1/126 ---
2025-10-25 01:18:38,642 [INFO] --- Validation episode 2/126 ---
2025-10-25 01:18:38,675 [INFO] --- Validation episode 3/126 ---
2025-10-25 01:18:38,707 [INFO] --- Validation episode 4/126 ---
2025-10-25 01:18:38,738 [INFO] --- Validation episode 5/126 ---
2025-10-25 01:18:38,764 [INFO] --- Validation episode 6/126 ---
2025-10-25 01:18:38,788 [INFO] --- Validation episode 7/126 ---
2025-10-25 01:18:38,809 [INFO] --- Validation episode 8/126 ---
2025-10-25 01:18:38,830 [INFO] --- Validation episode 9/126 ---
2025-10-25 01:18:38,851 [INFO] --- Validation episode 10/126 ---
2025-10-25 01:18:38,884 [INFO] --- Validation episode 11/126 ---
2025-10-25 01:18:38,916 [INFO] --- Validation episode 12/126 ---
2025-10-25 01:18:38,947 [INFO] --- Validation episode 13/126 ---
2025-10-25 01:18:38,977 [INFO] --- Validation episode 14/126 ---
2025-10-25 01:18:39,009 [INFO] --- Validation episode 15/126 ---
2025-10-25 01:18:39,042 [INFO] --- Validation episode 16/126 ---
2025-10-25 01:18:39,073 [INFO] --- Validation episode 17/126 ---
2025-10-25 01:18:39,103 [INFO] --- Validation episode 18/126 ---
2025-10-25 01:18:39,126 [INFO] --- Validation episode 19/126 ---
2025-10-25 01:18:39,148 [INFO] --- Validation episode 20/126 ---
2025-10-25 01:18:39,172 [INFO] --- Validation episode 21/126 ---
2025-10-25 01:18:39,193 [INFO] --- Validation episode 22/126 ---
2025-10-25 01:18:39,215 [INFO] --- Validation episode 23/126 ---
2025-10-25 01:18:39,238 [INFO] --- Validation episode 24/126 ---
2025-10-25 01:18:39,260 [INFO] --- Validation episode 25/126 ---
2025-10-25 01:18:39,283 [INFO] --- Validation episode 26/126 ---
2025-10-25 01:18:39,306 [INFO] --- Validation episode 27/126 ---
2025-10-25 01:18:39,327 [INFO] --- Validation episode 28/126 ---
2025-10-25 01:18:39,348 [INFO] --- Validation episode 29/126 ---
2025-10-25 01:18:39,373 [INFO] --- Validation episode 30/126 ---
2025-10-25 01:18:39,396 [INFO] --- Validation episode 31/126 ---
2025-10-25 01:18:39,417 [INFO] --- Validation episode 32/126 ---
2025-10-25 01:18:39,439 [INFO] --- Validation episode 33/126 ---
2025-10-25 01:18:39,462 [INFO] --- Validation episode 34/126 ---
2025-10-25 01:18:39,485 [INFO] --- Validation episode 35/126 ---
2025-10-25 01:18:39,507 [INFO] --- Validation episode 36/126 ---
2025-10-25 01:18:39,528 [INFO] --- Validation episode 37/126 ---
2025-10-25 01:18:39,549 [INFO] --- Validation episode 38/126 ---
2025-10-25 01:18:39,573 [INFO] --- Validation episode 39/126 ---
2025-10-25 01:18:39,595 [INFO] --- Validation episode 40/126 ---
2025-10-25 01:18:39,618 [INFO] --- Validation episode 41/126 ---
2025-10-25 01:18:39,639 [INFO] --- Validation episode 42/126 ---
2025-10-25 01:18:39,660 [INFO] --- Validation episode 43/126 ---
2025-10-25 01:18:39,682 [INFO] --- Validation episode 44/126 ---
2025-10-25 01:18:39,704 [INFO] --- Validation episode 45/126 ---
2025-10-25 01:18:39,726 [INFO] --- Validation episode 46/126 ---
2025-10-25 01:18:39,749 [INFO] --- Validation episode 47/126 ---
2025-10-25 01:18:39,772 [INFO] --- Validation episode 48/126 ---
2025-10-25 01:18:39,795 [INFO] --- Validation episode 49/126 ---
2025-10-25 01:18:39,818 [INFO] --- Validation episode 50/126 ---
2025-10-25 01:18:39,841 [INFO] --- Validation episode 51/126 ---
2025-10-25 01:18:39,863 [INFO] --- Validation episode 52/126 ---
2025-10-25 01:18:39,885 [INFO] --- Validation episode 53/126 ---
2025-10-25 01:18:39,908 [INFO] --- Validation episode 54/126 ---
2025-10-25 01:18:39,931 [INFO] --- Validation episode 55/126 ---
2025-10-25 01:18:39,955 [INFO] --- Validation episode 56/126 ---
2025-10-25 01:18:39,976 [INFO] --- Validation episode 57/126 ---
2025-10-25 01:18:39,998 [INFO] --- Validation episode 58/126 ---
2025-10-25 01:18:40,020 [INFO] --- Validation episode 59/126 ---
2025-10-25 01:18:40,044 [INFO] --- Validation episode 60/126 ---
2025-10-25 01:18:40,066 [INFO] --- Validation episode 61/126 ---
2025-10-25 01:18:40,088 [INFO] --- Validation episode 62/126 ---
2025-10-25 01:18:40,109 [INFO] --- Validation episode 63/126 ---
2025-10-25 01:18:40,132 [INFO] --- Validation episode 64/126 ---
2025-10-25 01:18:40,157 [INFO] --- Validation episode 65/126 ---
2025-10-25 01:18:40,179 [INFO] --- Validation episode 66/126 ---
2025-10-25 01:18:40,200 [INFO] --- Validation episode 67/126 ---
2025-10-25 01:18:40,222 [INFO] --- Validation episode 68/126 ---
2025-10-25 01:18:40,244 [INFO] --- Validation episode 69/126 ---
2025-10-25 01:18:40,267 [INFO] --- Validation episode 70/126 ---
2025-10-25 01:18:40,292 [INFO] --- Validation episode 71/126 ---
2025-10-25 01:18:40,313 [INFO] --- Validation episode 72/126 ---
2025-10-25 01:18:40,334 [INFO] --- Validation episode 73/126 ---
2025-10-25 01:18:40,357 [INFO] --- Validation episode 74/126 ---
2025-10-25 01:18:40,380 [INFO] --- Validation episode 75/126 ---
2025-10-25 01:18:40,403 [INFO] --- Validation episode 76/126 ---
2025-10-25 01:18:40,424 [INFO] --- Validation episode 77/126 ---
2025-10-25 01:18:40,446 [INFO] --- Validation episode 78/126 ---
2025-10-25 01:18:40,467 [INFO] --- Validation episode 79/126 ---
2025-10-25 01:18:40,491 [INFO] --- Validation episode 80/126 ---
2025-10-25 01:18:40,514 [INFO] --- Validation episode 81/126 ---
2025-10-25 01:18:40,536 [INFO] --- Validation episode 82/126 ---
2025-10-25 01:18:40,557 [INFO] --- Validation episode 83/126 ---
2025-10-25 01:18:40,580 [INFO] --- Validation episode 84/126 ---
2025-10-25 01:18:40,604 [INFO] --- Validation episode 85/126 ---
2025-10-25 01:18:40,626 [INFO] --- Validation episode 86/126 ---
2025-10-25 01:18:40,647 [INFO] --- Validation episode 87/126 ---
2025-10-25 01:18:40,668 [INFO] --- Validation episode 88/126 ---
2025-10-25 01:18:40,692 [INFO] --- Validation episode 89/126 ---
2025-10-25 01:18:40,714 [INFO] --- Validation episode 90/126 ---
2025-10-25 01:18:40,739 [INFO] --- Validation episode 91/126 ---
2025-10-25 01:18:40,761 [INFO] --- Validation episode 92/126 ---
2025-10-25 01:18:40,782 [INFO] --- Validation episode 93/126 ---
2025-10-25 01:18:40,805 [INFO] --- Validation episode 94/126 ---
2025-10-25 01:18:40,829 [INFO] --- Validation episode 95/126 ---
2025-10-25 01:18:40,851 [INFO] --- Validation episode 96/126 ---
2025-10-25 01:18:40,872 [INFO] --- Validation episode 97/126 ---
2025-10-25 01:18:40,894 [INFO] --- Validation episode 98/126 ---
2025-10-25 01:18:40,916 [INFO] --- Validation episode 99/126 ---
2025-10-25 01:18:40,940 [INFO] --- Validation episode 100/126 ---
2025-10-25 01:18:40,963 [INFO] --- Validation episode 101/126 ---
2025-10-25 01:18:40,984 [INFO] --- Validation episode 102/126 ---
2025-10-25 01:18:41,005 [INFO] --- Validation episode 103/126 ---
2025-10-25 01:18:41,028 [INFO] --- Validation episode 104/126 ---
2025-10-25 01:18:41,051 [INFO] --- Validation episode 105/126 ---
2025-10-25 01:18:41,073 [INFO] --- Validation episode 106/126 ---
2025-10-25 01:18:41,094 [INFO] --- Validation episode 107/126 ---
2025-10-25 01:18:41,116 [INFO] --- Validation episode 108/126 ---
2025-10-25 01:18:41,139 [INFO] --- Validation episode 109/126 ---
2025-10-25 01:18:41,161 [INFO] --- Validation episode 110/126 ---
2025-10-25 01:18:41,183 [INFO] --- Validation episode 111/126 ---
2025-10-25 01:18:41,205 [INFO] --- Validation episode 112/126 ---
2025-10-25 01:18:41,226 [INFO] --- Validation episode 113/126 ---
2025-10-25 01:18:41,249 [INFO] --- Validation episode 114/126 ---
2025-10-25 01:18:41,272 [INFO] --- Validation episode 115/126 ---
2025-10-25 01:18:41,295 [INFO] --- Validation episode 116/126 ---
2025-10-25 01:18:41,316 [INFO] --- Validation episode 117/126 ---
2025-10-25 01:18:41,338 [INFO] --- Validation episode 118/126 ---
2025-10-25 01:18:41,361 [INFO] --- Validation episode 119/126 ---
2025-10-25 01:18:41,382 [INFO] --- Validation episode 120/126 ---
2025-10-25 01:18:41,405 [INFO] --- Validation episode 121/126 ---
2025-10-25 01:18:41,426 [INFO] --- Validation episode 122/126 ---
2025-10-25 01:18:41,447 [INFO] --- Validation episode 123/126 ---
2025-10-25 01:18:41,469 [INFO] --- Validation episode 124/126 ---
2025-10-25 01:18:41,509 [INFO] --- Validation episode 125/126 ---
2025-10-25 01:18:41,540 [INFO] --- Validation episode 126/126 ---
2025-10-25 01:18:41,565 [INFO] --- Ep_55000 Validation Results: mean_reward=0.00881, Mean PnL: 90.53, Win rate: 52.66% ---
2025-10-25 01:18:41,565 [INFO] --- Finished Evaluation: Validation ---
2025-10-25 01:18:41,590 [INFO] Checkpoint saved to output\alpha\saved_models\rl_binance_futures_trading_date_20251025_time_005510\final.pth (policy+target+optimizer+scaler+meta).
2025-10-25 01:18:41,590 [INFO] Final model saved: output\alpha\saved_models\rl_binance_futures_trading_date_20251025_time_005510\final.pth
2025-10-25 01:18:44,156 [INFO] Saved reward plot: output\alpha\plots\rl_binance_futures_trading_date_20251025_time_005510\training_rewards.png
2025-10-25 01:18:44,889 [INFO] Saved loss plot: output\alpha\plots\rl_binance_futures_trading_date_20251025_time_005510\training_losses.png
2025-10-25 01:18:50,396 [INFO] Saved Win Rate plot: output\alpha\plots\rl_binance_futures_trading_date_20251025_time_005510\training_win_rate.png
2025-10-25 01:18:51,060 [INFO] Saved epsilon-greedy plot: output\alpha\plots\rl_binance_futures_trading_date_20251025_time_005510\epsilon_decay.png
2025-10-25 01:18:51,118 [INFO] Model loaded from output\alpha\saved_models\rl_binance_futures_trading_date_20251025_time_005510\best.pth (checkpoint).
2025-10-25 01:18:51,119 [INFO] Testing model: output\alpha\saved_models\rl_binance_futures_trading_date_20251025_time_005510\best.pth
2025-10-25 01:18:51,119 [INFO] --- Starting Evaluation: Test, episodes=154 ---
2025-10-25 01:18:51,120 [INFO] --- Validation episode 1/154 ---
2025-10-25 01:18:51,138 [INFO] --- Validation episode 2/154 ---
2025-10-25 01:18:51,164 [INFO] --- Validation episode 3/154 ---
2025-10-25 01:18:51,192 [INFO] --- Validation episode 4/154 ---
2025-10-25 01:18:51,217 [INFO] --- Validation episode 5/154 ---
2025-10-25 01:18:51,242 [INFO] --- Validation episode 6/154 ---
2025-10-25 01:18:51,263 [INFO] --- Validation episode 7/154 ---
2025-10-25 01:18:51,289 [INFO] --- Validation episode 8/154 ---
2025-10-25 01:18:51,315 [INFO] --- Validation episode 9/154 ---
2025-10-25 01:18:51,340 [INFO] --- Validation episode 10/154 ---
2025-10-25 01:18:51,364 [INFO] --- Validation episode 11/154 ---
2025-10-25 01:18:51,383 [INFO] --- Validation episode 12/154 ---
2025-10-25 01:18:51,404 [INFO] --- Validation episode 13/154 ---
2025-10-25 01:18:51,425 [INFO] --- Validation episode 14/154 ---
2025-10-25 01:18:51,445 [INFO] --- Validation episode 15/154 ---
2025-10-25 01:18:51,464 [INFO] --- Validation episode 16/154 ---
2025-10-25 01:18:51,484 [INFO] --- Validation episode 17/154 ---
2025-10-25 01:18:51,505 [INFO] --- Validation episode 18/154 ---
2025-10-25 01:18:51,524 [INFO] --- Validation episode 19/154 ---
2025-10-25 01:18:51,544 [INFO] --- Validation episode 20/154 ---
2025-10-25 01:18:51,563 [INFO] --- Validation episode 21/154 ---
2025-10-25 01:18:51,582 [INFO] --- Validation episode 22/154 ---
2025-10-25 01:18:51,603 [INFO] --- Validation episode 23/154 ---
2025-10-25 01:18:51,623 [INFO] --- Validation episode 24/154 ---
2025-10-25 01:18:51,642 [INFO] --- Validation episode 25/154 ---
2025-10-25 01:18:51,662 [INFO] --- Validation episode 26/154 ---
2025-10-25 01:18:51,681 [INFO] --- Validation episode 27/154 ---
2025-10-25 01:18:51,700 [INFO] --- Validation episode 28/154 ---
2025-10-25 01:18:51,720 [INFO] --- Validation episode 29/154 ---
2025-10-25 01:18:51,740 [INFO] --- Validation episode 30/154 ---
2025-10-25 01:18:51,761 [INFO] --- Validation episode 31/154 ---
2025-10-25 01:18:51,782 [INFO] --- Validation episode 32/154 ---
2025-10-25 01:18:51,802 [INFO] --- Validation episode 33/154 ---
2025-10-25 01:18:51,823 [INFO] --- Validation episode 34/154 ---
2025-10-25 01:18:51,844 [INFO] --- Validation episode 35/154 ---
2025-10-25 01:18:51,864 [INFO] --- Validation episode 36/154 ---
2025-10-25 01:18:51,883 [INFO] --- Validation episode 37/154 ---
2025-10-25 01:18:51,903 [INFO] --- Validation episode 38/154 ---
2025-10-25 01:18:51,922 [INFO] --- Validation episode 39/154 ---
2025-10-25 01:18:51,942 [INFO] --- Validation episode 40/154 ---
2025-10-25 01:18:51,962 [INFO] --- Validation episode 41/154 ---
2025-10-25 01:18:51,982 [INFO] --- Validation episode 42/154 ---
2025-10-25 01:18:52,001 [INFO] --- Validation episode 43/154 ---
2025-10-25 01:18:52,021 [INFO] --- Validation episode 44/154 ---
2025-10-25 01:18:52,041 [INFO] --- Validation episode 45/154 ---
2025-10-25 01:18:52,062 [INFO] --- Validation episode 46/154 ---
2025-10-25 01:18:52,081 [INFO] --- Validation episode 47/154 ---
2025-10-25 01:18:52,100 [INFO] --- Validation episode 48/154 ---
2025-10-25 01:18:52,120 [INFO] --- Validation episode 49/154 ---
2025-10-25 01:18:52,140 [INFO] --- Validation episode 50/154 ---
2025-10-25 01:18:52,160 [INFO] --- Validation episode 51/154 ---
2025-10-25 01:18:52,182 [INFO] --- Validation episode 52/154 ---
2025-10-25 01:18:52,201 [INFO] --- Validation episode 53/154 ---
2025-10-25 01:18:52,221 [INFO] --- Validation episode 54/154 ---
2025-10-25 01:18:52,240 [INFO] --- Validation episode 55/154 ---
2025-10-25 01:18:52,260 [INFO] --- Validation episode 56/154 ---
2025-10-25 01:18:52,281 [INFO] --- Validation episode 57/154 ---
2025-10-25 01:18:52,301 [INFO] --- Validation episode 58/154 ---
2025-10-25 01:18:52,320 [INFO] --- Validation episode 59/154 ---
2025-10-25 01:18:52,340 [INFO] --- Validation episode 60/154 ---
2025-10-25 01:18:52,359 [INFO] --- Validation episode 61/154 ---
2025-10-25 01:18:52,378 [INFO] --- Validation episode 62/154 ---
2025-10-25 01:18:52,397 [INFO] --- Validation episode 63/154 ---
2025-10-25 01:18:52,417 [INFO] --- Validation episode 64/154 ---
2025-10-25 01:18:52,435 [INFO] --- Validation episode 65/154 ---
2025-10-25 01:18:52,454 [INFO] --- Validation episode 66/154 ---
2025-10-25 01:18:52,472 [INFO] --- Validation episode 67/154 ---
2025-10-25 01:18:52,492 [INFO] --- Validation episode 68/154 ---
2025-10-25 01:18:52,513 [INFO] --- Validation episode 69/154 ---
2025-10-25 01:18:52,531 [INFO] --- Validation episode 70/154 ---
2025-10-25 01:18:52,549 [INFO] --- Validation episode 71/154 ---
2025-10-25 01:18:52,568 [INFO] --- Validation episode 72/154 ---
2025-10-25 01:18:52,586 [INFO] --- Validation episode 73/154 ---
2025-10-25 01:18:52,605 [INFO] --- Validation episode 74/154 ---
2025-10-25 01:18:52,625 [INFO] --- Validation episode 75/154 ---
2025-10-25 01:18:52,643 [INFO] --- Validation episode 76/154 ---
2025-10-25 01:18:52,662 [INFO] --- Validation episode 77/154 ---
2025-10-25 01:18:52,680 [INFO] --- Validation episode 78/154 ---
2025-10-25 01:18:52,699 [INFO] --- Validation episode 79/154 ---
2025-10-25 01:18:52,717 [INFO] --- Validation episode 80/154 ---
2025-10-25 01:18:52,736 [INFO] --- Validation episode 81/154 ---
2025-10-25 01:18:52,756 [INFO] --- Validation episode 82/154 ---
2025-10-25 01:18:52,774 [INFO] --- Validation episode 83/154 ---
2025-10-25 01:18:52,793 [INFO] --- Validation episode 84/154 ---
2025-10-25 01:18:52,813 [INFO] --- Validation episode 85/154 ---
2025-10-25 01:18:52,832 [INFO] --- Validation episode 86/154 ---
2025-10-25 01:18:52,852 [INFO] --- Validation episode 87/154 ---
2025-10-25 01:18:52,871 [INFO] --- Validation episode 88/154 ---
2025-10-25 01:18:52,889 [INFO] --- Validation episode 89/154 ---
2025-10-25 01:18:52,908 [INFO] --- Validation episode 90/154 ---
2025-10-25 01:18:52,926 [INFO] --- Validation episode 91/154 ---
2025-10-25 01:18:52,945 [INFO] --- Validation episode 92/154 ---
2025-10-25 01:18:52,965 [INFO] --- Validation episode 93/154 ---
2025-10-25 01:18:52,984 [INFO] --- Validation episode 94/154 ---
2025-10-25 01:18:53,002 [INFO] --- Validation episode 95/154 ---
2025-10-25 01:18:53,020 [INFO] --- Validation episode 96/154 ---
2025-10-25 01:18:53,038 [INFO] --- Validation episode 97/154 ---
2025-10-25 01:18:53,057 [INFO] --- Validation episode 98/154 ---
2025-10-25 01:18:53,077 [INFO] --- Validation episode 99/154 ---
2025-10-25 01:18:53,096 [INFO] --- Validation episode 100/154 ---
2025-10-25 01:18:53,115 [INFO] --- Validation episode 101/154 ---
2025-10-25 01:18:53,137 [INFO] --- Validation episode 102/154 ---
2025-10-25 01:18:53,158 [INFO] --- Validation episode 103/154 ---
2025-10-25 01:18:53,178 [INFO] --- Validation episode 104/154 ---
2025-10-25 01:18:53,201 [INFO] --- Validation episode 105/154 ---
2025-10-25 01:18:53,223 [INFO] --- Validation episode 106/154 ---
2025-10-25 01:18:53,243 [INFO] --- Validation episode 107/154 ---
2025-10-25 01:18:53,262 [INFO] --- Validation episode 108/154 ---
2025-10-25 01:18:53,281 [INFO] --- Validation episode 109/154 ---
2025-10-25 01:18:53,301 [INFO] --- Validation episode 110/154 ---
2025-10-25 01:18:53,322 [INFO] --- Validation episode 111/154 ---
2025-10-25 01:18:53,341 [INFO] --- Validation episode 112/154 ---
2025-10-25 01:18:53,360 [INFO] --- Validation episode 113/154 ---
2025-10-25 01:18:53,378 [INFO] --- Validation episode 114/154 ---
2025-10-25 01:18:53,397 [INFO] --- Validation episode 115/154 ---
2025-10-25 01:18:53,416 [INFO] --- Validation episode 116/154 ---
2025-10-25 01:18:53,437 [INFO] --- Validation episode 117/154 ---
2025-10-25 01:18:53,456 [INFO] --- Validation episode 118/154 ---
2025-10-25 01:18:53,475 [INFO] --- Validation episode 119/154 ---
2025-10-25 01:18:53,493 [INFO] --- Validation episode 120/154 ---
2025-10-25 01:18:53,512 [INFO] --- Validation episode 121/154 ---
2025-10-25 01:18:53,533 [INFO] --- Validation episode 122/154 ---
2025-10-25 01:18:53,552 [INFO] --- Validation episode 123/154 ---
2025-10-25 01:18:53,570 [INFO] --- Validation episode 124/154 ---
2025-10-25 01:18:53,589 [INFO] --- Validation episode 125/154 ---
2025-10-25 01:18:53,607 [INFO] --- Validation episode 126/154 ---
2025-10-25 01:18:53,626 [INFO] --- Validation episode 127/154 ---
2025-10-25 01:18:53,646 [INFO] --- Validation episode 128/154 ---
2025-10-25 01:18:53,666 [INFO] --- Validation episode 129/154 ---
2025-10-25 01:18:53,686 [INFO] --- Validation episode 130/154 ---
2025-10-25 01:18:53,704 [INFO] --- Validation episode 131/154 ---
2025-10-25 01:18:53,723 [INFO] --- Validation episode 132/154 ---
2025-10-25 01:18:53,743 [INFO] --- Validation episode 133/154 ---
2025-10-25 01:18:53,768 [INFO] --- Validation episode 134/154 ---
2025-10-25 01:18:53,796 [INFO] --- Validation episode 135/154 ---
2025-10-25 01:18:53,823 [INFO] --- Validation episode 136/154 ---
2025-10-25 01:18:53,849 [INFO] --- Validation episode 137/154 ---
2025-10-25 01:18:53,873 [INFO] --- Validation episode 138/154 ---
2025-10-25 01:18:53,899 [INFO] --- Validation episode 139/154 ---
2025-10-25 01:18:53,919 [INFO] --- Validation episode 140/154 ---
2025-10-25 01:18:53,939 [INFO] --- Validation episode 141/154 ---
2025-10-25 01:18:53,957 [INFO] --- Validation episode 142/154 ---
2025-10-25 01:18:53,975 [INFO] --- Validation episode 143/154 ---
2025-10-25 01:18:53,994 [INFO] --- Validation episode 144/154 ---
2025-10-25 01:18:54,012 [INFO] --- Validation episode 145/154 ---
2025-10-25 01:18:54,032 [INFO] --- Validation episode 146/154 ---
2025-10-25 01:18:54,051 [INFO] --- Validation episode 147/154 ---
2025-10-25 01:18:54,070 [INFO] --- Validation episode 148/154 ---
2025-10-25 01:18:54,088 [INFO] --- Validation episode 149/154 ---
2025-10-25 01:18:54,107 [INFO] --- Validation episode 150/154 ---
2025-10-25 01:18:54,125 [INFO] --- Validation episode 151/154 ---
2025-10-25 01:18:54,144 [INFO] --- Validation episode 152/154 ---
2025-10-25 01:18:54,163 [INFO] --- Validation episode 153/154 ---
2025-10-25 01:18:54,182 [INFO] --- Validation episode 154/154 ---
2025-10-25 01:18:54,201 [INFO] --- Test Results: mean_reward=0.01987, Mean PnL: 200.83, Win rate: 62.28% ---
2025-10-25 01:18:54,201 [INFO] --- Finished Evaluation: Test ---
2025-10-25 01:18:54,202 [INFO] Starting to generate test distribution plots in: output\alpha\plots\rl_binance_futures_trading_date_20251025_time_005510
2025-10-25 01:18:54,735 [INFO] Saved PnL distribution plot: output\alpha\plots\rl_binance_futures_trading_date_20251025_time_005510\test_pnl_distribution.png
2025-10-25 01:18:54,735 [WARNING] Test_all_reward is missing or empty – skipping Reward plot.
2025-10-25 01:18:54,736 [WARNING] Test_all_win_rate is missing or empty – skipping Win Rate plot.
2025-10-25 01:18:54,736 [INFO] All test plots generated successfully.
2025-10-25 01:18:54,736 [INFO] TradingEnvironment closed.
2025-10-25 01:18:54,736 [INFO] TradingEnvironment closed.
2025-10-25 01:18:54,736 [INFO] TradingEnvironment closed.
2025-10-25 01:18:54,736 [INFO] TradingEnvironment closed.
2025-10-25 01:18:54,736 [INFO] TradingEnvironment closed.
2025-10-25 01:18:54,736 [INFO] TradingEnvironment closed.
